S.No,Year,Month,State,Occupation,Item,Men,Women
1,2025-2026,Jan,"ANDHRA PRADESH",Agriculture,"Ploughing/Tilling workers",691.65,@
2,2025-2026,Jan,"ANDHRA PRADESH",Agriculture,"Sowing(including Planting/Transplanting/ Weeding) workers)
",613.3099999999999,443.87
3,2025-2026,Jan,"ANDHRA PRADESH",Agriculture,"Harvesting/Winnowing/Threshing workers
",623.74,423.16
4,2025-2026,Jan,"ANDHRA PRADESH",Agriculture,"Picking workers (including Tea, Cotton, Tobacco and other commercial crops)
",456.9,422.82
5,2025-2026,Jan,"ANDHRA PRADESH",Agriculture,"Horticulture workers (including nursery growers)
",583.36,444.95
6,2025-2026,Jan,"ANDHRA PRADESH",Agriculture,"Fishermen-inland
",@,-
7,2025-2026,Jan,"ANDHRA PRADESH",Agriculture,"Fishermen-coastal/deep-sea
",-,-
8,2025-2026,Jan,"ANDHRA PRADESH",Agriculture,"Loggers and wood cutters
",631.14,-
9,2025-2026,Jan,"ANDHRA PRADESH",Agriculture,"Animal husbandry workers (including poultry workers, dairy workers & herdsman)
",@,@
10,2025-2026,Jan,"ANDHRA PRADESH",Agriculture,"Packaging labourers, agriculture
",@,@
11,2025-2026,Jan,"ANDHRA PRADESH",Agriculture,"General agricultural labourers (including watering/irrigation workers, etc.)
",599.4400000000001,433.71
12,2025-2026,Jan,"ANDHRA PRADESH",Agriculture,"Plant protection workers (applying pesticides, treating seeds, etc.
",896.83,-
13,2024-2025,Jan,"ANDHRA PRADESH",Agriculture,"Fishermen-coastal/deep-sea
",-,-
14,2024-2025,Jan,"ANDHRA PRADESH",Agriculture,"Loggers and wood cutters
",517.02,-
15,2024-2025,Jan,"ANDHRA PRADESH",Agriculture,"Animal husbandry workers (including poultry workers, dairy workers & herdsman)
",344.62,@
16,2024-2025,Jan,"ANDHRA PRADESH",Agriculture,"Packaging labourers, agriculture
",@,@
17,2024-2025,Jan,"ANDHRA PRADESH",Agriculture,"General agricultural labourers (including watering/irrigation workers, etc.)
",465.76,339.80
18,2024-2025,Jan,"ANDHRA PRADESH",Agriculture,"Plant protection workers (applying pesticides, treating seeds, etc.
",706.52,@
19,2024-2025,Jan,"ANDHRA PRADESH",Agriculture,"Ploughing/Tilling workers",642.48,@
20,2024-2025,Jan,"ANDHRA PRADESH",Agriculture,"Sowing(including Planting/Transplanting/ Weeding) workers)
",536.60,414.69
21,2024-2025,Jan,"ANDHRA PRADESH",Agriculture,"Harvesting/Winnowing/Threshing workers
",553.91,416.01
22,2024-2025,Jan,"ANDHRA PRADESH",Agriculture,"Picking workers (including Tea, Cotton, Tobacco and other commercial crops)
",452.73,386.34
23,2024-2025,Jan,"ANDHRA PRADESH",Agriculture,"Horticulture workers (including nursery growers)
",@,316.00
24,2024-2025,Jan,"ANDHRA PRADESH",Agriculture,"Fishermen-inland
",@,@
25,2024-2025,Jan,ASSAM,Agriculture,"Ploughing/Tilling workers",452.72,@
26,2024-2025,Jan,ASSAM,Agriculture,"Sowing(including Planting/Transplanting/ Weeding) workers)
",420.56,338.52
27,2024-2025,Jan,ASSAM,Agriculture,"Harvesting/Winnowing/Threshing workers
",408.04,332.78
28,2024-2025,Jan,ASSAM,Agriculture,"Picking workers (including Tea, Cotton, Tobacco and other commercial crops)
",@,@
29,2024-2025,Jan,ASSAM,Agriculture,"Horticulture workers (including nursery growers)
",-,342.22
30,2024-2025,Jan,ASSAM,Agriculture,"Fishermen-inland
",-,-
31,2024-2025,Jan,ASSAM,Agriculture,"Fishermen-coastal/deep-sea
",-,-
32,2024-2025,Jan,ASSAM,Agriculture,"Loggers and wood cutters
",383.00,-
33,2024-2025,Jan,ASSAM,Agriculture,"Animal husbandry workers (including poultry workers, dairy workers & herdsman)
",298.33,-
34,2024-2025,Jan,ASSAM,Agriculture,"Packaging labourers, agriculture
",374.00,@
35,2024-2025,Jan,ASSAM,Agriculture,"General agricultural labourers (including watering/irrigation workers, etc.)
",397.89,356.67
36,2024-2025,Jan,ASSAM,Agriculture,"Plant protection workers (applying pesticides, treating seeds, etc.
",@,@
37,2025-2026,Jan,ASSAM,Agriculture,"Ploughing/Tilling workers",513.53,@
38,2025-2026,Jan,ASSAM,Agriculture,"Sowing(including Planting/Transplanting/ Weeding) workers)
",412.4,374.29
39,2025-2026,Jan,ASSAM,Agriculture,"Harvesting/Winnowing/Threshing workers
",462.13,387.18
40,2025-2026,Jan,ASSAM,Agriculture,"Picking workers (including Tea, Cotton, Tobacco and other commercial crops)
",@,@
41,2025-2026,Jan,ASSAM,Agriculture,"Horticulture workers (including nursery growers)
",436.01,340
42,2025-2026,Jan,ASSAM,Agriculture,"Fishermen-inland
",517.62,-
43,2025-2026,Jan,ASSAM,Agriculture,"Fishermen-coastal/deep-sea
",-,-
44,2025-2026,Jan,ASSAM,Agriculture,"Loggers and wood cutters
",468.79,-
45,2025-2026,Jan,ASSAM,Agriculture,"Animal husbandry workers (including poultry workers, dairy workers & herdsman)
",446.09,473
46,2025-2026,Jan,ASSAM,Agriculture,"Packaging labourers, agriculture
",@,@
47,2025-2026,Jan,ASSAM,Agriculture,"General agricultural labourers (including watering/irrigation workers, etc.)
",403.56,360.63
48,2025-2026,Jan,ASSAM,Agriculture,"Plant protection workers (applying pesticides, treating seeds, etc.
",437.29,@
49,2025-2026,Jan,BIHAR,Agriculture,"Ploughing/Tilling workers",439.66,320
50,2025-2026,Jan,BIHAR,Agriculture,"Sowing(including Planting/Transplanting/ Weeding) workers)
",396.4,338.37
51,2025-2026,Jan,BIHAR,Agriculture,"Harvesting/Winnowing/Threshing workers
",390.72,336.33
52,2025-2026,Jan,BIHAR,Agriculture,"Picking workers (including Tea, Cotton, Tobacco and other commercial crops)
",@,@
53,2025-2026,Jan,BIHAR,Agriculture,"Horticulture workers (including nursery growers)
",344.44,291.67
54,2025-2026,Jan,BIHAR,Agriculture,"Fishermen-inland
",450,-
55,2025-2026,Jan,BIHAR,Agriculture,"Fishermen-coastal/deep-sea
",-,-
56,2025-2026,Jan,BIHAR,Agriculture,"Loggers and wood cutters
",529.1799999999999,-
57,2025-2026,Jan,BIHAR,Agriculture,"Animal husbandry workers (including poultry workers, dairy workers & herdsman)
",376.82,@
58,2025-2026,Jan,BIHAR,Agriculture,"Packaging labourers, agriculture
",338.89,285
59,2025-2026,Jan,BIHAR,Agriculture,"General agricultural labourers (including watering/irrigation workers, etc.)
",383.68,300
60,2025-2026,Jan,BIHAR,Agriculture,"Plant protection workers (applying pesticides, treating seeds, etc.
",386.91,282.14
61,2024-2025,Jan,BIHAR,Agriculture,"Fishermen-coastal/deep-sea
",-,-
62,2024-2025,Jan,BIHAR,Agriculture,"Loggers and wood cutters
",485.46,-
63,2024-2025,Jan,BIHAR,Agriculture,"Animal husbandry workers (including poultry workers, dairy workers & herdsman)
",310.66,301.67
64,2024-2025,Jan,BIHAR,Agriculture,"Packaging labourers, agriculture
",332.69,323.33
65,2024-2025,Jan,BIHAR,Agriculture,"General agricultural labourers (including watering/irrigation workers, etc.)
",370.81,332.83
66,2024-2025,Jan,BIHAR,Agriculture,"Plant protection workers (applying pesticides, treating seeds, etc.
",391.36,@
67,2024-2025,Jan,BIHAR,Agriculture,"Ploughing/Tilling workers",418.98,-
68,2024-2025,Jan,BIHAR,Agriculture,"Sowing(including Planting/Transplanting/ Weeding) workers)
",403.96,342.14
69,2024-2025,Jan,BIHAR,Agriculture,"Harvesting/Winnowing/Threshing workers
",387.86,343.34
70,2024-2025,Jan,BIHAR,Agriculture,"Picking workers (including Tea, Cotton, Tobacco and other commercial crops)
",360.90,@
71,2024-2025,Jan,BIHAR,Agriculture,"Horticulture workers (including nursery growers)
",301.17,264.52
72,2024-2025,Jan,BIHAR,Agriculture,"Fishermen-inland
",365.33,-
73,2024-2025,Jan,GUJARAT,Agriculture,"Ploughing/Tilling workers",353.62,288.00
74,2024-2025,Jan,GUJARAT,Agriculture,"Sowing(including Planting/Transplanting/ Weeding) workers)
",313.33,303.10
75,2024-2025,Jan,GUJARAT,Agriculture,"Harvesting/Winnowing/Threshing workers
",316.67,312.33
76,2024-2025,Jan,GUJARAT,Agriculture,"Picking workers (including Tea, Cotton, Tobacco and other commercial crops)
",308.00,306.00
77,2024-2025,Jan,GUJARAT,Agriculture,"Horticulture workers (including nursery growers)
",231.43,235.00
78,2024-2025,Jan,GUJARAT,Agriculture,"Fishermen-inland
",@,-
79,2024-2025,Jan,GUJARAT,Agriculture,"Fishermen-coastal/deep-sea
",-,-
80,2024-2025,Jan,GUJARAT,Agriculture,"Loggers and wood cutters
",385.77,@
81,2024-2025,Jan,GUJARAT,Agriculture,"Animal husbandry workers (including poultry workers, dairy workers & herdsman)
",269.55,@
82,2024-2025,Jan,GUJARAT,Agriculture,"Packaging labourers, agriculture
",261.43,@
83,2024-2025,Jan,GUJARAT,Agriculture,"General agricultural labourers (including watering/irrigation workers, etc.)
",292.37,291.47
84,2024-2025,Jan,GUJARAT,Agriculture,"Plant protection workers (applying pesticides, treating seeds, etc.
",290.00,-
85,2025-2026,Jan,GUJARAT,Agriculture,"Ploughing/Tilling workers",408.78,374.17
86,2025-2026,Jan,GUJARAT,Agriculture,"Sowing(including Planting/Transplanting/ Weeding) workers)
",343.5,335.59
87,2025-2026,Jan,GUJARAT,Agriculture,"Harvesting/Winnowing/Threshing workers
",346.04,335.02
88,2025-2026,Jan,GUJARAT,Agriculture,"Picking workers (including Tea, Cotton, Tobacco and other commercial crops)
",344.77,332.07
89,2025-2026,Jan,GUJARAT,Agriculture,"Horticulture workers (including nursery growers)
",294.29,292
90,2025-2026,Jan,GUJARAT,Agriculture,"Fishermen-inland
",@,@
91,2025-2026,Jan,GUJARAT,Agriculture,"Fishermen-coastal/deep-sea
",-,-
92,2025-2026,Jan,GUJARAT,Agriculture,"Loggers and wood cutters
",419.25,368.57
93,2025-2026,Jan,GUJARAT,Agriculture,"Animal husbandry workers (including poultry workers, dairy workers & herdsman)
",330.63,289.26
94,2025-2026,Jan,GUJARAT,Agriculture,"Packaging labourers, agriculture
",358.24,348.33
95,2025-2026,Jan,GUJARAT,Agriculture,"General agricultural labourers (including watering/irrigation workers, etc.)
",331.67,297.63
96,2025-2026,Jan,GUJARAT,Agriculture,"Plant protection workers (applying pesticides, treating seeds, etc.
",358.97,327.22
97,2025-2026,Jan,HARYANA,Agriculture,"Ploughing/Tilling workers",598.76,@
98,2025-2026,Jan,HARYANA,Agriculture,"Sowing(including Planting/Transplanting/ Weeding) workers)
",614.48,542.5
99,2025-2026,Jan,HARYANA,Agriculture,"Harvesting/Winnowing/Threshing workers
",564.48,434.4
100,2025-2026,Jan,HARYANA,Agriculture,"Picking workers (including Tea, Cotton, Tobacco and other commercial crops)
",520,520
101,2025-2026,Jan,HARYANA,Agriculture,"Horticulture workers (including nursery growers)
",@,@
102,2025-2026,Jan,HARYANA,Agriculture,"Fishermen-inland
",-,-
103,2025-2026,Jan,HARYANA,Agriculture,"Fishermen-coastal/deep-sea
",-,-
104,2025-2026,Jan,HARYANA,Agriculture,"Loggers and wood cutters
",513.75,-
105,2025-2026,Jan,HARYANA,Agriculture,"Animal husbandry workers (including poultry workers, dairy workers & herdsman)
",430.31,394.44
106,2025-2026,Jan,HARYANA,Agriculture,"Packaging labourers, agriculture
",584,605.71
107,2025-2026,Jan,HARYANA,Agriculture,"General agricultural labourers (including watering/irrigation workers, etc.)
",589.24,502.67
108,2025-2026,Jan,HARYANA,Agriculture,"Plant protection workers (applying pesticides, treating seeds, etc.
",582.1,@
109,2024-2025,Jan,HARYANA,Agriculture,"Fishermen-inland
",-,-
110,2024-2025,Jan,HARYANA,Agriculture,"Fishermen-coastal/deep-sea
",-,-
111,2024-2025,Jan,HARYANA,Agriculture,"Loggers and wood cutters
",514.00,-
112,2024-2025,Jan,HARYANA,Agriculture,"Animal husbandry workers (including poultry workers, dairy workers & herdsman)
",490.00,@
113,2024-2025,Jan,HARYANA,Agriculture,"Packaging labourers, agriculture
",@,@
114,2024-2025,Jan,HARYANA,Agriculture,"General agricultural labourers (including watering/irrigation workers, etc.)
",509.00,473.83
115,2024-2025,Jan,HARYANA,Agriculture,"Plant protection workers (applying pesticides, treating seeds, etc.
",519.75,-
116,2024-2025,Jan,HARYANA,Agriculture,"Ploughing/Tilling workers",508.50,@
117,2024-2025,Jan,HARYANA,Agriculture,"Sowing(including Planting/Transplanting/ Weeding) workers)
",504.83,465.82
118,2024-2025,Jan,HARYANA,Agriculture,"Harvesting/Winnowing/Threshing workers
",519.82,487.80
119,2024-2025,Jan,HARYANA,Agriculture,"Picking workers (including Tea, Cotton, Tobacco and other commercial crops)
",518.33,508.33
120,2024-2025,Jan,HARYANA,Agriculture,"Horticulture workers (including nursery growers)
",@,@
121,2024-2025,Jan,"HIMACHAL PRADESH",Agriculture,"Ploughing/Tilling workers",618.57,-
122,2024-2025,Jan,"HIMACHAL PRADESH",Agriculture,"Sowing(including Planting/Transplanting/ Weeding) workers)
",513.33,@
123,2024-2025,Jan,"HIMACHAL PRADESH",Agriculture,"Harvesting/Winnowing/Threshing workers
",528.00,@
124,2024-2025,Jan,"HIMACHAL PRADESH",Agriculture,"Picking workers (including Tea, Cotton, Tobacco and other commercial crops)
",-,-
125,2024-2025,Jan,"HIMACHAL PRADESH",Agriculture,"Horticulture workers (including nursery growers)
",506.00,@
126,2024-2025,Jan,"HIMACHAL PRADESH",Agriculture,"Fishermen-inland
",-,-
127,2024-2025,Jan,"HIMACHAL PRADESH",Agriculture,"Fishermen-coastal/deep-sea
",-,-
128,2024-2025,Jan,"HIMACHAL PRADESH",Agriculture,"Loggers and wood cutters
",578.00,-
129,2024-2025,Jan,"HIMACHAL PRADESH",Agriculture,"Animal husbandry workers (including poultry workers, dairy workers & herdsman)
",@,@
130,2024-2025,Jan,"HIMACHAL PRADESH",Agriculture,"Packaging labourers, agriculture
",-,-
131,2024-2025,Jan,"HIMACHAL PRADESH",Agriculture,"General agricultural labourers (including watering/irrigation workers, etc.)
",516.00,@
132,2024-2025,Jan,"HIMACHAL PRADESH",Agriculture,"Plant protection workers (applying pesticides, treating seeds, etc.
",@,-
133,2025-2026,Jan,"HIMACHAL PRADESH",Agriculture,"Ploughing/Tilling workers",766.67,@
134,2025-2026,Jan,"HIMACHAL PRADESH",Agriculture,"Sowing(including Planting/Transplanting/ Weeding) workers)
",580,568.89
135,2025-2026,Jan,"HIMACHAL PRADESH",Agriculture,"Harvesting/Winnowing/Threshing workers
",532.5,505
136,2025-2026,Jan,"HIMACHAL PRADESH",Agriculture,"Picking workers (including Tea, Cotton, Tobacco and other commercial crops)
",-,-
137,2025-2026,Jan,"HIMACHAL PRADESH",Agriculture,"Horticulture workers (including nursery growers)
",538,538
138,2025-2026,Jan,"HIMACHAL PRADESH",Agriculture,"Fishermen-inland
",@,-
139,2025-2026,Jan,"HIMACHAL PRADESH",Agriculture,"Fishermen-coastal/deep-sea
",-,-
140,2025-2026,Jan,"HIMACHAL PRADESH",Agriculture,"Loggers and wood cutters
",648.75,@
141,2025-2026,Jan,"HIMACHAL PRADESH",Agriculture,"Animal husbandry workers (including poultry workers, dairy workers & herdsman)
",@,@
142,2025-2026,Jan,"HIMACHAL PRADESH",Agriculture,"Packaging labourers, agriculture
",@,@
143,2025-2026,Jan,"HIMACHAL PRADESH",Agriculture,"General agricultural labourers (including watering/irrigation workers, etc.)
",532.73,540
144,2025-2026,Jan,"HIMACHAL PRADESH",Agriculture,"Plant protection workers (applying pesticides, treating seeds, etc.
",691.67,@
145,2025-2026,Jan,"JAMMU & KASHMIR
",Agriculture,"Ploughing/Tilling workers",749.55,-
146,2025-2026,Jan,"JAMMU & KASHMIR
",Agriculture,"Sowing(including Planting/Transplanting/ Weeding) workers)
",672,@
147,2025-2026,Jan,"JAMMU & KASHMIR
",Agriculture,"Harvesting/Winnowing/Threshing workers
",676.5,640
148,2025-2026,Jan,"JAMMU & KASHMIR
",Agriculture,"Picking workers (including Tea, Cotton, Tobacco and other commercial crops)
",692.86,-
149,2025-2026,Jan,"JAMMU & KASHMIR
",Agriculture,"Horticulture workers (including nursery growers)
",660.77,-
150,2025-2026,Jan,"JAMMU & KASHMIR
",Agriculture,"Fishermen-inland
",-,-
151,2025-2026,Jan,"JAMMU & KASHMIR
",Agriculture,"Fishermen-coastal/deep-sea
",-,-
152,2025-2026,Jan,"JAMMU & KASHMIR
",Agriculture,"Loggers and wood cutters
",770.5,-
153,2025-2026,Jan,"JAMMU & KASHMIR
",Agriculture,"Animal husbandry workers (including poultry workers, dairy workers & herdsman)
",464.05,-
154,2025-2026,Jan,"JAMMU & KASHMIR
",Agriculture,"Packaging labourers, agriculture
",718.1799999999999,-
155,2025-2026,Jan,"JAMMU & KASHMIR
",Agriculture,"General agricultural labourers (including watering/irrigation workers, etc.)
",591.67,-
156,2025-2026,Jan,"JAMMU & KASHMIR
",Agriculture,"Plant protection workers (applying pesticides, treating seeds, etc.
",687.5,-
157,2024-2025,Jan,"JAMMU & KASHMIR
",Agriculture,"Fishermen-inland
",-,-
158,2024-2025,Jan,"JAMMU & KASHMIR
",Agriculture,"Fishermen-coastal/deep-sea
",-,-
159,2024-2025,Jan,"JAMMU & KASHMIR
",Agriculture,"Loggers and wood cutters
",637.00,-
160,2024-2025,Jan,"JAMMU & KASHMIR
",Agriculture,"Animal husbandry workers (including poultry workers, dairy workers & herdsman)
",570.00,-
161,2024-2025,Jan,"JAMMU & KASHMIR
",Agriculture,"Packaging labourers, agriculture
",668.57,-
162,2024-2025,Jan,"JAMMU & KASHMIR
",Agriculture,"General agricultural labourers (including watering/irrigation workers, etc.)
",594.00,@
163,2024-2025,Jan,"JAMMU & KASHMIR
",Agriculture,"Plant protection workers (applying pesticides, treating seeds, etc.
",648.00,-
164,2024-2025,Jan,"JAMMU & KASHMIR
",Agriculture,"Ploughing/Tilling workers",721.82,-
165,2024-2025,Jan,"JAMMU & KASHMIR
",Agriculture,"Sowing(including Planting/Transplanting/ Weeding) workers)
",633.68,@
166,2024-2025,Jan,"JAMMU & KASHMIR
",Agriculture,"Harvesting/Winnowing/Threshing workers
",642.31,@
167,2024-2025,Jan,"JAMMU & KASHMIR
",Agriculture,"Picking workers (including Tea, Cotton, Tobacco and other commercial crops)
",@,-
168,2024-2025,Jan,"JAMMU & KASHMIR
",Agriculture,"Horticulture workers (including nursery growers)
",630.00,-
169,2024-2025,Jan,KARNATAKA,Agriculture,"Ploughing/Tilling workers",508.16,266.67
170,2024-2025,Jan,KARNATAKA,Agriculture,"Sowing(including Planting/Transplanting/ Weeding) workers)
",464.00,339.64
171,2024-2025,Jan,KARNATAKA,Agriculture,"Harvesting/Winnowing/Threshing workers
",461.33,322.67
172,2024-2025,Jan,KARNATAKA,Agriculture,"Picking workers (including Tea, Cotton, Tobacco and other commercial crops)
",438.75,297.86
173,2024-2025,Jan,KARNATAKA,Agriculture,"Horticulture workers (including nursery growers)
",490.00,362.00
174,2024-2025,Jan,KARNATAKA,Agriculture,"Fishermen-inland
",@,-
175,2024-2025,Jan,KARNATAKA,Agriculture,"Fishermen-coastal/deep-sea
",@,-
176,2024-2025,Jan,KARNATAKA,Agriculture,"Loggers and wood cutters
",540.00,-
177,2024-2025,Jan,KARNATAKA,Agriculture,"Animal husbandry workers (including poultry workers, dairy workers & herdsman)
",427.00,344.29
178,2024-2025,Jan,KARNATAKA,Agriculture,"Packaging labourers, agriculture
",462.50,@
179,2024-2025,Jan,KARNATAKA,Agriculture,"General agricultural labourers (including watering/irrigation workers, etc.)
",461.85,331.00
180,2024-2025,Jan,KARNATAKA,Agriculture,"Plant protection workers (applying pesticides, treating seeds, etc.
",440.77,-
181,2025-2026,Jan,KARNATAKA,Agriculture,"Ploughing/Tilling workers",624.21,@
182,2025-2026,Jan,KARNATAKA,Agriculture,"Sowing(including Planting/Transplanting/ Weeding) workers)
",569.58,425.81
183,2025-2026,Jan,KARNATAKA,Agriculture,"Harvesting/Winnowing/Threshing workers
",552.98,412.98
184,2025-2026,Jan,KARNATAKA,Agriculture,"Picking workers (including Tea, Cotton, Tobacco and other commercial crops)
",486.43,354
185,2025-2026,Jan,KARNATAKA,Agriculture,"Horticulture workers (including nursery growers)
",546.3,350.91
186,2025-2026,Jan,KARNATAKA,Agriculture,"Fishermen-inland
",@,-
187,2025-2026,Jan,KARNATAKA,Agriculture,"Fishermen-coastal/deep-sea
",-,-
188,2025-2026,Jan,KARNATAKA,Agriculture,"Loggers and wood cutters
",621.98,-
189,2025-2026,Jan,KARNATAKA,Agriculture,"Animal husbandry workers (including poultry workers, dairy workers & herdsman)
",536.92,@
190,2025-2026,Jan,KARNATAKA,Agriculture,"Packaging labourers, agriculture
",508.75,402
191,2025-2026,Jan,KARNATAKA,Agriculture,"General agricultural labourers (including watering/irrigation workers, etc.)
",521.65,400.88
192,2025-2026,Jan,KARNATAKA,Agriculture,"Plant protection workers (applying pesticides, treating seeds, etc.
",489.06,423.33
193,2025-2026,Jan,KERALA,Agriculture,"Ploughing/Tilling workers",1033.33,-
194,2025-2026,Jan,KERALA,Agriculture,"Sowing(including Planting/Transplanting/ Weeding) workers)
",871.15,645.83
195,2025-2026,Jan,KERALA,Agriculture,"Harvesting/Winnowing/Threshing workers
",870.98,723.27
196,2025-2026,Jan,KERALA,Agriculture,"Picking workers (including Tea, Cotton, Tobacco and other commercial crops)
",-,@
197,2025-2026,Jan,KERALA,Agriculture,"Horticulture workers (including nursery growers)
",775,@
198,2025-2026,Jan,KERALA,Agriculture,"Fishermen-inland
",-,-
199,2025-2026,Jan,KERALA,Agriculture,"Fishermen-coastal/deep-sea
",-,-
200,2025-2026,Jan,KERALA,Agriculture,"Loggers and wood cutters
",1055.56,-
201,2025-2026,Jan,KERALA,Agriculture,"Animal husbandry workers (including poultry workers, dairy workers & herdsman)
",695.83,-
202,2025-2026,Jan,KERALA,Agriculture,"Packaging labourers, agriculture
",902.5,693.75
203,2025-2026,Jan,KERALA,Agriculture,"General agricultural labourers (including watering/irrigation workers, etc.)
",862.8099999999999,677.27
204,2025-2026,Jan,KERALA,Agriculture,"Plant protection workers (applying pesticides, treating seeds, etc.
",841.76,@
205,2024-2025,Jan,KERALA,Agriculture,"Fishermen-inland
",-,-
206,2024-2025,Jan,KERALA,Agriculture,"Fishermen-coastal/deep-sea
",-,-
207,2024-2025,Jan,KERALA,Agriculture,"Loggers and wood cutters
",1124.40,-
208,2024-2025,Jan,KERALA,Agriculture,"Animal husbandry workers (including poultry workers, dairy workers & herdsman)
",672.19,-
209,2024-2025,Jan,KERALA,Agriculture,"Packaging labourers, agriculture
",-,-
210,2024-2025,Jan,KERALA,Agriculture,"General agricultural labourers (including watering/irrigation workers, etc.)
",880.36,632.50
211,2024-2025,Jan,KERALA,Agriculture,"Plant protection workers (applying pesticides, treating seeds, etc.
",741.00,-
212,2024-2025,Jan,KERALA,Agriculture,"Ploughing/Tilling workers",934.92,@
213,2024-2025,Jan,KERALA,Agriculture,"Sowing(including Planting/Transplanting/ Weeding) workers)
",947.41,661.92
214,2024-2025,Jan,KERALA,Agriculture,"Harvesting/Winnowing/Threshing workers
",810.00,674.58
215,2024-2025,Jan,KERALA,Agriculture,"Picking workers (including Tea, Cotton, Tobacco and other commercial crops)
",-,@
216,2024-2025,Jan,KERALA,Agriculture,"Horticulture workers (including nursery growers)
",@,@
217,2024-2025,Jan,"MADHYA PRADESH",Agriculture,"Ploughing/Tilling workers",312.54,244.29
218,2024-2025,Jan,"MADHYA PRADESH",Agriculture,"Sowing(including Planting/Transplanting/ Weeding) workers)
",284.32,256.85
219,2024-2025,Jan,"MADHYA PRADESH",Agriculture,"Harvesting/Winnowing/Threshing workers
",294.39,259.54
220,2024-2025,Jan,"MADHYA PRADESH",Agriculture,"Picking workers (including Tea, Cotton, Tobacco and other commercial crops)
",281.82,256.36
221,2024-2025,Jan,"MADHYA PRADESH",Agriculture,"Horticulture workers (including nursery growers)
",255.00,227.00
222,2024-2025,Jan,"MADHYA PRADESH",Agriculture,"Fishermen-inland
",@,-
223,2024-2025,Jan,"MADHYA PRADESH",Agriculture,"Fishermen-coastal/deep-sea
",-,-
224,2024-2025,Jan,"MADHYA PRADESH",Agriculture,"Loggers and wood cutters
",263.81,@
225,2024-2025,Jan,"MADHYA PRADESH",Agriculture,"Animal husbandry workers (including poultry workers, dairy workers & herdsman)
",230.48,202.50
226,2024-2025,Jan,"MADHYA PRADESH",Agriculture,"Packaging labourers, agriculture
",225.88,211.25
227,2024-2025,Jan,"MADHYA PRADESH",Agriculture,"General agricultural labourers (including watering/irrigation workers, etc.)
",259.73,226.51
228,2024-2025,Jan,"MADHYA PRADESH",Agriculture,"Plant protection workers (applying pesticides, treating seeds, etc.
",284.06,240.00
229,2025-2026,Jan,"MADHYA PRADESH",Agriculture,"Ploughing/Tilling workers",376.5,300
230,2025-2026,Jan,"MADHYA PRADESH",Agriculture,"Sowing(including Planting/Transplanting/ Weeding) workers)
",361.45,303.64
231,2025-2026,Jan,"MADHYA PRADESH",Agriculture,"Harvesting/Winnowing/Threshing workers
",358.21,306.67
232,2025-2026,Jan,"MADHYA PRADESH",Agriculture,"Picking workers (including Tea, Cotton, Tobacco and other commercial crops)
",392.08,351.04
233,2025-2026,Jan,"MADHYA PRADESH",Agriculture,"Horticulture workers (including nursery growers)
",300,285.71
234,2025-2026,Jan,"MADHYA PRADESH",Agriculture,"Fishermen-inland
",-,-
235,2025-2026,Jan,"MADHYA PRADESH",Agriculture,"Fishermen-coastal/deep-sea
",-,-
236,2025-2026,Jan,"MADHYA PRADESH",Agriculture,"Loggers and wood cutters
",417.53,290
237,2025-2026,Jan,"MADHYA PRADESH",Agriculture,"Animal husbandry workers (including poultry workers, dairy workers & herdsman)
",270.36,242.22
238,2025-2026,Jan,"MADHYA PRADESH",Agriculture,"Packaging labourers, agriculture
",@,@
239,2025-2026,Jan,"MADHYA PRADESH",Agriculture,"General agricultural labourers (including watering/irrigation workers, etc.)
",332.1,288.33
240,2025-2026,Jan,"MADHYA PRADESH",Agriculture,"Plant protection workers (applying pesticides, treating seeds, etc.
",374.47,@
241,2025-2026,Jan,MAHARASHTRA,Agriculture,"Ploughing/Tilling workers",429.07,@
242,2025-2026,Jan,MAHARASHTRA,Agriculture,"Sowing(including Planting/Transplanting/ Weeding) workers)
",405.81,308.14
243,2025-2026,Jan,MAHARASHTRA,Agriculture,"Harvesting/Winnowing/Threshing workers
",423.68,323.68
244,2025-2026,Jan,MAHARASHTRA,Agriculture,"Picking workers (including Tea, Cotton, Tobacco and other commercial crops)
",360,310.87
245,2025-2026,Jan,MAHARASHTRA,Agriculture,"Horticulture workers (including nursery growers)
",443.95,323.49
246,2025-2026,Jan,MAHARASHTRA,Agriculture,"Fishermen-inland
",523.8099999999999,@
247,2025-2026,Jan,MAHARASHTRA,Agriculture,"Fishermen-coastal/deep-sea
",-,-
248,2025-2026,Jan,MAHARASHTRA,Agriculture,"Loggers and wood cutters
",499.09,@
249,2025-2026,Jan,MAHARASHTRA,Agriculture,"Animal husbandry workers (including poultry workers, dairy workers & herdsman)
",328.15,320.83
250,2025-2026,Jan,MAHARASHTRA,Agriculture,"Packaging labourers, agriculture
",386.36,310
251,2025-2026,Jan,MAHARASHTRA,Agriculture,"General agricultural labourers (including watering/irrigation workers, etc.)
",371.15,259.47
252,2025-2026,Jan,MAHARASHTRA,Agriculture,"Plant protection workers (applying pesticides, treating seeds, etc.
",458.06,344
253,2024-2025,Jan,MAHARASHTRA,Agriculture,"Fishermen-inland
",@,-
254,2024-2025,Jan,MAHARASHTRA,Agriculture,"Fishermen-coastal/deep-sea
",@,@
255,2024-2025,Jan,MAHARASHTRA,Agriculture,"Loggers and wood cutters
",466.78,370.67
256,2024-2025,Jan,MAHARASHTRA,Agriculture,"Animal husbandry workers (including poultry workers, dairy workers & herdsman)
",322.36,285.56
257,2024-2025,Jan,MAHARASHTRA,Agriculture,"Packaging labourers, agriculture
",345.00,257.14
258,2024-2025,Jan,MAHARASHTRA,Agriculture,"General agricultural labourers (including watering/irrigation workers, etc.)
",349.78,244.84
259,2024-2025,Jan,MAHARASHTRA,Agriculture,"Plant protection workers (applying pesticides, treating seeds, etc.
",394.10,267.14
260,2024-2025,Jan,MAHARASHTRA,Agriculture,"Ploughing/Tilling workers",426.51,320.00
261,2024-2025,Jan,MAHARASHTRA,Agriculture,"Sowing(including Planting/Transplanting/ Weeding) workers)
",398.86,292.46
262,2024-2025,Jan,MAHARASHTRA,Agriculture,"Harvesting/Winnowing/Threshing workers
",408.87,298.06
263,2024-2025,Jan,MAHARASHTRA,Agriculture,"Picking workers (including Tea, Cotton, Tobacco and other commercial crops)
",339.29,285.71
264,2024-2025,Jan,MAHARASHTRA,Agriculture,"Horticulture workers (including nursery growers)
",410.00,293.33
265,2024-2025,Jan,"MANIPUR
",Agriculture,"Ploughing/Tilling workers",351.43,-
266,2024-2025,Jan,"MANIPUR
",Agriculture,"Sowing(including Planting/Transplanting/ Weeding) workers)
",333.89,309.38
267,2024-2025,Jan,"MANIPUR
",Agriculture,"Harvesting/Winnowing/Threshing workers
",324.29,315.71
268,2024-2025,Jan,"MANIPUR
",Agriculture,"Picking workers (including Tea, Cotton, Tobacco and other commercial crops)
",-,-
269,2024-2025,Jan,"MANIPUR
",Agriculture,"Horticulture workers (including nursery growers)
",@,@
270,2024-2025,Jan,"MANIPUR
",Agriculture,"Fishermen-inland
",-,-
271,2024-2025,Jan,"MANIPUR
",Agriculture,"Fishermen-coastal/deep-sea
",-,-
272,2024-2025,Jan,"MANIPUR
",Agriculture,"Loggers and wood cutters
",@,-
273,2024-2025,Jan,"MANIPUR
",Agriculture,"Animal husbandry workers (including poultry workers, dairy workers & herdsman)
",330.00,-
274,2024-2025,Jan,"MANIPUR
",Agriculture,"Packaging labourers, agriculture
",@,-
275,2024-2025,Jan,"MANIPUR
",Agriculture,"General agricultural labourers (including watering/irrigation workers, etc.)
",@,-
276,2024-2025,Jan,"MANIPUR
",Agriculture,"Plant protection workers (applying pesticides, treating seeds, etc.
",@,-
277,2025-2026,Jan,"MANIPUR
",Agriculture,"Ploughing/Tilling workers",636,@
278,2025-2026,Jan,"MANIPUR
",Agriculture,"Sowing(including Planting/Transplanting/ Weeding) workers)
",635,525
279,2025-2026,Jan,"MANIPUR
",Agriculture,"Harvesting/Winnowing/Threshing workers
",630,525
280,2025-2026,Jan,"MANIPUR
",Agriculture,"Picking workers (including Tea, Cotton, Tobacco and other commercial crops)
",425,395
281,2025-2026,Jan,"MANIPUR
",Agriculture,"Horticulture workers (including nursery growers)
",425,395
282,2025-2026,Jan,"MANIPUR
",Agriculture,"Fishermen-inland
",390,360
283,2025-2026,Jan,"MANIPUR
",Agriculture,"Fishermen-coastal/deep-sea
",-,-
284,2025-2026,Jan,"MANIPUR
",Agriculture,"Loggers and wood cutters
",490,-
285,2025-2026,Jan,"MANIPUR
",Agriculture,"Packaging labourers, agriculture
",-,-
286,2025-2026,Jan,"MANIPUR
",Agriculture,"General agricultural labourers (including watering/irrigation workers, etc.)
",-,-
287,2025-2026,Jan,"MANIPUR
",Agriculture,"Plant protection workers (applying pesticides, treating seeds, etc.
",650,650
288,2025-2026,Jan,"MANIPUR
",Agriculture,"Animal husbandry workers (including poultry workers, dairy workers & herdsman)
",425.00,415.00
289,2025-2026,Jan,"MEGHALAYA
",Agriculture,"Animal husbandry workers (including poultry workers, dairy workers & herdsman)
",@,@
290,2025-2026,Jan,"MEGHALAYA
",Agriculture,"Ploughing/Tilling workers",438.1,@
291,2025-2026,Jan,"MEGHALAYA
",Agriculture,"Sowing(including Planting/Transplanting/ Weeding) workers)
",473.57,316.43
292,2025-2026,Jan,"MEGHALAYA
",Agriculture,"Harvesting/Winnowing/Threshing workers
",481.75,309.82
293,2025-2026,Jan,"MEGHALAYA
",Agriculture,"Picking workers (including Tea, Cotton, Tobacco and other commercial crops)
",-,-
294,2025-2026,Jan,"MEGHALAYA
",Agriculture,"Horticulture workers (including nursery growers)
",@,@
295,2025-2026,Jan,"MEGHALAYA
",Agriculture,"Fishermen-inland
",-,-
296,2025-2026,Jan,"MEGHALAYA
",Agriculture,"Fishermen-coastal/deep-sea
",-,-
297,2025-2026,Jan,"MEGHALAYA
",Agriculture,"Loggers and wood cutters
",434.9,-
298,2025-2026,Jan,"MEGHALAYA
",Agriculture,"Packaging labourers, agriculture
",-,-
299,2025-2026,Jan,"MEGHALAYA
",Agriculture,"General agricultural labourers (including watering/irrigation workers, etc.)
",@,@
300,2025-2026,Jan,"MEGHALAYA
",Agriculture,"Plant protection workers (applying pesticides, treating seeds, etc.
",-,-
301,2024-2025,Jan,"MEGHALAYA
",Agriculture,"Ploughing/Tilling workers",374.29,204.00
302,2024-2025,Jan,"MEGHALAYA
",Agriculture,"Sowing(including Planting/Transplanting/ Weeding) workers)
",343.50,210.75
303,2024-2025,Jan,"MEGHALAYA
",Agriculture,"Harvesting/Winnowing/Threshing workers
",353.88,204.88
304,2024-2025,Jan,"MEGHALAYA
",Agriculture,"Picking workers (including Tea, Cotton, Tobacco and other commercial crops)
",@,@
305,2024-2025,Jan,"MEGHALAYA
",Agriculture,"Horticulture workers (including nursery growers)
",@,@
306,2024-2025,Jan,"MEGHALAYA
",Agriculture,"Fishermen-inland
",-,-
307,2024-2025,Jan,"MEGHALAYA
",Agriculture,"Fishermen-coastal/deep-sea
",-,-
308,2024-2025,Jan,"MEGHALAYA
",Agriculture,"Loggers and wood cutters
",@,-
309,2024-2025,Jan,"MEGHALAYA
",Agriculture,"Animal husbandry workers (including poultry workers, dairy workers & herdsman)
",313.88,@
310,2024-2025,Jan,"MEGHALAYA
",Agriculture,"Packaging labourers, agriculture
",@,-
311,2024-2025,Jan,"MEGHALAYA
",Agriculture,"General agricultural labourers (including watering/irrigation workers, etc.)
",335.17,203.17
312,2024-2025,Jan,"MEGHALAYA
",Agriculture,"Plant protection workers (applying pesticides, treating seeds, etc.
",-,-
313,2024-2025,Jan,"ODISHA
",Agriculture,"Fishermen-inland
",254.00,-
314,2024-2025,Jan,"ODISHA
",Agriculture,"Fishermen-coastal/deep-sea
",@,-
315,2024-2025,Jan,"ODISHA
",Agriculture,"Loggers and wood cutters
",326.19,-
316,2024-2025,Jan,"ODISHA
",Agriculture,"Animal husbandry workers (including poultry workers, dairy workers & herdsman)
",271.33,201.25
317,2024-2025,Jan,"ODISHA
",Agriculture,"Packaging labourers, agriculture
",@,-
318,2024-2025,Jan,"ODISHA
",Agriculture,"General agricultural labourers (including watering/irrigation workers, etc.)
",384.27,333.01
319,2024-2025,Jan,"ODISHA
",Agriculture,"Plant protection workers (applying pesticides, treating seeds, etc.
",285.56,@
320,2024-2025,Jan,"ODISHA
",Agriculture,"Ploughing/Tilling workers",382.95,317.62
321,2024-2025,Jan,"ODISHA
",Agriculture,"Sowing(including Planting/Transplanting/ Weeding) workers)
",385.27,332.76
322,2024-2025,Jan,"ODISHA
",Agriculture,"Harvesting/Winnowing/Threshing workers
",392.18,346.67
323,2024-2025,Jan,"ODISHA
",Agriculture,"Picking workers (including Tea, Cotton, Tobacco and other commercial crops)
",288.00,@
324,2024-2025,Jan,"ODISHA
",Agriculture,"Horticulture workers (including nursery growers)
",@,@
325,2025-2026,Jan,"ODISHA
",Agriculture,"Animal husbandry workers (including poultry workers, dairy workers & herdsman)
",348.89,307.00
326,2025-2026,Jan,"ODISHA
",Agriculture,"Ploughing/Tilling workers",513.25,-
327,2025-2026,Jan,"ODISHA
",Agriculture,"Sowing(including Planting/Transplanting/ Weeding) workers)
",478.76,402.57
328,2025-2026,Jan,"ODISHA
",Agriculture,"Harvesting/Winnowing/Threshing workers
",408.33,330.95
329,2025-2026,Jan,"ODISHA
",Agriculture,"Picking workers (including Tea, Cotton, Tobacco and other commercial crops)
",-,-
330,2025-2026,Jan,"ODISHA
",Agriculture,"Horticulture workers (including nursery growers)
",378.89,300.48
331,2025-2026,Jan,"ODISHA
",Agriculture,"Fishermen-inland
",393.75,-
332,2025-2026,Jan,"ODISHA
",Agriculture,"Fishermen-coastal/deep-sea
",-,-
333,2025-2026,Jan,"ODISHA
",Agriculture,"Loggers and wood cutters
",498.51,-
334,2025-2026,Jan,"ODISHA
",Agriculture,"Packaging labourers, agriculture
",341.18,@
335,2025-2026,Jan,"ODISHA
",Agriculture,"General agricultural labourers (including watering/irrigation workers, etc.)
",418.44,395.33
336,2025-2026,Jan,"ODISHA
",Agriculture,"Plant protection workers (applying pesticides, treating seeds, etc.
",416.67,-
337,2025-2026,Jan,"PUNJAB
",Agriculture,"Ploughing/Tilling workers",475.45,@
338,2025-2026,Jan,"PUNJAB
",Agriculture,"Sowing(including Planting/Transplanting/ Weeding) workers)
",473.64,420
339,2025-2026,Jan,"PUNJAB
",Agriculture,"Harvesting/Winnowing/Threshing workers
",484.44,420
340,2025-2026,Jan,"PUNJAB
",Agriculture,"Picking workers (including Tea, Cotton, Tobacco and other commercial crops)
",430,@
341,2025-2026,Jan,"PUNJAB
",Agriculture,"Horticulture workers (including nursery growers)
",@,-
342,2025-2026,Jan,"PUNJAB
",Agriculture,"Fishermen-inland
",-,-
343,2025-2026,Jan,"PUNJAB
",Agriculture,"Fishermen-coastal/deep-sea
",-,-
344,2025-2026,Jan,"PUNJAB
",Agriculture,"Loggers and wood cutters
",@,-
345,2025-2026,Jan,"PUNJAB
",Agriculture,"Packaging labourers, agriculture
",450,-
346,2025-2026,Jan,"PUNJAB
",Agriculture,"General agricultural labourers (including watering/irrigation workers, etc.)
",453.33,@
347,2025-2026,Jan,"PUNJAB
",Agriculture,"Plant protection workers (applying pesticides, treating seeds, etc.
",475.79,-
348,2025-2026,Jan,"PUNJAB
",Agriculture,"Animal husbandry workers (including poultry workers, dairy workers & herdsman)
",398.15,@
349,2024-2025,Jan,"PUNJAB
",Agriculture,"Fishermen-inland
",-,-
350,2024-2025,Jan,"PUNJAB
",Agriculture,"Fishermen-coastal/deep-sea
",-,-
351,2024-2025,Jan,"PUNJAB
",Agriculture,"Loggers and wood cutters
",@,-
352,2024-2025,Jan,"PUNJAB
",Agriculture,"Animal husbandry workers (including poultry workers, dairy workers & herdsman)
",357.61,@
353,2024-2025,Jan,"PUNJAB
",Agriculture,"Packaging labourers, agriculture
",403.33,@
354,2024-2025,Jan,"PUNJAB
",Agriculture,"General agricultural labourers (including watering/irrigation workers, etc.)
",422.67,-
355,2024-2025,Jan,"PUNJAB
",Agriculture,"Plant protection workers (applying pesticides, treating seeds, etc.
",414.29,-
356,2024-2025,Jan,"PUNJAB
",Agriculture,"Ploughing/Tilling workers",449.56,@
357,2024-2025,Jan,"PUNJAB
",Agriculture,"Sowing(including Planting/Transplanting/ Weeding) workers)
",428.50,373.67
358,2024-2025,Jan,"PUNJAB
",Agriculture,"Harvesting/Winnowing/Threshing workers
",442.91,@
359,2024-2025,Jan,"PUNJAB
",Agriculture,"Picking workers (including Tea, Cotton, Tobacco and other commercial crops)
",394.00,@
360,2024-2025,Jan,"PUNJAB
",Agriculture,"Horticulture workers (including nursery growers)
",@,-
361,2024-2025,Jan,RAJASTHAN,Agriculture,"Ploughing/Tilling workers",405.00,@
362,2024-2025,Jan,RAJASTHAN,Agriculture,"Sowing(including Planting/Transplanting/ Weeding) workers)
",416.43,378.89
363,2024-2025,Jan,RAJASTHAN,Agriculture,"Harvesting/Winnowing/Threshing workers
",470.77,435.00
364,2024-2025,Jan,RAJASTHAN,Agriculture,"Picking workers (including Tea, Cotton, Tobacco and other commercial crops)
",@,@
365,2024-2025,Jan,RAJASTHAN,Agriculture,"Horticulture workers (including nursery growers)
",@,-
366,2024-2025,Jan,RAJASTHAN,Agriculture,"Fishermen-inland
",-,-
367,2024-2025,Jan,RAJASTHAN,Agriculture,"Fishermen-coastal/deep-sea
",-,-
368,2024-2025,Jan,RAJASTHAN,Agriculture,"Loggers and wood cutters
",408.33,-
369,2024-2025,Jan,RAJASTHAN,Agriculture,"Animal husbandry workers (including poultry workers, dairy workers & herdsman)
",@,@
370,2024-2025,Jan,RAJASTHAN,Agriculture,"Packaging labourers, agriculture
",@,@
371,2024-2025,Jan,RAJASTHAN,Agriculture,"General agricultural labourers (including watering/irrigation workers, etc.)
",410.62,365.38
372,2024-2025,Jan,RAJASTHAN,Agriculture,"Plant protection workers (applying pesticides, treating seeds, etc.
",420.00,@
373,2025-2026,Jan,RAJASTHAN,Agriculture,"Ploughing/Tilling workers",537.5,412.86
374,2025-2026,Jan,RAJASTHAN,Agriculture,"Sowing(including Planting/Transplanting/ Weeding) workers)
",465.48,385.77
375,2025-2026,Jan,RAJASTHAN,Agriculture,"Harvesting/Winnowing/Threshing workers
",475.05,429.27
376,2025-2026,Jan,RAJASTHAN,Agriculture,"Picking workers (including Tea, Cotton, Tobacco and other commercial crops)
",427,395
377,2025-2026,Jan,RAJASTHAN,Agriculture,"Horticulture workers (including nursery growers)
",426,@
378,2025-2026,Jan,RAJASTHAN,Agriculture,"Fishermen-inland
",-,-
379,2025-2026,Jan,RAJASTHAN,Agriculture,"Fishermen-coastal/deep-sea
",-,-
380,2025-2026,Jan,RAJASTHAN,Agriculture,"Loggers and wood cutters
",505.79,-
381,2025-2026,Jan,RAJASTHAN,Agriculture,"Packaging labourers, agriculture
",397.86,420
382,2025-2026,Jan,RAJASTHAN,Agriculture,"General agricultural labourers (including watering/irrigation workers, etc.)
",438.97,368.18
383,2025-2026,Jan,RAJASTHAN,Agriculture,"Plant protection workers (applying pesticides, treating seeds, etc.
",475.38,-
384,2025-2026,Jan,RAJASTHAN,Agriculture,"Animal husbandry workers (including poultry workers, dairy workers & herdsman)
",410.77,@
385,2025-2026,Jan,"TAMIL NADU",Agriculture,"Animal husbandry workers (including poultry workers, dairy workers & herdsman)
",607.53,361.90
386,2025-2026,Jan,"TAMIL NADU",Agriculture,"Ploughing/Tilling workers",753.89,@
387,2025-2026,Jan,"TAMIL NADU",Agriculture,"Sowing(including Planting/Transplanting/ Weeding) workers)
",719.21,455.96
388,2025-2026,Jan,"TAMIL NADU",Agriculture,"Harvesting/Winnowing/Threshing workers
",655.73,430.56
389,2025-2026,Jan,"TAMIL NADU",Agriculture,"Picking workers (including Tea, Cotton, Tobacco and other commercial crops)
",@,520.71
390,2025-2026,Jan,"TAMIL NADU",Agriculture,"Horticulture workers (including nursery growers)
",@,393.89
391,2025-2026,Jan,"TAMIL NADU",Agriculture,"Fishermen-inland
",@,-
392,2025-2026,Jan,"TAMIL NADU",Agriculture,"Fishermen-coastal/deep-sea
",-,-
393,2025-2026,Jan,"TAMIL NADU",Agriculture,"Loggers and wood cutters
",736.9,-
394,2025-2026,Jan,"TAMIL NADU",Agriculture,"Packaging labourers, agriculture
",@,@
395,2025-2026,Jan,"TAMIL NADU",Agriculture,"General agricultural labourers (including watering/irrigation workers, etc.)
",637.41,382.12
396,2025-2026,Jan,"TAMIL NADU",Agriculture,"Plant protection workers (applying pesticides, treating seeds, etc.
",902.6799999999999,-
397,2024-2025,Jan,"TAMIL NADU",Agriculture,"Ploughing/Tilling workers",712.71,@
398,2024-2025,Jan,"TAMIL NADU",Agriculture,"Sowing(including Planting/Transplanting/ Weeding) workers)
",595.48,397.88
399,2024-2025,Jan,"TAMIL NADU",Agriculture,"Harvesting/Winnowing/Threshing workers
",585.28,396.14
400,2024-2025,Jan,"TAMIL NADU",Agriculture,"Picking workers (including Tea, Cotton, Tobacco and other commercial crops)
",@,343.33
401,2024-2025,Jan,"TAMIL NADU",Agriculture,"Horticulture workers (including nursery growers)
",@,@
402,2024-2025,Jan,"TAMIL NADU",Agriculture,"Fishermen-inland
",-,-
403,2024-2025,Jan,"TAMIL NADU",Agriculture,"Fishermen-coastal/deep-sea
",-,-
404,2024-2025,Jan,"TAMIL NADU",Agriculture,"Loggers and wood cutters
",642.95,@
405,2024-2025,Jan,"TAMIL NADU",Agriculture,"Animal husbandry workers (including poultry workers, dairy workers & herdsman)
",695.14,@
406,2024-2025,Jan,"TAMIL NADU",Agriculture,"Packaging labourers, agriculture
",@,@
407,2024-2025,Jan,"TAMIL NADU",Agriculture,"General agricultural labourers (including watering/irrigation workers, etc.)
",582.80,372.37
408,2024-2025,Jan,"TAMIL NADU",Agriculture,"Plant protection workers (applying pesticides, treating seeds, etc.
",710.88,@
409,2024-2025,Jan,TRIPURA,Agriculture,"Fishermen-inland
",-,-
410,2024-2025,Jan,TRIPURA,Agriculture,"Fishermen-coastal/deep-sea
",-,-
411,2024-2025,Jan,TRIPURA,Agriculture,"Loggers and wood cutters
",502.22,-
412,2024-2025,Jan,TRIPURA,Agriculture,"Animal husbandry workers (including poultry workers, dairy workers & herdsman)
",320.00,-
413,2024-2025,Jan,TRIPURA,Agriculture,"Packaging labourers, agriculture
",-,-
414,2024-2025,Jan,TRIPURA,Agriculture,"General agricultural labourers (including watering/irrigation workers, etc.)
",401.11,-
415,2024-2025,Jan,TRIPURA,Agriculture,"Plant protection workers (applying pesticides, treating seeds, etc.
",-,-
416,2024-2025,Jan,TRIPURA,Agriculture,"Ploughing/Tilling workers",420.00,-
417,2024-2025,Jan,TRIPURA,Agriculture,"Sowing(including Planting/Transplanting/ Weeding) workers)
",420.00,-
418,2024-2025,Jan,TRIPURA,Agriculture,"Harvesting/Winnowing/Threshing workers
",431.11,-
419,2024-2025,Jan,TRIPURA,Agriculture,"Picking workers (including Tea, Cotton, Tobacco and other commercial crops)
",-,-
420,2024-2025,Jan,TRIPURA,Agriculture,"Horticulture workers (including nursery growers)
",-,-
421,2025-2026,Jan,TRIPURA,Agriculture,"Animal husbandry workers (including poultry workers, dairy workers & herdsman)
",420.00,-
422,2025-2026,Jan,TRIPURA,Agriculture,"Ploughing/Tilling workers",520,-
423,2025-2026,Jan,TRIPURA,Agriculture,"Sowing(including Planting/Transplanting/ Weeding) workers)
",520,-
424,2025-2026,Jan,TRIPURA,Agriculture,"Harvesting/Winnowing/Threshing workers
",520,-
425,2025-2026,Jan,TRIPURA,Agriculture,"Picking workers (including Tea, Cotton, Tobacco and other commercial crops)
",-,-
426,2025-2026,Jan,TRIPURA,Agriculture,"Horticulture workers (including nursery growers)
",@,-
427,2025-2026,Jan,TRIPURA,Agriculture,"Fishermen-inland
",-,-
428,2025-2026,Jan,TRIPURA,Agriculture,"Fishermen-coastal/deep-sea
",-,-
429,2025-2026,Jan,TRIPURA,Agriculture,"Loggers and wood cutters
",590,-
430,2025-2026,Jan,TRIPURA,Agriculture,"Packaging labourers, agriculture
",-,-
431,2025-2026,Jan,TRIPURA,Agriculture,"General agricultural labourers (including watering/irrigation workers, etc.)
",490,-
432,2025-2026,Jan,TRIPURA,Agriculture,"Plant protection workers (applying pesticides, treating seeds, etc.
",-,-
433,2025-2026,Jan,"UTTAR PRADESH",Agriculture,"Ploughing/Tilling workers",441.76,440.83
434,2025-2026,Jan,"UTTAR PRADESH",Agriculture,"Sowing(including Planting/Transplanting/ Weeding) workers)
",390.49,335.49
435,2025-2026,Jan,"UTTAR PRADESH",Agriculture,"Harvesting/Winnowing/Threshing workers
",386.49,328.86
436,2025-2026,Jan,"UTTAR PRADESH",Agriculture,"Picking workers (including Tea, Cotton, Tobacco and other commercial crops)
",340,290
437,2025-2026,Jan,"UTTAR PRADESH",Agriculture,"Horticulture workers (including nursery growers)
",431.43,359.29
438,2025-2026,Jan,"UTTAR PRADESH",Agriculture,"Fishermen-inland
",556.67,-
439,2025-2026,Jan,"UTTAR PRADESH",Agriculture,"Fishermen-coastal/deep-sea
",-,-
440,2025-2026,Jan,"UTTAR PRADESH",Agriculture,"Loggers and wood cutters
",524.87,-
441,2025-2026,Jan,"UTTAR PRADESH",Agriculture,"Packaging labourers, agriculture
",421.05,377.5
442,2025-2026,Jan,"UTTAR PRADESH",Agriculture,"General agricultural labourers (including watering/irrigation workers, etc.)
",399.64,336.14
443,2025-2026,Jan,"UTTAR PRADESH",Agriculture,"Plant protection workers (applying pesticides, treating seeds, etc.
",495.56,@
444,2025-2026,Jan,"UTTAR PRADESH",Agriculture,"Animal husbandry workers (including poultry workers, dairy workers & herdsman)
",408.50,415.00
445,2024-2025,Jan,"UTTAR PRADESH",Agriculture,"Fishermen-inland
",-,-
446,2024-2025,Jan,"UTTAR PRADESH",Agriculture,"Fishermen-coastal/deep-sea
",-,-
447,2024-2025,Jan,"UTTAR PRADESH",Agriculture,"Loggers and wood cutters
",407.06,@
448,2024-2025,Jan,"UTTAR PRADESH",Agriculture,"Animal husbandry workers (including poultry workers, dairy workers & herdsman)
",331.67,@
449,2024-2025,Jan,"UTTAR PRADESH",Agriculture,"Packaging labourers, agriculture
",330.00,304.00
450,2024-2025,Jan,"UTTAR PRADESH",Agriculture,"General agricultural labourers (including watering/irrigation workers, etc.)
",361.58,304.30
451,2024-2025,Jan,"UTTAR PRADESH",Agriculture,"Plant protection workers (applying pesticides, treating seeds, etc.
",406.88,@
452,2024-2025,Jan,"UTTAR PRADESH",Agriculture,"Ploughing/Tilling workers",369.21,325.77
453,2024-2025,Jan,"UTTAR PRADESH",Agriculture,"Sowing(including Planting/Transplanting/ Weeding) workers)
",378.42,333.12
454,2024-2025,Jan,"UTTAR PRADESH",Agriculture,"Harvesting/Winnowing/Threshing workers
",389.91,347.45
455,2024-2025,Jan,"UTTAR PRADESH",Agriculture,"Picking workers (including Tea, Cotton, Tobacco and other commercial crops)
",348.00,312.50
456,2024-2025,Jan,"UTTAR PRADESH",Agriculture,"Horticulture workers (including nursery growers)
",@,@
457,2024-2025,Jan,"WEST BENGAL",Agriculture,"Ploughing/Tilling workers",443.51,@
458,2024-2025,Jan,"WEST BENGAL",Agriculture,"Sowing(including Planting/Transplanting/ Weeding) workers)
",353.70,308.03
459,2024-2025,Jan,"WEST BENGAL",Agriculture,"Harvesting/Winnowing/Threshing workers
",352.19,305.68
460,2024-2025,Jan,"WEST BENGAL",Agriculture,"Picking workers (including Tea, Cotton, Tobacco and other commercial crops)
",-,@
461,2024-2025,Jan,"WEST BENGAL",Agriculture,"Horticulture workers (including nursery growers)
",393.67,405.33
462,2024-2025,Jan,"WEST BENGAL",Agriculture,"Fishermen-inland
",559.24,-
463,2024-2025,Jan,"WEST BENGAL",Agriculture,"Fishermen-coastal/deep-sea
",@,-
464,2024-2025,Jan,"WEST BENGAL",Agriculture,"Loggers and wood cutters
",487.10,-
465,2024-2025,Jan,"WEST BENGAL",Agriculture,"Animal husbandry workers (including poultry workers, dairy workers & herdsman)
",310.62,274.44
466,2024-2025,Jan,"WEST BENGAL",Agriculture,"Packaging labourers, agriculture
",406.90,@
467,2024-2025,Jan,"WEST BENGAL",Agriculture,"General agricultural labourers (including watering/irrigation workers, etc.)
",352.46,327.27
468,2024-2025,Jan,"WEST BENGAL",Agriculture,"Plant protection workers (applying pesticides, treating seeds, etc.
",441.64,275.12
469,2025-2026,Jan,"WEST BENGAL",Agriculture,"Ploughing/Tilling workers",463.78,347.52
470,2025-2026,Jan,"WEST BENGAL",Agriculture,"Sowing(including Planting/Transplanting/ Weeding) workers)
",403.84,367.82
471,2025-2026,Jan,"WEST BENGAL",Agriculture,"Harvesting/Winnowing/Threshing workers
",417.99,380.93
472,2025-2026,Jan,"WEST BENGAL",Agriculture,"Picking workers (including Tea, Cotton, Tobacco and other commercial crops)
",340.95,@
473,2025-2026,Jan,"WEST BENGAL",Agriculture,"Horticulture workers (including nursery growers)
",379.31,309.71
474,2025-2026,Jan,"WEST BENGAL",Agriculture,"Fishermen-inland
",596.05,-
475,2025-2026,Jan,"WEST BENGAL",Agriculture,"Fishermen-coastal/deep-sea
",-,-
476,2025-2026,Jan,"WEST BENGAL",Agriculture,"Loggers and wood cutters
",525,-
477,2025-2026,Jan,"WEST BENGAL",Agriculture,"Packaging labourers, agriculture
",421.01,338.53
478,2025-2026,Jan,"WEST BENGAL",Agriculture,"General agricultural labourers (including watering/irrigation workers, etc.)
",423.81,356.77
479,2025-2026,Jan,"WEST BENGAL",Agriculture,"Plant protection workers (applying pesticides, treating seeds, etc.
",478.16,311.29
480,2025-2026,Jan,"WEST BENGAL",Agriculture,"Animal husbandry workers (including poultry workers, dairy workers & herdsman)
",370.87,@
481,2025-2026,Jan,"Andaman and Nicobar Islands",Agriculture,"Ploughing/Tilling workers",680,680
482,2025-2026,Jan,"Andaman and Nicobar Islands",Agriculture,"Sowing(including Planting/Transplanting/ Weeding) workers)
",800,800
483,2025-2026,Jan,"Andaman and Nicobar Islands",Agriculture,"Harvesting/Winnowing/Threshing workers
",840,853.33
484,2025-2026,Jan,"Andaman and Nicobar Islands",Agriculture,"Picking workers (including Tea, Cotton, Tobacco and other commercial crops)
",-,-
485,2025-2026,Jan,"Andaman and Nicobar Islands",Agriculture,"Horticulture workers (including nursery growers)
",@,-
486,2025-2026,Jan,"Andaman and Nicobar Islands",Agriculture,"Fishermen-inland
",-,-
487,2025-2026,Jan,"Andaman and Nicobar Islands",Agriculture,"Fishermen-coastal/deep-sea
",822.86,-
488,2025-2026,Jan,"Andaman and Nicobar Islands",Agriculture,"Loggers and wood cutters
",-,-
489,2025-2026,Jan,"Andaman and Nicobar Islands",Agriculture,"Animal husbandry workers (including poultry workers, dairy workers & herdsman)
",638.1,-
490,2025-2026,Jan,"Andaman and Nicobar Islands",Agriculture,"Packaging labourers, agriculture
",-,-
491,2025-2026,Jan,"Andaman and Nicobar Islands",Agriculture,"General agricultural labourers (including watering/irrigation workers, etc.)
",-,-
492,2025-2026,Jan,"Andaman and Nicobar Islands",Agriculture,"Plant protection workers (applying pesticides, treating seeds, etc.
",-,-
493,2025-2026,Jan,"Arunachal Pradesh",Agriculture,"Ploughing/Tilling workers",521.4299999999999,420
494,2025-2026,Jan,"Arunachal Pradesh",Agriculture,"Sowing(including Planting/Transplanting/ Weeding) workers)
",528.5700000000001,428.57
495,2025-2026,Jan,"Arunachal Pradesh",Agriculture,"Harvesting/Winnowing/Threshing workers
",500,425
496,2025-2026,Jan,"Arunachal Pradesh",Agriculture,"Picking workers (including Tea, Cotton, Tobacco and other commercial crops)
",450,356.25
497,2025-2026,Jan,"Arunachal Pradesh",Agriculture,"Horticulture workers (including nursery growers)
",570,@
498,2025-2026,Jan,"Arunachal Pradesh",Agriculture,"Fishermen-inland
",-,-
499,2025-2026,Jan,"Arunachal Pradesh",Agriculture,"Fishermen-coastal/deep-sea
",-,-
500,2025-2026,Jan,"Arunachal Pradesh",Agriculture,"Loggers and wood cutters
",614.29,-
501,2025-2026,Jan,"Arunachal Pradesh",Agriculture,"Animal husbandry workers (including poultry workers, dairy workers & herdsman)
",@,@
502,2025-2026,Jan,"Arunachal Pradesh",Agriculture,"Packaging labourers, agriculture
",@,@
503,2025-2026,Jan,"Arunachal Pradesh",Agriculture,"General agricultural labourers (including watering/irrigation workers, etc.)
",471.43,@
504,2025-2026,Jan,"Arunachal Pradesh",Agriculture,"Plant protection workers (applying pesticides, treating seeds, etc.
",514.29,-
505,2025-2026,Jan,Chhattisgarh,Agriculture,"Ploughing/Tilling workers",361.76,292
506,2025-2026,Jan,Chhattisgarh,Agriculture,"Sowing(including Planting/Transplanting/ Weeding) workers)
",300.37,244.81
507,2025-2026,Jan,Chhattisgarh,Agriculture,"Harvesting/Winnowing/Threshing workers
",278.95,232.63
508,2025-2026,Jan,Chhattisgarh,Agriculture,"Picking workers (including Tea, Cotton, Tobacco and other commercial crops)
",@,@
509,2025-2026,Jan,Chhattisgarh,Agriculture,"Horticulture workers (including nursery growers)
",264.29,@
510,2025-2026,Jan,Chhattisgarh,Agriculture,"Fishermen-inland
",@,-
511,2025-2026,Jan,Chhattisgarh,Agriculture,"Fishermen-coastal/deep-sea
",-,-
512,2025-2026,Jan,Chhattisgarh,Agriculture,"Loggers and wood cutters
",370,@
513,2025-2026,Jan,Chhattisgarh,Agriculture,"Animal husbandry workers (including poultry workers, dairy workers & herdsman)
",291.82,225.38
514,2025-2026,Jan,Chhattisgarh,Agriculture,"Packaging labourers, agriculture
",@,@
515,2025-2026,Jan,Chhattisgarh,Agriculture,"General agricultural labourers (including watering/irrigation workers, etc.)
",280,228.33
516,2025-2026,Jan,Chhattisgarh,Agriculture,"Plant protection workers (applying pesticides, treating seeds, etc.
",279.05,220
517,2025-2026,Jan,"Daman and Diu, Dadra Nagar and Haveli",Agriculture,"Ploughing/Tilling workers",518.33,@
518,2025-2026,Jan,"Daman and Diu, Dadra Nagar and Haveli",Agriculture,"Sowing(including Planting/Transplanting/ Weeding) workers)
",407.5,441.11
519,2025-2026,Jan,"Daman and Diu, Dadra Nagar and Haveli",Agriculture,"Harvesting/Winnowing/Threshing workers
",407.5,430
520,2025-2026,Jan,"Daman and Diu, Dadra Nagar and Haveli",Agriculture,"Picking workers (including Tea, Cotton, Tobacco and other commercial crops)
",-,-
521,2025-2026,Jan,"Daman and Diu, Dadra Nagar and Haveli",Agriculture,"Horticulture workers (including nursery growers)
",@,-
522,2025-2026,Jan,"Daman and Diu, Dadra Nagar and Haveli",Agriculture,"Fishermen-inland
",@,-
523,2025-2026,Jan,"Daman and Diu, Dadra Nagar and Haveli",Agriculture,"Fishermen-coastal/deep-sea
",572,-
524,2025-2026,Jan,"Daman and Diu, Dadra Nagar and Haveli",Agriculture,"Loggers and wood cutters
",520,-
525,2025-2026,Jan,"Daman and Diu, Dadra Nagar and Haveli",Agriculture,"Animal husbandry workers (including poultry workers, dairy workers & herdsman)
",@,@
526,2025-2026,Jan,"Daman and Diu, Dadra Nagar and Haveli",Agriculture,"Packaging labourers, agriculture
",@,@
527,2025-2026,Jan,"Daman and Diu, Dadra Nagar and Haveli",Agriculture,"General agricultural labourers (including watering/irrigation workers, etc.)
",395.71,@
528,2025-2026,Jan,"Daman and Diu, Dadra Nagar and Haveli",Agriculture,"Plant protection workers (applying pesticides, treating seeds, etc.
",@,-
529,2025-2026,Jan,Delhi,Agriculture,"Ploughing/Tilling workers",712.5,-
530,2025-2026,Jan,Delhi,Agriculture,"Sowing(including Planting/Transplanting/ Weeding) workers)
",525,500
531,2025-2026,Jan,Delhi,Agriculture,"Harvesting/Winnowing/Threshing workers
",512.5,500
532,2025-2026,Jan,Delhi,Agriculture,"Picking workers (including Tea, Cotton, Tobacco and other commercial crops)
",-,-
533,2025-2026,Jan,Delhi,Agriculture,"Horticulture workers (including nursery growers)
",-,-
534,2025-2026,Jan,Delhi,Agriculture,"Fishermen-inland
",-,-
535,2025-2026,Jan,Delhi,Agriculture,"Fishermen-coastal/deep-sea
",-,-
536,2025-2026,Jan,Delhi,Agriculture,"Loggers and wood cutters
",-,-
537,2025-2026,Jan,Delhi,Agriculture,"Animal husbandry workers (including poultry workers, dairy workers & herdsman)
",-,-
538,2025-2026,Jan,Delhi,Agriculture,"Packaging labourers, agriculture
",-,-
539,2025-2026,Jan,Delhi,Agriculture,"General agricultural labourers (including watering/irrigation workers, etc.)
",-,-
540,2025-2026,Jan,Delhi,Agriculture,"Plant protection workers (applying pesticides, treating seeds, etc.
",-,-
541,2025-2026,Jan,Goa,Agriculture,"Ploughing/Tilling workers",650,-
542,2025-2026,Jan,Goa,Agriculture,"Sowing(including Planting/Transplanting/ Weeding) workers)
",-,-
543,2025-2026,Jan,Goa,Agriculture,"Harvesting/Winnowing/Threshing workers
",812.5,575
544,2025-2026,Jan,Goa,Agriculture,"Picking workers (including Tea, Cotton, Tobacco and other commercial crops)
",575,387.5
545,2025-2026,Jan,Goa,Agriculture,"Horticulture workers (including nursery growers)
",-,-
546,2025-2026,Jan,Goa,Agriculture,"Fishermen-inland
",-,-
547,2025-2026,Jan,Goa,Agriculture,"Fishermen-coastal/deep-sea
",-,-
548,2025-2026,Jan,Goa,Agriculture,"Loggers and wood cutters
",-,-
549,2025-2026,Jan,Goa,Agriculture,"Animal husbandry workers (including poultry workers, dairy workers & herdsman)
",-,-
550,2025-2026,Jan,Goa,Agriculture,"Packaging labourers, agriculture
",-,-
551,2025-2026,Jan,Goa,Agriculture,"General agricultural labourers (including watering/irrigation workers, etc.)
",575,400
552,2025-2026,Jan,Goa,Agriculture,"Plant protection workers (applying pesticides, treating seeds, etc.
",437.5,-
553,2025-2026,Jan,Jharkhand,Agriculture,"Ploughing/Tilling workers",386.25,@
554,2025-2026,Jan,Jharkhand,Agriculture,"Sowing(including Planting/Transplanting/ Weeding) workers)
",350.59,323.33
555,2025-2026,Jan,Jharkhand,Agriculture,"Harvesting/Winnowing/Threshing workers
",341.58,294.29
556,2025-2026,Jan,Jharkhand,Agriculture,"Picking workers (including Tea, Cotton, Tobacco and other commercial crops)
",-,-
557,2025-2026,Jan,Jharkhand,Agriculture,"Horticulture workers (including nursery growers)
",@,@
558,2025-2026,Jan,Jharkhand,Agriculture,"Fishermen-inland
",479,-
559,2025-2026,Jan,Jharkhand,Agriculture,"Fishermen-coastal/deep-sea
",-,-
560,2025-2026,Jan,Jharkhand,Agriculture,"Loggers and wood cutters
",394,@
561,2025-2026,Jan,Jharkhand,Agriculture,"Animal husbandry workers (including poultry workers, dairy workers & herdsman)
",338.89,-
562,2025-2026,Jan,Jharkhand,Agriculture,"Packaging labourers, agriculture
",@,@
563,2025-2026,Jan,Jharkhand,Agriculture,"General agricultural labourers (including watering/irrigation workers, etc.)
",317.89,293.53
564,2025-2026,Jan,Jharkhand,Agriculture,"Plant protection workers (applying pesticides, treating seeds, etc.
",401.52,@
565,2025-2026,Jan,Lakshadweep,Agriculture,"Ploughing/Tilling workers",@,-
566,2025-2026,Jan,Lakshadweep,Agriculture,"Sowing(including Planting/Transplanting/ Weeding) workers)
",-,-
567,2025-2026,Jan,Lakshadweep,Agriculture,"Harvesting/Winnowing/Threshing workers
",870,-
568,2025-2026,Jan,Lakshadweep,Agriculture,"Picking workers (including Tea, Cotton, Tobacco and other commercial crops)
",-,-
569,2025-2026,Jan,Lakshadweep,Agriculture,"Horticulture workers (including nursery growers)
",-,-
570,2025-2026,Jan,Lakshadweep,Agriculture,"Fishermen-inland
",-,-
571,2025-2026,Jan,Lakshadweep,Agriculture,"Fishermen-coastal/deep-sea
",754,-
572,2025-2026,Jan,Lakshadweep,Agriculture,"Loggers and wood cutters
",431,-
573,2025-2026,Jan,Lakshadweep,Agriculture,"Animal husbandry workers (including poultry workers, dairy workers & herdsman)
",550,-
574,2025-2026,Jan,Lakshadweep,Agriculture,"Packaging labourers, agriculture
",-,-
575,2025-2026,Jan,Lakshadweep,Agriculture,"General agricultural labourers (including watering/irrigation workers, etc.)
",-,-
576,2025-2026,Jan,Lakshadweep,Agriculture,"Plant protection workers (applying pesticides, treating seeds, etc.
",-,-
577,2025-2026,Jan,Mizoram,Agriculture,"Ploughing/Tilling workers",587.5,487.5
578,2025-2026,Jan,Mizoram,Agriculture,"Sowing(including Planting/Transplanting/ Weeding) workers)
",587.5,487.5
579,2025-2026,Jan,Mizoram,Agriculture,"Harvesting/Winnowing/Threshing workers
",587.5,487.5
580,2025-2026,Jan,Mizoram,Agriculture,"Picking workers (including Tea, Cotton, Tobacco and other commercial crops)
",587.5,487.5
581,2025-2026,Jan,Mizoram,Agriculture,"Horticulture workers (including nursery growers)
",587.5,503.75
582,2025-2026,Jan,Mizoram,Agriculture,"Fishermen-inland
",587.5,-
583,2025-2026,Jan,Mizoram,Agriculture,"Fishermen-coastal/deep-sea
",-,-
584,2025-2026,Jan,Mizoram,Agriculture,"Loggers and wood cutters
",818.75,-
585,2025-2026,Jan,Mizoram,Agriculture,"Packaging labourers, agriculture
",575,468.75
586,2025-2026,Jan,Mizoram,Agriculture,"General agricultural labourers (including watering/irrigation workers, etc.)
",587.5,487.5
587,2025-2026,Jan,Mizoram,Agriculture,"Plant protection workers (applying pesticides, treating seeds, etc.
",587.5,487.5
588,2025-2026,Jan,Mizoram,Agriculture,"Animal husbandry workers (including poultry workers, dairy workers & herdsman)
",587.50,500.00
589,2025-2026,Jan,Nagaland,Agriculture,"Animal husbandry workers (including poultry workers, dairy workers & herdsman)
",@,-
590,2025-2026,Jan,Nagaland,Agriculture,"Ploughing/Tilling workers",502.08,429.17
591,2025-2026,Jan,Nagaland,Agriculture,"Sowing(including Planting/Transplanting/ Weeding) workers)
",502.08,429.17
592,2025-2026,Jan,Nagaland,Agriculture,"Harvesting/Winnowing/Threshing workers
",536.01,458.04
593,2025-2026,Jan,Nagaland,Agriculture,"Picking workers (including Tea, Cotton, Tobacco and other commercial crops)
",@,@
594,2025-2026,Jan,Nagaland,Agriculture,"Horticulture workers (including nursery growers)
",560.54,483.67
595,2025-2026,Jan,Nagaland,Agriculture,"Fishermen-inland
",@,-
596,2025-2026,Jan,Nagaland,Agriculture,"Fishermen-coastal/deep-sea
",-,-
597,2025-2026,Jan,Nagaland,Agriculture,"Loggers and wood cutters
",937.5,-
598,2025-2026,Jan,Nagaland,Agriculture,"Packaging labourers, agriculture
",@,@
599,2025-2026,Jan,Nagaland,Agriculture,"General agricultural labourers (including watering/irrigation workers, etc.)
",@,@
600,2025-2026,Jan,Nagaland,Agriculture,"Plant protection workers (applying pesticides, treating seeds, etc.
",673.21,-
601,2025-2026,Jan,Puducerry,Agriculture,"Ploughing/Tilling workers",-,-
602,2025-2026,Jan,Puducerry,Agriculture,"Sowing(including Planting/Transplanting/ Weeding) workers)
",865,447.14
603,2025-2026,Jan,Puducerry,Agriculture,"Harvesting/Winnowing/Threshing workers
",966.25,492
604,2025-2026,Jan,Puducerry,Agriculture,"Picking workers (including Tea, Cotton, Tobacco and other commercial crops)
",-,333.33
605,2025-2026,Jan,Puducerry,Agriculture,"Horticulture workers (including nursery growers)
",-,-
606,2025-2026,Jan,Puducerry,Agriculture,"Fishermen-inland
",-,-
607,2025-2026,Jan,Puducerry,Agriculture,"Fishermen-coastal/deep-sea
",-,-
608,2025-2026,Jan,Puducerry,Agriculture,"Loggers and wood cutters
",906.25,-
609,2025-2026,Jan,Puducerry,Agriculture,"Packaging labourers, agriculture
",604,302
610,2025-2026,Jan,Puducerry,Agriculture,"General agricultural labourers (including watering/irrigation workers, etc.)
",691.67,352
611,2025-2026,Jan,Puducerry,Agriculture,"Plant protection workers (applying pesticides, treating seeds, etc.
",615,@
612,2025-2026,Jan,Puducerry,Agriculture,"Animal husbandry workers (including poultry workers, dairy workers & herdsman)
",-,-
613,2025-2026,Jan,Sikkim,Agriculture,"Animal husbandry workers (including poultry workers, dairy workers & herdsman)
",-,-
614,2025-2026,Jan,Sikkim,Agriculture,"Ploughing/Tilling workers",1544.64,-
615,2025-2026,Jan,Sikkim,Agriculture,"Sowing(including Planting/Transplanting/ Weeding) workers)
",576.1900000000001,514.29
616,2025-2026,Jan,Sikkim,Agriculture,"Harvesting/Winnowing/Threshing workers
",478.57,478.57
617,2025-2026,Jan,Sikkim,Agriculture,"Picking workers (including Tea, Cotton, Tobacco and other commercial crops)
",-,-
618,2025-2026,Jan,Sikkim,Agriculture,"Horticulture workers (including nursery growers)
",476.19,476.19
619,2025-2026,Jan,Sikkim,Agriculture,"Fishermen-inland
",-,-
620,2025-2026,Jan,Sikkim,Agriculture,"Fishermen-coastal/deep-sea
",-,-
621,2025-2026,Jan,Sikkim,Agriculture,"Loggers and wood cutters
",855.36,-
622,2025-2026,Jan,Sikkim,Agriculture,"Packaging labourers, agriculture
",-,-
623,2025-2026,Jan,Sikkim,Agriculture,"General agricultural labourers (including watering/irrigation workers, etc.)
",478.57,468.57
624,2025-2026,Jan,Sikkim,Agriculture,"Plant protection workers (applying pesticides, treating seeds, etc.
",-,-
625,2025-2026,Jan,Telangana,Agriculture,"Ploughing/Tilling workers",675.1900000000001,@
626,2025-2026,Jan,Telangana,Agriculture,"Sowing(including Planting/Transplanting/ Weeding) workers)
",574,383.93
627,2025-2026,Jan,Telangana,Agriculture,"Harvesting/Winnowing/Threshing workers
",626.67,433.53
628,2025-2026,Jan,Telangana,Agriculture,"Picking workers (including Tea, Cotton, Tobacco and other commercial crops)
",464.44,348.7
629,2025-2026,Jan,Telangana,Agriculture,"Horticulture workers (including nursery growers)
",@,335.71
630,2025-2026,Jan,Telangana,Agriculture,"Fishermen-inland
",-,-
631,2025-2026,Jan,Telangana,Agriculture,"Fishermen-coastal/deep-sea
",-,-
632,2025-2026,Jan,Telangana,Agriculture,"Loggers and wood cutters
",383.33,-
633,2025-2026,Jan,Telangana,Agriculture,"Packaging labourers, agriculture
",@,-
634,2025-2026,Jan,Telangana,Agriculture,"General agricultural labourers (including watering/irrigation workers, etc.)
",416.55,362.61
635,2025-2026,Jan,Telangana,Agriculture,"Plant protection workers (applying pesticides, treating seeds, etc.
",400,-
636,2025-2026,Jan,Telangana,Agriculture,"Animal husbandry workers (including poultry workers, dairy workers & herdsman)
",326.84,-
637,2025-2026,Jan,Uttarakhand,Agriculture,"Animal husbandry workers (including poultry workers, dairy workers & herdsman)
",450.00,@
638,2025-2026,Jan,Uttarakhand,Agriculture,"Ploughing/Tilling workers",@,@
639,2025-2026,Jan,Uttarakhand,Agriculture,"Sowing(including Planting/Transplanting/ Weeding) workers)
",542.86,485.71
640,2025-2026,Jan,Uttarakhand,Agriculture,"Harvesting/Winnowing/Threshing workers
",520,520
641,2025-2026,Jan,Uttarakhand,Agriculture,"Picking workers (including Tea, Cotton, Tobacco and other commercial crops)
",-,-
642,2025-2026,Jan,Uttarakhand,Agriculture,"Horticulture workers (including nursery growers)
",@,@
643,2025-2026,Jan,Uttarakhand,Agriculture,"Fishermen-inland
",-,-
644,2025-2026,Jan,Uttarakhand,Agriculture,"Fishermen-coastal/deep-sea
",-,-
645,2025-2026,Jan,Uttarakhand,Agriculture,"Loggers and wood cutters
",606.25,-
646,2025-2026,Jan,Uttarakhand,Agriculture,"Packaging labourers, agriculture
",@,-
647,2025-2026,Jan,Uttarakhand,Agriculture,"General agricultural labourers (including watering/irrigation workers, etc.)
",487.5,360
648,2025-2026,Jan,Uttarakhand,Agriculture,"Plant protection workers (applying pesticides, treating seeds, etc.
",@,-
649,2025-2026,Jan,"All India",Agriculture,"Ploughing/Tilling workers",540.36,408.73
650,2025-2026,Jan,"All India",Agriculture,"Sowing(including Planting/Transplanting/ Weeding) workers)
",476.62,388.10
651,2025-2026,Jan,"All India",Agriculture,"Harvesting/Winnowing/Threshing workers
",484.40,392.70
652,2025-2026,Jan,"All India",Agriculture,"Picking workers (including Tea, Cotton, Tobacco and other commercial crops)
",437.02,370.69
653,2025-2026,Jan,"All India",Agriculture,"Horticulture workers (including nursery growers)
",463.69,370.77
654,2025-2026,Jan,"All India",Agriculture,"Fishermen-inland
",504.96,338.24
655,2025-2026,Jan,"All India",Agriculture,"Fishermen-coastal/deep-sea
",728.82,-
656,2025-2026,Jan,"All India",Agriculture,"Loggers and wood cutters
",566.14,342.94
657,2025-2026,Jan,"All India",Agriculture,"Animal husbandry workers (including poultry workers, dairy workers & herdsman)
",405.74,357.26
658,2025-2026,Jan,"All India",Agriculture,"Packaging labourers, agriculture
",465.72,395.23
659,2025-2026,Jan,"All India",Agriculture,"General agricultural labourers (including watering/irrigation workers, etc.)
",452.51,371.31
660,2025-2026,Jan,"All India",Agriculture,"Plant protection workers (applying pesticides, treating seeds, etc.
",500.29,401.33
661,2024-2025,Jan,"All India",Agriculture,"Ploughing/Tilling workers",451.79,316.26
662,2024-2025,Jan,"All India",Agriculture,"Sowing(including Planting/Transplanting/ Weeding) workers)
",413.67,343.41
663,2024-2025,Jan,"All India",Agriculture,"Harvesting/Winnowing/Threshing workers
",412.88,345.81
664,2024-2025,Jan,"All India",Agriculture,"Picking workers (including Tea, Cotton, Tobacco and other commercial crops)
",374.75,330.53
665,2024-2025,Jan,"All India",Agriculture,"Horticulture workers (including nursery growers)
",416.64,320.50
666,2024-2025,Jan,"All India",Agriculture,"Fishermen-inland
",462.62,@
667,2024-2025,Jan,"All India",Agriculture,"Fishermen-coastal/deep-sea
",458.00,@
668,2024-2025,Jan,"All India",Agriculture,"Loggers and wood cutters
",499.48,315.69
669,2024-2025,Jan,"All India",Agriculture,"Animal husbandry workers (including poultry workers, dairy workers & herdsman)
",329.41,263.09
670,2024-2025,Jan,"All India",Agriculture,"Packaging labourers, agriculture
",375.87,316.49
671,2024-2025,Jan,"All India",Agriculture,"General agricultural labourers (including watering/irrigation workers, etc.)
",405.15,321.98
672,2024-2025,Jan,"All India",Agriculture,"Plant protection workers (applying pesticides, treating seeds, etc.
",450.69,298.17
673,2024-2025,Feb,"ANDHRA PRADESH",Agriculture,"Ploughing/Tilling workers",644.15,@
674,2024-2025,Feb,"ANDHRA PRADESH",Agriculture,"Sowing(including Planting/Transplanting/ Weeding) workers)
",536.60,415.37
675,2024-2025,Feb,"ANDHRA PRADESH",Agriculture,"Harvesting/Winnowing/Threshing workers
",556.77,419.43
676,2024-2025,Feb,"ANDHRA PRADESH",Agriculture,"Picking workers (including Tea, Cotton, Tobacco and other commercial crops)
",458.79,389.91
677,2024-2025,Feb,"ANDHRA PRADESH",Agriculture,"Horticulture workers (including nursery growers)
",@,321.00
678,2024-2025,Feb,"ANDHRA PRADESH",Agriculture,"Fishermen-inland
",@,@
679,2024-2025,Feb,"ANDHRA PRADESH",Agriculture,"Fishermen-coastal/deep-sea
",-,-
680,2024-2025,Feb,"ANDHRA PRADESH",Agriculture,"Loggers and wood cutters
",517.02,-
681,2024-2025,Feb,"ANDHRA PRADESH",Agriculture,"Animal husbandry workers (including poultry workers, dairy workers & herdsman)
",344.62,@
682,2024-2025,Feb,"ANDHRA PRADESH",Agriculture,"Packaging labourers, agriculture
",@,@
683,2024-2025,Feb,"ANDHRA PRADESH",Agriculture,"General agricultural labourers (including watering/irrigation workers, etc.)
",465.76,339.80
684,2024-2025,Feb,"ANDHRA PRADESH",Agriculture,"Plant protection workers (applying pesticides, treating seeds, etc.
",706.52,@
685,2025-2026,Feb,"ANDHRA PRADESH",Agriculture,"Ploughing/Tilling workers",700.74,@
686,2025-2026,Feb,"ANDHRA PRADESH",Agriculture,"Sowing(including Planting/Transplanting/ Weeding) workers)
",613.3099999999999,443.87
687,2025-2026,Feb,"ANDHRA PRADESH",Agriculture,"Harvesting/Winnowing/Threshing workers
",614.9,419.68
688,2025-2026,Feb,"ANDHRA PRADESH",Agriculture,"Picking workers (including Tea, Cotton, Tobacco and other commercial crops)
",456.9,418.65
689,2025-2026,Feb,"ANDHRA PRADESH",Agriculture,"Horticulture workers (including nursery growers)
",583.36,444.95
690,2025-2026,Feb,"ANDHRA PRADESH",Agriculture,"Fishermen-inland
",@,-
691,2025-2026,Feb,"ANDHRA PRADESH",Agriculture,"Fishermen-coastal/deep-sea
",-,-
692,2025-2026,Feb,"ANDHRA PRADESH",Agriculture,"Loggers and wood cutters
",631.14,-
693,2025-2026,Feb,"ANDHRA PRADESH",Agriculture,"Animal husbandry workers (including poultry workers, dairy workers & herdsman)
",@,@
694,2025-2026,Feb,"ANDHRA PRADESH",Agriculture,"Packaging labourers, agriculture
",@,@
695,2025-2026,Feb,"ANDHRA PRADESH",Agriculture,"General agricultural labourers (including watering/irrigation workers, etc.)
",596.36,433.71
696,2025-2026,Feb,"ANDHRA PRADESH",Agriculture,"Plant protection workers (applying pesticides, treating seeds, etc.
",896.83,-
697,2025-2026,Feb,ASSAM,Agriculture,"Ploughing/Tilling workers",513.53,@
698,2025-2026,Feb,ASSAM,Agriculture,"Sowing(including Planting/Transplanting/ Weeding) workers)
",412.4,374.29
699,2025-2026,Feb,ASSAM,Agriculture,"Harvesting/Winnowing/Threshing workers
",462.13,387.18
700,2025-2026,Feb,ASSAM,Agriculture,"Picking workers (including Tea, Cotton, Tobacco and other commercial crops)
",@,@
701,2025-2026,Feb,ASSAM,Agriculture,"Horticulture workers (including nursery growers)
",436.01,339.17
702,2025-2026,Feb,ASSAM,Agriculture,"Fishermen-inland
",517.62,-
703,2025-2026,Feb,ASSAM,Agriculture,"Fishermen-coastal/deep-sea
",-,-
704,2025-2026,Feb,ASSAM,Agriculture,"Loggers and wood cutters
",468.79,-
705,2025-2026,Feb,ASSAM,Agriculture,"Animal husbandry workers (including poultry workers, dairy workers & herdsman)
",445.56,473
706,2025-2026,Feb,ASSAM,Agriculture,"Packaging labourers, agriculture
",@,@
707,2025-2026,Feb,ASSAM,Agriculture,"General agricultural labourers (including watering/irrigation workers, etc.)
",403.98,360.63
708,2025-2026,Feb,ASSAM,Agriculture,"Plant protection workers (applying pesticides, treating seeds, etc.
",437.29,@
709,2024-2025,Feb,ASSAM,Agriculture,"Ploughing/Tilling workers",457.16,@
710,2024-2025,Feb,ASSAM,Agriculture,"Sowing(including Planting/Transplanting/ Weeding) workers)
",425.56,345.19
711,2024-2025,Feb,ASSAM,Agriculture,"Harvesting/Winnowing/Threshing workers
",408.04,332.78
712,2024-2025,Feb,ASSAM,Agriculture,"Picking workers (including Tea, Cotton, Tobacco and other commercial crops)
",@,@
713,2024-2025,Feb,ASSAM,Agriculture,"Horticulture workers (including nursery growers)
",-,342.22
714,2024-2025,Feb,ASSAM,Agriculture,"Fishermen-inland
",-,-
715,2024-2025,Feb,ASSAM,Agriculture,"Fishermen-coastal/deep-sea
",-,-
716,2024-2025,Feb,ASSAM,Agriculture,"Loggers and wood cutters
",388.00,-
717,2024-2025,Feb,ASSAM,Agriculture,"Animal husbandry workers (including poultry workers, dairy workers & herdsman)
",305.00,-
718,2024-2025,Feb,ASSAM,Agriculture,"Packaging labourers, agriculture
",382.00,@
719,2024-2025,Feb,ASSAM,Agriculture,"General agricultural labourers (including watering/irrigation workers, etc.)
",400.53,363.67
720,2024-2025,Feb,ASSAM,Agriculture,"Plant protection workers (applying pesticides, treating seeds, etc.
",@,@
721,2024-2025,Feb,BIHAR,Agriculture,"Ploughing/Tilling workers",428.55,-
722,2024-2025,Feb,BIHAR,Agriculture,"Sowing(including Planting/Transplanting/ Weeding) workers)
",404.81,347.44
723,2024-2025,Feb,BIHAR,Agriculture,"Harvesting/Winnowing/Threshing workers
",398.33,352.43
724,2024-2025,Feb,BIHAR,Agriculture,"Picking workers (including Tea, Cotton, Tobacco and other commercial crops)
",368.90,@
725,2024-2025,Feb,BIHAR,Agriculture,"Horticulture workers (including nursery growers)
",306.17,271.67
726,2024-2025,Feb,BIHAR,Agriculture,"Fishermen-inland
",375.33,-
727,2024-2025,Feb,BIHAR,Agriculture,"Fishermen-coastal/deep-sea
",-,-
728,2024-2025,Feb,BIHAR,Agriculture,"Loggers and wood cutters
",494.08,-
729,2024-2025,Feb,BIHAR,Agriculture,"Animal husbandry workers (including poultry workers, dairy workers & herdsman)
",319.48,310.00
730,2024-2025,Feb,BIHAR,Agriculture,"Packaging labourers, agriculture
",340.38,331.67
731,2024-2025,Feb,BIHAR,Agriculture,"General agricultural labourers (including watering/irrigation workers, etc.)
",378.93,332.83
732,2024-2025,Feb,BIHAR,Agriculture,"Plant protection workers (applying pesticides, treating seeds, etc.
",400.36,@
733,2025-2026,Feb,BIHAR,Agriculture,"Ploughing/Tilling workers",445.26,320
734,2025-2026,Feb,BIHAR,Agriculture,"Sowing(including Planting/Transplanting/ Weeding) workers)
",396.4,338.37
735,2025-2026,Feb,BIHAR,Agriculture,"Harvesting/Winnowing/Threshing workers
",393.66,338.47
736,2025-2026,Feb,BIHAR,Agriculture,"Picking workers (including Tea, Cotton, Tobacco and other commercial crops)
",@,@
737,2025-2026,Feb,BIHAR,Agriculture,"Horticulture workers (including nursery growers)
",344.44,291.67
738,2025-2026,Feb,BIHAR,Agriculture,"Fishermen-inland
",450,-
739,2025-2026,Feb,BIHAR,Agriculture,"Fishermen-coastal/deep-sea
",-,-
740,2025-2026,Feb,BIHAR,Agriculture,"Loggers and wood cutters
",529.1799999999999,-
741,2025-2026,Feb,BIHAR,Agriculture,"Animal husbandry workers (including poultry workers, dairy workers & herdsman)
",376.82,@
742,2025-2026,Feb,BIHAR,Agriculture,"Packaging labourers, agriculture
",338.89,285
743,2025-2026,Feb,BIHAR,Agriculture,"General agricultural labourers (including watering/irrigation workers, etc.)
",383.68,300
744,2025-2026,Feb,BIHAR,Agriculture,"Plant protection workers (applying pesticides, treating seeds, etc.
",386.91,282.14
745,2025-2026,Feb,GUJARAT,Agriculture,"Ploughing/Tilling workers",408.78,374.17
746,2025-2026,Feb,GUJARAT,Agriculture,"Sowing(including Planting/Transplanting/ Weeding) workers)
",343.5,335.59
747,2025-2026,Feb,GUJARAT,Agriculture,"Harvesting/Winnowing/Threshing workers
",346.04,335.02
748,2025-2026,Feb,GUJARAT,Agriculture,"Picking workers (including Tea, Cotton, Tobacco and other commercial crops)
",344.77,332.07
749,2025-2026,Feb,GUJARAT,Agriculture,"Horticulture workers (including nursery growers)
",294.29,292
750,2025-2026,Feb,GUJARAT,Agriculture,"Fishermen-inland
",@,@
751,2025-2026,Feb,GUJARAT,Agriculture,"Fishermen-coastal/deep-sea
",-,-
752,2025-2026,Feb,GUJARAT,Agriculture,"Loggers and wood cutters
",419.25,368.57
753,2025-2026,Feb,GUJARAT,Agriculture,"Animal husbandry workers (including poultry workers, dairy workers & herdsman)
",332.29,292.22
754,2025-2026,Feb,GUJARAT,Agriculture,"Packaging labourers, agriculture
",358.24,348.33
755,2025-2026,Feb,GUJARAT,Agriculture,"General agricultural labourers (including watering/irrigation workers, etc.)
",331.67,297.63
756,2025-2026,Feb,GUJARAT,Agriculture,"Plant protection workers (applying pesticides, treating seeds, etc.
",358.97,327.22
757,2024-2025,Feb,GUJARAT,Agriculture,"Ploughing/Tilling workers",353.62,288.00
758,2024-2025,Feb,GUJARAT,Agriculture,"Sowing(including Planting/Transplanting/ Weeding) workers)
",313.33,303.10
759,2024-2025,Feb,GUJARAT,Agriculture,"Harvesting/Winnowing/Threshing workers
",316.67,312.33
760,2024-2025,Feb,GUJARAT,Agriculture,"Picking workers (including Tea, Cotton, Tobacco and other commercial crops)
",308.00,306.00
761,2024-2025,Feb,GUJARAT,Agriculture,"Horticulture workers (including nursery growers)
",231.43,235.00
762,2024-2025,Feb,GUJARAT,Agriculture,"Fishermen-inland
",@,-
763,2024-2025,Feb,GUJARAT,Agriculture,"Fishermen-coastal/deep-sea
",-,-
764,2024-2025,Feb,GUJARAT,Agriculture,"Loggers and wood cutters
",389.62,@
765,2024-2025,Feb,GUJARAT,Agriculture,"Animal husbandry workers (including poultry workers, dairy workers & herdsman)
",269.55,@
766,2024-2025,Feb,GUJARAT,Agriculture,"Packaging labourers, agriculture
",261.43,@
767,2024-2025,Feb,GUJARAT,Agriculture,"General agricultural labourers (including watering/irrigation workers, etc.)
",292.37,294.41
768,2024-2025,Feb,GUJARAT,Agriculture,"Plant protection workers (applying pesticides, treating seeds, etc.
",290.00,-
769,2024-2025,Feb,HARYANA,Agriculture,"Ploughing/Tilling workers",508.50,@
770,2024-2025,Feb,HARYANA,Agriculture,"Sowing(including Planting/Transplanting/ Weeding) workers)
",513.17,472.64
771,2024-2025,Feb,HARYANA,Agriculture,"Harvesting/Winnowing/Threshing workers
",526.64,495.30
772,2024-2025,Feb,HARYANA,Agriculture,"Picking workers (including Tea, Cotton, Tobacco and other commercial crops)
",526.67,516.67
773,2024-2025,Feb,HARYANA,Agriculture,"Horticulture workers (including nursery growers)
",@,@
774,2024-2025,Feb,HARYANA,Agriculture,"Fishermen-inland
",-,-
775,2024-2025,Feb,HARYANA,Agriculture,"Fishermen-coastal/deep-sea
",-,-
776,2024-2025,Feb,HARYANA,Agriculture,"Loggers and wood cutters
",514.00,-
777,2024-2025,Feb,HARYANA,Agriculture,"Animal husbandry workers (including poultry workers, dairy workers & herdsman)
",490.00,@
778,2024-2025,Feb,HARYANA,Agriculture,"Packaging labourers, agriculture
",@,@
779,2024-2025,Feb,HARYANA,Agriculture,"General agricultural labourers (including watering/irrigation workers, etc.)
",515.25,482.17
780,2024-2025,Feb,HARYANA,Agriculture,"Plant protection workers (applying pesticides, treating seeds, etc.
",519.75,-
781,2025-2026,Feb,HARYANA,Agriculture,"Ploughing/Tilling workers",598.76,@
782,2025-2026,Feb,HARYANA,Agriculture,"Sowing(including Planting/Transplanting/ Weeding) workers)
",614.48,542.5
783,2025-2026,Feb,HARYANA,Agriculture,"Harvesting/Winnowing/Threshing workers
",564.48,434.4
784,2025-2026,Feb,HARYANA,Agriculture,"Picking workers (including Tea, Cotton, Tobacco and other commercial crops)
",520,520
785,2025-2026,Feb,HARYANA,Agriculture,"Horticulture workers (including nursery growers)
",@,@
786,2025-2026,Feb,HARYANA,Agriculture,"Fishermen-inland
",-,-
787,2025-2026,Feb,HARYANA,Agriculture,"Fishermen-coastal/deep-sea
",-,-
788,2025-2026,Feb,HARYANA,Agriculture,"Loggers and wood cutters
",513.75,-
789,2025-2026,Feb,HARYANA,Agriculture,"Animal husbandry workers (including poultry workers, dairy workers & herdsman)
",430.31,394.44
790,2025-2026,Feb,HARYANA,Agriculture,"Packaging labourers, agriculture
",584,605.71
791,2025-2026,Feb,HARYANA,Agriculture,"General agricultural labourers (including watering/irrigation workers, etc.)
",589.24,502.67
792,2025-2026,Feb,HARYANA,Agriculture,"Plant protection workers (applying pesticides, treating seeds, etc.
",582.1,@
793,2025-2026,Feb,"HIMACHAL PRADESH",Agriculture,"Ploughing/Tilling workers",766.67,@
794,2025-2026,Feb,"HIMACHAL PRADESH",Agriculture,"Sowing(including Planting/Transplanting/ Weeding) workers)
",580,568.89
795,2025-2026,Feb,"HIMACHAL PRADESH",Agriculture,"Harvesting/Winnowing/Threshing workers
",532.5,511.43
796,2025-2026,Feb,"HIMACHAL PRADESH",Agriculture,"Picking workers (including Tea, Cotton, Tobacco and other commercial crops)
",-,-
797,2025-2026,Feb,"HIMACHAL PRADESH",Agriculture,"Horticulture workers (including nursery growers)
",538,538
798,2025-2026,Feb,"HIMACHAL PRADESH",Agriculture,"Fishermen-inland
",@,-
799,2025-2026,Feb,"HIMACHAL PRADESH",Agriculture,"Fishermen-coastal/deep-sea
",-,-
800,2025-2026,Feb,"HIMACHAL PRADESH",Agriculture,"Loggers and wood cutters
",648.75,@
801,2025-2026,Feb,"HIMACHAL PRADESH",Agriculture,"Animal husbandry workers (including poultry workers, dairy workers & herdsman)
",@,@
802,2025-2026,Feb,"HIMACHAL PRADESH",Agriculture,"Packaging labourers, agriculture
",@,@
803,2025-2026,Feb,"HIMACHAL PRADESH",Agriculture,"General agricultural labourers (including watering/irrigation workers, etc.)
",532.73,540
804,2025-2026,Feb,"HIMACHAL PRADESH",Agriculture,"Plant protection workers (applying pesticides, treating seeds, etc.
",691.67,@
805,2024-2025,Feb,"HIMACHAL PRADESH",Agriculture,"Ploughing/Tilling workers",618.57,-
806,2024-2025,Feb,"HIMACHAL PRADESH",Agriculture,"Sowing(including Planting/Transplanting/ Weeding) workers)
",518.33,@
807,2024-2025,Feb,"HIMACHAL PRADESH",Agriculture,"Harvesting/Winnowing/Threshing workers
",528.00,@
808,2024-2025,Feb,"HIMACHAL PRADESH",Agriculture,"Picking workers (including Tea, Cotton, Tobacco and other commercial crops)
",-,-
809,2024-2025,Feb,"HIMACHAL PRADESH",Agriculture,"Horticulture workers (including nursery growers)
",506.00,@
810,2024-2025,Feb,"HIMACHAL PRADESH",Agriculture,"Fishermen-inland
",-,-
811,2024-2025,Feb,"HIMACHAL PRADESH",Agriculture,"Fishermen-coastal/deep-sea
",-,-
812,2024-2025,Feb,"HIMACHAL PRADESH",Agriculture,"Loggers and wood cutters
",578.00,-
813,2024-2025,Feb,"HIMACHAL PRADESH",Agriculture,"Animal husbandry workers (including poultry workers, dairy workers & herdsman)
",@,@
814,2024-2025,Feb,"HIMACHAL PRADESH",Agriculture,"Packaging labourers, agriculture
",-,-
815,2024-2025,Feb,"HIMACHAL PRADESH",Agriculture,"General agricultural labourers (including watering/irrigation workers, etc.)
",516.00,@
816,2024-2025,Feb,"HIMACHAL PRADESH",Agriculture,"Plant protection workers (applying pesticides, treating seeds, etc.
",@,-
817,2024-2025,Feb,"JAMMU & KASHMIR
",Agriculture,"Ploughing/Tilling workers",721.82,-
818,2024-2025,Feb,"JAMMU & KASHMIR
",Agriculture,"Sowing(including Planting/Transplanting/ Weeding) workers)
",633.68,@
819,2024-2025,Feb,"JAMMU & KASHMIR
",Agriculture,"Harvesting/Winnowing/Threshing workers
",642.31,@
820,2024-2025,Feb,"JAMMU & KASHMIR
",Agriculture,"Picking workers (including Tea, Cotton, Tobacco and other commercial crops)
",@,-
821,2024-2025,Feb,"JAMMU & KASHMIR
",Agriculture,"Horticulture workers (including nursery growers)
",630.00,-
822,2024-2025,Feb,"JAMMU & KASHMIR
",Agriculture,"Fishermen-inland
",-,-
823,2024-2025,Feb,"JAMMU & KASHMIR
",Agriculture,"Fishermen-coastal/deep-sea
",-,-
824,2024-2025,Feb,"JAMMU & KASHMIR
",Agriculture,"Loggers and wood cutters
",637.00,-
825,2024-2025,Feb,"JAMMU & KASHMIR
",Agriculture,"Animal husbandry workers (including poultry workers, dairy workers & herdsman)
",570.00,-
826,2024-2025,Feb,"JAMMU & KASHMIR
",Agriculture,"Packaging labourers, agriculture
",668.57,-
827,2024-2025,Feb,"JAMMU & KASHMIR
",Agriculture,"General agricultural labourers (including watering/irrigation workers, etc.)
",594.00,@
828,2024-2025,Feb,"JAMMU & KASHMIR
",Agriculture,"Plant protection workers (applying pesticides, treating seeds, etc.
",648.00,-
829,2025-2026,Feb,"JAMMU & KASHMIR
",Agriculture,"Ploughing/Tilling workers",749.55,-
830,2025-2026,Feb,"JAMMU & KASHMIR
",Agriculture,"Sowing(including Planting/Transplanting/ Weeding) workers)
",672,@
831,2025-2026,Feb,"JAMMU & KASHMIR
",Agriculture,"Harvesting/Winnowing/Threshing workers
",676.5,640
832,2025-2026,Feb,"JAMMU & KASHMIR
",Agriculture,"Picking workers (including Tea, Cotton, Tobacco and other commercial crops)
",692.86,-
833,2025-2026,Feb,"JAMMU & KASHMIR
",Agriculture,"Horticulture workers (including nursery growers)
",660.77,-
834,2025-2026,Feb,"JAMMU & KASHMIR
",Agriculture,"Fishermen-inland
",-,-
835,2025-2026,Feb,"JAMMU & KASHMIR
",Agriculture,"Fishermen-coastal/deep-sea
",-,-
836,2025-2026,Feb,"JAMMU & KASHMIR
",Agriculture,"Loggers and wood cutters
",770.5,-
837,2025-2026,Feb,"JAMMU & KASHMIR
",Agriculture,"Animal husbandry workers (including poultry workers, dairy workers & herdsman)
",464.05,-
838,2025-2026,Feb,"JAMMU & KASHMIR
",Agriculture,"Packaging labourers, agriculture
",718.1799999999999,-
839,2025-2026,Feb,"JAMMU & KASHMIR
",Agriculture,"General agricultural labourers (including watering/irrigation workers, etc.)
",591.67,-
840,2025-2026,Feb,"JAMMU & KASHMIR
",Agriculture,"Plant protection workers (applying pesticides, treating seeds, etc.
",687.5,-
841,2025-2026,Feb,KARNATAKA,Agriculture,"Ploughing/Tilling workers",631.3,@
842,2025-2026,Feb,KARNATAKA,Agriculture,"Sowing(including Planting/Transplanting/ Weeding) workers)
",571.25,427.52
843,2025-2026,Feb,KARNATAKA,Agriculture,"Harvesting/Winnowing/Threshing workers
",554.65,415.93
844,2025-2026,Feb,KARNATAKA,Agriculture,"Picking workers (including Tea, Cotton, Tobacco and other commercial crops)
",486.43,354
845,2025-2026,Feb,KARNATAKA,Agriculture,"Horticulture workers (including nursery growers)
",546.3,350.91
846,2025-2026,Feb,KARNATAKA,Agriculture,"Fishermen-inland
",@,-
847,2025-2026,Feb,KARNATAKA,Agriculture,"Fishermen-coastal/deep-sea
",-,-
848,2025-2026,Feb,KARNATAKA,Agriculture,"Loggers and wood cutters
",621.98,-
849,2025-2026,Feb,KARNATAKA,Agriculture,"Animal husbandry workers (including poultry workers, dairy workers & herdsman)
",536.92,@
850,2025-2026,Feb,KARNATAKA,Agriculture,"Packaging labourers, agriculture
",508.75,402
851,2025-2026,Feb,KARNATAKA,Agriculture,"General agricultural labourers (including watering/irrigation workers, etc.)
",523.16,403.35
852,2025-2026,Feb,KARNATAKA,Agriculture,"Plant protection workers (applying pesticides, treating seeds, etc.
",489.06,423.33
853,2024-2025,Feb,KARNATAKA,Agriculture,"Ploughing/Tilling workers",509.56,266.67
854,2024-2025,Feb,KARNATAKA,Agriculture,"Sowing(including Planting/Transplanting/ Weeding) workers)
",467.33,339.64
855,2024-2025,Feb,KARNATAKA,Agriculture,"Harvesting/Winnowing/Threshing workers
",464.67,324.33
856,2024-2025,Feb,KARNATAKA,Agriculture,"Picking workers (including Tea, Cotton, Tobacco and other commercial crops)
",441.88,301.43
857,2024-2025,Feb,KARNATAKA,Agriculture,"Horticulture workers (including nursery growers)
",497.69,367.00
858,2024-2025,Feb,KARNATAKA,Agriculture,"Fishermen-inland
",@,-
859,2024-2025,Feb,KARNATAKA,Agriculture,"Fishermen-coastal/deep-sea
",@,-
860,2024-2025,Feb,KARNATAKA,Agriculture,"Loggers and wood cutters
",545.88,-
861,2024-2025,Feb,KARNATAKA,Agriculture,"Animal husbandry workers (including poultry workers, dairy workers & herdsman)
",427.00,344.29
862,2024-2025,Feb,KARNATAKA,Agriculture,"Packaging labourers, agriculture
",466.67,@
863,2024-2025,Feb,KARNATAKA,Agriculture,"General agricultural labourers (including watering/irrigation workers, etc.)
",467.41,336.00
864,2024-2025,Feb,KARNATAKA,Agriculture,"Plant protection workers (applying pesticides, treating seeds, etc.
",444.62,-
865,2024-2025,Feb,KERALA,Agriculture,"Ploughing/Tilling workers",940.48,@
866,2024-2025,Feb,KERALA,Agriculture,"Sowing(including Planting/Transplanting/ Weeding) workers)
",948.52,661.92
867,2024-2025,Feb,KERALA,Agriculture,"Harvesting/Winnowing/Threshing workers
",818.00,674.58
868,2024-2025,Feb,KERALA,Agriculture,"Picking workers (including Tea, Cotton, Tobacco and other commercial crops)
",-,@
869,2024-2025,Feb,KERALA,Agriculture,"Horticulture workers (including nursery growers)
",@,@
870,2024-2025,Feb,KERALA,Agriculture,"Fishermen-inland
",-,-
871,2024-2025,Feb,KERALA,Agriculture,"Fishermen-coastal/deep-sea
",-,-
872,2024-2025,Feb,KERALA,Agriculture,"Loggers and wood cutters
",1128.57,-
873,2024-2025,Feb,KERALA,Agriculture,"Animal husbandry workers (including poultry workers, dairy workers & herdsman)
",674.48,-
874,2024-2025,Feb,KERALA,Agriculture,"Packaging labourers, agriculture
",-,-
875,2024-2025,Feb,KERALA,Agriculture,"General agricultural labourers (including watering/irrigation workers, etc.)
",880.36,637.50
876,2024-2025,Feb,KERALA,Agriculture,"Plant protection workers (applying pesticides, treating seeds, etc.
",749.00,-
877,2025-2026,Feb,KERALA,Agriculture,"Ploughing/Tilling workers",1033.33,-
878,2025-2026,Feb,KERALA,Agriculture,"Sowing(including Planting/Transplanting/ Weeding) workers)
",871.15,645.83
879,2025-2026,Feb,KERALA,Agriculture,"Harvesting/Winnowing/Threshing workers
",870.98,723.27
880,2025-2026,Feb,KERALA,Agriculture,"Picking workers (including Tea, Cotton, Tobacco and other commercial crops)
",-,@
881,2025-2026,Feb,KERALA,Agriculture,"Horticulture workers (including nursery growers)
",775,@
882,2025-2026,Feb,KERALA,Agriculture,"Fishermen-inland
",-,-
883,2025-2026,Feb,KERALA,Agriculture,"Fishermen-coastal/deep-sea
",-,-
884,2025-2026,Feb,KERALA,Agriculture,"Loggers and wood cutters
",1055.56,-
885,2025-2026,Feb,KERALA,Agriculture,"Animal husbandry workers (including poultry workers, dairy workers & herdsman)
",695.83,-
886,2025-2026,Feb,KERALA,Agriculture,"Packaging labourers, agriculture
",902.5,693.75
887,2025-2026,Feb,KERALA,Agriculture,"General agricultural labourers (including watering/irrigation workers, etc.)
",862.8099999999999,677.27
888,2025-2026,Feb,KERALA,Agriculture,"Plant protection workers (applying pesticides, treating seeds, etc.
",841.76,@
889,2025-2026,Feb,"MADHYA PRADESH",Agriculture,"Ploughing/Tilling workers",376.5,300
890,2025-2026,Feb,"MADHYA PRADESH",Agriculture,"Sowing(including Planting/Transplanting/ Weeding) workers)
",361.45,303.64
891,2025-2026,Feb,"MADHYA PRADESH",Agriculture,"Harvesting/Winnowing/Threshing workers
",358.21,309.92
892,2025-2026,Feb,"MADHYA PRADESH",Agriculture,"Picking workers (including Tea, Cotton, Tobacco and other commercial crops)
",392.08,351.04
893,2025-2026,Feb,"MADHYA PRADESH",Agriculture,"Horticulture workers (including nursery growers)
",300,285.71
894,2025-2026,Feb,"MADHYA PRADESH",Agriculture,"Fishermen-inland
",-,-
895,2025-2026,Feb,"MADHYA PRADESH",Agriculture,"Fishermen-coastal/deep-sea
",-,-
896,2025-2026,Feb,"MADHYA PRADESH",Agriculture,"Loggers and wood cutters
",417.53,290
897,2025-2026,Feb,"MADHYA PRADESH",Agriculture,"Animal husbandry workers (including poultry workers, dairy workers & herdsman)
",270.36,242.22
898,2025-2026,Feb,"MADHYA PRADESH",Agriculture,"Packaging labourers, agriculture
",@,@
899,2025-2026,Feb,"MADHYA PRADESH",Agriculture,"General agricultural labourers (including watering/irrigation workers, etc.)
",332.1,288.33
900,2025-2026,Feb,"MADHYA PRADESH",Agriculture,"Plant protection workers (applying pesticides, treating seeds, etc.
",374.47,@
901,2024-2025,Feb,"MADHYA PRADESH",Agriculture,"Ploughing/Tilling workers",317.46,244.29
902,2024-2025,Feb,"MADHYA PRADESH",Agriculture,"Sowing(including Planting/Transplanting/ Weeding) workers)
",291.59,260.08
903,2024-2025,Feb,"MADHYA PRADESH",Agriculture,"Harvesting/Winnowing/Threshing workers
",300.45,261.85
904,2024-2025,Feb,"MADHYA PRADESH",Agriculture,"Picking workers (including Tea, Cotton, Tobacco and other commercial crops)
",290.91,256.36
905,2024-2025,Feb,"MADHYA PRADESH",Agriculture,"Horticulture workers (including nursery growers)
",255.00,227.00
906,2024-2025,Feb,"MADHYA PRADESH",Agriculture,"Fishermen-inland
",@,-
907,2024-2025,Feb,"MADHYA PRADESH",Agriculture,"Fishermen-coastal/deep-sea
",-,-
908,2024-2025,Feb,"MADHYA PRADESH",Agriculture,"Loggers and wood cutters
",268.57,@
909,2024-2025,Feb,"MADHYA PRADESH",Agriculture,"Animal husbandry workers (including poultry workers, dairy workers & herdsman)
",231.27,202.50
910,2024-2025,Feb,"MADHYA PRADESH",Agriculture,"Packaging labourers, agriculture
",231.76,211.25
911,2024-2025,Feb,"MADHYA PRADESH",Agriculture,"General agricultural labourers (including watering/irrigation workers, etc.)
",263.76,230.08
912,2024-2025,Feb,"MADHYA PRADESH",Agriculture,"Plant protection workers (applying pesticides, treating seeds, etc.
",290.31,250.00
913,2024-2025,Feb,MAHARASHTRA,Agriculture,"Ploughing/Tilling workers",426.51,320.00
914,2024-2025,Feb,MAHARASHTRA,Agriculture,"Sowing(including Planting/Transplanting/ Weeding) workers)
",400.08,292.46
915,2024-2025,Feb,MAHARASHTRA,Agriculture,"Harvesting/Winnowing/Threshing workers
",410.39,300.00
916,2024-2025,Feb,MAHARASHTRA,Agriculture,"Picking workers (including Tea, Cotton, Tobacco and other commercial crops)
",339.29,285.71
917,2024-2025,Feb,MAHARASHTRA,Agriculture,"Horticulture workers (including nursery growers)
",415.38,296.15
918,2024-2025,Feb,MAHARASHTRA,Agriculture,"Fishermen-inland
",@,-
919,2024-2025,Feb,MAHARASHTRA,Agriculture,"Fishermen-coastal/deep-sea
",@,@
920,2024-2025,Feb,MAHARASHTRA,Agriculture,"Loggers and wood cutters
",466.78,370.67
921,2024-2025,Feb,MAHARASHTRA,Agriculture,"Animal husbandry workers (including poultry workers, dairy workers & herdsman)
",322.36,285.56
922,2024-2025,Feb,MAHARASHTRA,Agriculture,"Packaging labourers, agriculture
",345.00,257.14
923,2024-2025,Feb,MAHARASHTRA,Agriculture,"General agricultural labourers (including watering/irrigation workers, etc.)
",353.04,248.12
924,2024-2025,Feb,MAHARASHTRA,Agriculture,"Plant protection workers (applying pesticides, treating seeds, etc.
",396.67,267.14
925,2025-2026,Feb,MAHARASHTRA,Agriculture,"Ploughing/Tilling workers",429.07,370
926,2025-2026,Feb,MAHARASHTRA,Agriculture,"Sowing(including Planting/Transplanting/ Weeding) workers)
",405.81,308.14
927,2025-2026,Feb,MAHARASHTRA,Agriculture,"Harvesting/Winnowing/Threshing workers
",423.68,323.68
928,2025-2026,Feb,MAHARASHTRA,Agriculture,"Picking workers (including Tea, Cotton, Tobacco and other commercial crops)
",360,310.87
929,2025-2026,Feb,MAHARASHTRA,Agriculture,"Horticulture workers (including nursery growers)
",443.95,326.27
930,2025-2026,Feb,MAHARASHTRA,Agriculture,"Fishermen-inland
",523.8099999999999,@
931,2025-2026,Feb,MAHARASHTRA,Agriculture,"Fishermen-coastal/deep-sea
",-,-
932,2025-2026,Feb,MAHARASHTRA,Agriculture,"Loggers and wood cutters
",500.68,-
933,2025-2026,Feb,MAHARASHTRA,Agriculture,"Animal husbandry workers (including poultry workers, dairy workers & herdsman)
",330.04,320.83
934,2025-2026,Feb,MAHARASHTRA,Agriculture,"Packaging labourers, agriculture
",387.5,318.18
935,2025-2026,Feb,MAHARASHTRA,Agriculture,"General agricultural labourers (including watering/irrigation workers, etc.)
",374.37,259.47
936,2025-2026,Feb,MAHARASHTRA,Agriculture,"Plant protection workers (applying pesticides, treating seeds, etc.
",458.06,344
937,2025-2026,Feb,"MANIPUR
",Agriculture,"Ploughing/Tilling workers",636,@
938,2025-2026,Feb,"MANIPUR
",Agriculture,"Sowing(including Planting/Transplanting/ Weeding) workers)
",635,525
939,2025-2026,Feb,"MANIPUR
",Agriculture,"Harvesting/Winnowing/Threshing workers
",630,525
940,2025-2026,Feb,"MANIPUR
",Agriculture,"Picking workers (including Tea, Cotton, Tobacco and other commercial crops)
",425,395
941,2025-2026,Feb,"MANIPUR
",Agriculture,"Horticulture workers (including nursery growers)
",425,395
942,2025-2026,Feb,"MANIPUR
",Agriculture,"Fishermen-inland
",390,360
943,2025-2026,Feb,"MANIPUR
",Agriculture,"Fishermen-coastal/deep-sea
",-,-
944,2025-2026,Feb,"MANIPUR
",Agriculture,"Loggers and wood cutters
",490,-
945,2025-2026,Feb,"MANIPUR
",Agriculture,"Packaging labourers, agriculture
",-,-
946,2025-2026,Feb,"MANIPUR
",Agriculture,"General agricultural labourers (including watering/irrigation workers, etc.)
",-,-
947,2025-2026,Feb,"MANIPUR
",Agriculture,"Plant protection workers (applying pesticides, treating seeds, etc.
",650,650
948,2024-2025,Feb,"MANIPUR
",Agriculture,"Ploughing/Tilling workers",351.43,-
949,2024-2025,Feb,"MANIPUR
",Agriculture,"Sowing(including Planting/Transplanting/ Weeding) workers)
",333.89,309.38
950,2024-2025,Feb,"MANIPUR
",Agriculture,"Harvesting/Winnowing/Threshing workers
",324.29,315.71
951,2024-2025,Feb,"MANIPUR
",Agriculture,"Picking workers (including Tea, Cotton, Tobacco and other commercial crops)
",-,-
952,2024-2025,Feb,"MANIPUR
",Agriculture,"Horticulture workers (including nursery growers)
",@,@
953,2024-2025,Feb,"MANIPUR
",Agriculture,"Fishermen-inland
",-,-
954,2024-2025,Feb,"MANIPUR
",Agriculture,"Fishermen-coastal/deep-sea
",-,-
955,2024-2025,Feb,"MANIPUR
",Agriculture,"Loggers and wood cutters
",@,-
956,2024-2025,Feb,"MANIPUR
",Agriculture,"Animal husbandry workers (including poultry workers, dairy workers & herdsman)
",330.00,-
957,2024-2025,Feb,"MANIPUR
",Agriculture,"Packaging labourers, agriculture
",@,-
958,2024-2025,Feb,"MANIPUR
",Agriculture,"General agricultural labourers (including watering/irrigation workers, etc.)
",@,-
959,2024-2025,Feb,"MANIPUR
",Agriculture,"Plant protection workers (applying pesticides, treating seeds, etc.
",@,-
960,2025-2026,Feb,"MANIPUR
",Agriculture,"Animal husbandry workers (including poultry workers, dairy workers & herdsman)
",425.00,415.00
961,2025-2026,Feb,"MEGHALAYA
",Agriculture,"Animal husbandry workers (including poultry workers, dairy workers & herdsman)
",@,@
962,2024-2025,Feb,"MEGHALAYA
",Agriculture,"Ploughing/Tilling workers",374.29,204.00
963,2024-2025,Feb,"MEGHALAYA
",Agriculture,"Sowing(including Planting/Transplanting/ Weeding) workers)
",343.50,210.75
964,2024-2025,Feb,"MEGHALAYA
",Agriculture,"Harvesting/Winnowing/Threshing workers
",353.88,204.88
965,2024-2025,Feb,"MEGHALAYA
",Agriculture,"Picking workers (including Tea, Cotton, Tobacco and other commercial crops)
",@,@
966,2024-2025,Feb,"MEGHALAYA
",Agriculture,"Horticulture workers (including nursery growers)
",@,@
967,2024-2025,Feb,"MEGHALAYA
",Agriculture,"Fishermen-inland
",-,-
968,2024-2025,Feb,"MEGHALAYA
",Agriculture,"Fishermen-coastal/deep-sea
",-,-
969,2024-2025,Feb,"MEGHALAYA
",Agriculture,"Loggers and wood cutters
",@,-
970,2024-2025,Feb,"MEGHALAYA
",Agriculture,"Animal husbandry workers (including poultry workers, dairy workers & herdsman)
",313.88,@
971,2024-2025,Feb,"MEGHALAYA
",Agriculture,"Packaging labourers, agriculture
",@,-
972,2024-2025,Feb,"MEGHALAYA
",Agriculture,"General agricultural labourers (including watering/irrigation workers, etc.)
",335.17,203.17
973,2024-2025,Feb,"MEGHALAYA
",Agriculture,"Plant protection workers (applying pesticides, treating seeds, etc.
",-,-
974,2025-2026,Feb,"MEGHALAYA
",Agriculture,"Ploughing/Tilling workers",438.1,@
975,2025-2026,Feb,"MEGHALAYA
",Agriculture,"Sowing(including Planting/Transplanting/ Weeding) workers)
",473.57,316.43
976,2025-2026,Feb,"MEGHALAYA
",Agriculture,"Harvesting/Winnowing/Threshing workers
",481.75,309.82
977,2025-2026,Feb,"MEGHALAYA
",Agriculture,"Picking workers (including Tea, Cotton, Tobacco and other commercial crops)
",-,-
978,2025-2026,Feb,"MEGHALAYA
",Agriculture,"Horticulture workers (including nursery growers)
",@,@
979,2025-2026,Feb,"MEGHALAYA
",Agriculture,"Fishermen-inland
",-,-
980,2025-2026,Feb,"MEGHALAYA
",Agriculture,"Fishermen-coastal/deep-sea
",-,-
981,2025-2026,Feb,"MEGHALAYA
",Agriculture,"Loggers and wood cutters
",434.9,-
982,2025-2026,Feb,"MEGHALAYA
",Agriculture,"Packaging labourers, agriculture
",-,-
983,2025-2026,Feb,"MEGHALAYA
",Agriculture,"General agricultural labourers (including watering/irrigation workers, etc.)
",@,@
984,2025-2026,Feb,"MEGHALAYA
",Agriculture,"Plant protection workers (applying pesticides, treating seeds, etc.
",-,-
985,2025-2026,Feb,"ODISHA
",Agriculture,"Ploughing/Tilling workers",513.25,-
986,2025-2026,Feb,"ODISHA
",Agriculture,"Sowing(including Planting/Transplanting/ Weeding) workers)
",483.74,408
987,2025-2026,Feb,"ODISHA
",Agriculture,"Harvesting/Winnowing/Threshing workers
",408.33,334.52
988,2025-2026,Feb,"ODISHA
",Agriculture,"Picking workers (including Tea, Cotton, Tobacco and other commercial crops)
",-,-
989,2025-2026,Feb,"ODISHA
",Agriculture,"Horticulture workers (including nursery growers)
",378.89,300.48
990,2025-2026,Feb,"ODISHA
",Agriculture,"Fishermen-inland
",400,-
991,2025-2026,Feb,"ODISHA
",Agriculture,"Fishermen-coastal/deep-sea
",-,-
992,2025-2026,Feb,"ODISHA
",Agriculture,"Loggers and wood cutters
",498.51,-
993,2025-2026,Feb,"ODISHA
",Agriculture,"Packaging labourers, agriculture
",341.18,@
994,2025-2026,Feb,"ODISHA
",Agriculture,"General agricultural labourers (including watering/irrigation workers, etc.)
",418.44,395.33
995,2025-2026,Feb,"ODISHA
",Agriculture,"Plant protection workers (applying pesticides, treating seeds, etc.
",420,-
996,2024-2025,Feb,"ODISHA
",Agriculture,"Ploughing/Tilling workers",384.87,317.62
997,2024-2025,Feb,"ODISHA
",Agriculture,"Sowing(including Planting/Transplanting/ Weeding) workers)
",389.14,335.52
998,2024-2025,Feb,"ODISHA
",Agriculture,"Harvesting/Winnowing/Threshing workers
",392.18,346.67
999,2024-2025,Feb,"ODISHA
",Agriculture,"Picking workers (including Tea, Cotton, Tobacco and other commercial crops)
",292.00,@
1000,2024-2025,Feb,"ODISHA
",Agriculture,"Horticulture workers (including nursery growers)
",@,@
1001,2024-2025,Feb,"ODISHA
",Agriculture,"Fishermen-inland
",254.00,-
1002,2024-2025,Feb,"ODISHA
",Agriculture,"Fishermen-coastal/deep-sea
",@,-
1003,2024-2025,Feb,"ODISHA
",Agriculture,"Loggers and wood cutters
",326.19,-
1004,2024-2025,Feb,"ODISHA
",Agriculture,"Animal husbandry workers (including poultry workers, dairy workers & herdsman)
",272.67,205.00
1005,2024-2025,Feb,"ODISHA
",Agriculture,"Packaging labourers, agriculture
",@,-
1006,2024-2025,Feb,"ODISHA
",Agriculture,"General agricultural labourers (including watering/irrigation workers, etc.)
",388.82,337.85
1007,2024-2025,Feb,"ODISHA
",Agriculture,"Plant protection workers (applying pesticides, treating seeds, etc.
",291.11,@
1008,2025-2026,Feb,"ODISHA
",Agriculture,"Animal husbandry workers (including poultry workers, dairy workers & herdsman)
",351.58,315.45
1009,2025-2026,Feb,"PUNJAB
",Agriculture,"Animal husbandry workers (including poultry workers, dairy workers & herdsman)
",421.67,@
1010,2024-2025,Feb,"PUNJAB
",Agriculture,"Ploughing/Tilling workers",449.56,@
1011,2024-2025,Feb,"PUNJAB
",Agriculture,"Sowing(including Planting/Transplanting/ Weeding) workers)
",428.50,373.67
1012,2024-2025,Feb,"PUNJAB
",Agriculture,"Harvesting/Winnowing/Threshing workers
",442.91,@
1013,2024-2025,Feb,"PUNJAB
",Agriculture,"Picking workers (including Tea, Cotton, Tobacco and other commercial crops)
",394.00,@
1014,2024-2025,Feb,"PUNJAB
",Agriculture,"Horticulture workers (including nursery growers)
",@,-
1015,2024-2025,Feb,"PUNJAB
",Agriculture,"Fishermen-inland
",-,-
1016,2024-2025,Feb,"PUNJAB
",Agriculture,"Fishermen-coastal/deep-sea
",-,-
1017,2024-2025,Feb,"PUNJAB
",Agriculture,"Loggers and wood cutters
",@,-
1018,2024-2025,Feb,"PUNJAB
",Agriculture,"Animal husbandry workers (including poultry workers, dairy workers & herdsman)
",357.61,@
1019,2024-2025,Feb,"PUNJAB
",Agriculture,"Packaging labourers, agriculture
",403.33,@
1020,2024-2025,Feb,"PUNJAB
",Agriculture,"General agricultural labourers (including watering/irrigation workers, etc.)
",422.67,-
1021,2024-2025,Feb,"PUNJAB
",Agriculture,"Plant protection workers (applying pesticides, treating seeds, etc.
",414.29,-
1022,2025-2026,Feb,"PUNJAB
",Agriculture,"Ploughing/Tilling workers",475.45,@
1023,2025-2026,Feb,"PUNJAB
",Agriculture,"Sowing(including Planting/Transplanting/ Weeding) workers)
",473.64,438.75
1024,2025-2026,Feb,"PUNJAB
",Agriculture,"Harvesting/Winnowing/Threshing workers
",484.44,441.43
1025,2025-2026,Feb,"PUNJAB
",Agriculture,"Picking workers (including Tea, Cotton, Tobacco and other commercial crops)
",430,@
1026,2025-2026,Feb,"PUNJAB
",Agriculture,"Horticulture workers (including nursery growers)
",@,-
1027,2025-2026,Feb,"PUNJAB
",Agriculture,"Fishermen-inland
",-,-
1028,2025-2026,Feb,"PUNJAB
",Agriculture,"Fishermen-coastal/deep-sea
",-,-
1029,2025-2026,Feb,"PUNJAB
",Agriculture,"Loggers and wood cutters
",@,-
1030,2025-2026,Feb,"PUNJAB
",Agriculture,"Packaging labourers, agriculture
",450,-
1031,2025-2026,Feb,"PUNJAB
",Agriculture,"General agricultural labourers (including watering/irrigation workers, etc.)
",453.33,@
1032,2025-2026,Feb,"PUNJAB
",Agriculture,"Plant protection workers (applying pesticides, treating seeds, etc.
",478.42,-
1033,2025-2026,Feb,RAJASTHAN,Agriculture,"Ploughing/Tilling workers",537.5,412.86
1034,2025-2026,Feb,RAJASTHAN,Agriculture,"Sowing(including Planting/Transplanting/ Weeding) workers)
",465.48,385.77
1035,2025-2026,Feb,RAJASTHAN,Agriculture,"Harvesting/Winnowing/Threshing workers
",475.05,431.77
1036,2025-2026,Feb,RAJASTHAN,Agriculture,"Picking workers (including Tea, Cotton, Tobacco and other commercial crops)
",427,395
1037,2025-2026,Feb,RAJASTHAN,Agriculture,"Horticulture workers (including nursery growers)
",426,@
1038,2025-2026,Feb,RAJASTHAN,Agriculture,"Fishermen-inland
",-,-
1039,2025-2026,Feb,RAJASTHAN,Agriculture,"Fishermen-coastal/deep-sea
",-,-
1040,2025-2026,Feb,RAJASTHAN,Agriculture,"Loggers and wood cutters
",505.79,-
1041,2025-2026,Feb,RAJASTHAN,Agriculture,"Packaging labourers, agriculture
",397.86,420
1042,2025-2026,Feb,RAJASTHAN,Agriculture,"General agricultural labourers (including watering/irrigation workers, etc.)
",438.97,368.18
1043,2025-2026,Feb,RAJASTHAN,Agriculture,"Plant protection workers (applying pesticides, treating seeds, etc.
",475.38,-
1044,2024-2025,Feb,RAJASTHAN,Agriculture,"Ploughing/Tilling workers",405.00,@
1045,2024-2025,Feb,RAJASTHAN,Agriculture,"Sowing(including Planting/Transplanting/ Weeding) workers)
",420.00,384.44
1046,2024-2025,Feb,RAJASTHAN,Agriculture,"Harvesting/Winnowing/Threshing workers
",470.77,435.00
1047,2024-2025,Feb,RAJASTHAN,Agriculture,"Picking workers (including Tea, Cotton, Tobacco and other commercial crops)
",@,@
1048,2024-2025,Feb,RAJASTHAN,Agriculture,"Horticulture workers (including nursery growers)
",@,-
1049,2024-2025,Feb,RAJASTHAN,Agriculture,"Fishermen-inland
",-,-
1050,2024-2025,Feb,RAJASTHAN,Agriculture,"Fishermen-coastal/deep-sea
",-,-
1051,2024-2025,Feb,RAJASTHAN,Agriculture,"Loggers and wood cutters
",408.33,-
1052,2024-2025,Feb,RAJASTHAN,Agriculture,"Animal husbandry workers (including poultry workers, dairy workers & herdsman)
",@,@
1053,2024-2025,Feb,RAJASTHAN,Agriculture,"Packaging labourers, agriculture
",@,@
1054,2024-2025,Feb,RAJASTHAN,Agriculture,"General agricultural labourers (including watering/irrigation workers, etc.)
",410.62,365.38
1055,2024-2025,Feb,RAJASTHAN,Agriculture,"Plant protection workers (applying pesticides, treating seeds, etc.
",426.67,@
1056,2025-2026,Feb,RAJASTHAN,Agriculture,"Animal husbandry workers (including poultry workers, dairy workers & herdsman)
",410.77,@
1057,2025-2026,Feb,"TAMIL NADU",Agriculture,"Animal husbandry workers (including poultry workers, dairy workers & herdsman)
",607.53,361.90
1058,2024-2025,Feb,"TAMIL NADU",Agriculture,"Ploughing/Tilling workers",712.71,@
1059,2024-2025,Feb,"TAMIL NADU",Agriculture,"Sowing(including Planting/Transplanting/ Weeding) workers)
",600.24,397.88
1060,2024-2025,Feb,"TAMIL NADU",Agriculture,"Harvesting/Winnowing/Threshing workers
",585.28,396.14
1061,2024-2025,Feb,"TAMIL NADU",Agriculture,"Picking workers (including Tea, Cotton, Tobacco and other commercial crops)
",@,349.05
1062,2024-2025,Feb,"TAMIL NADU",Agriculture,"Horticulture workers (including nursery growers)
",@,@
1063,2024-2025,Feb,"TAMIL NADU",Agriculture,"Fishermen-inland
",-,-
1064,2024-2025,Feb,"TAMIL NADU",Agriculture,"Fishermen-coastal/deep-sea
",-,-
1065,2024-2025,Feb,"TAMIL NADU",Agriculture,"Loggers and wood cutters
",642.95,@
1066,2024-2025,Feb,"TAMIL NADU",Agriculture,"Animal husbandry workers (including poultry workers, dairy workers & herdsman)
",701.81,@
1067,2024-2025,Feb,"TAMIL NADU",Agriculture,"Packaging labourers, agriculture
",@,@
1068,2024-2025,Feb,"TAMIL NADU",Agriculture,"General agricultural labourers (including watering/irrigation workers, etc.)
",582.80,372.37
1069,2024-2025,Feb,"TAMIL NADU",Agriculture,"Plant protection workers (applying pesticides, treating seeds, etc.
",710.88,@
1070,2025-2026,Feb,"TAMIL NADU",Agriculture,"Ploughing/Tilling workers",753.89,@
1071,2025-2026,Feb,"TAMIL NADU",Agriculture,"Sowing(including Planting/Transplanting/ Weeding) workers)
",719.21,458.2
1072,2025-2026,Feb,"TAMIL NADU",Agriculture,"Harvesting/Winnowing/Threshing workers
",657.3099999999999,433.65
1073,2025-2026,Feb,"TAMIL NADU",Agriculture,"Picking workers (including Tea, Cotton, Tobacco and other commercial crops)
",@,520.71
1074,2025-2026,Feb,"TAMIL NADU",Agriculture,"Horticulture workers (including nursery growers)
",@,393.89
1075,2025-2026,Feb,"TAMIL NADU",Agriculture,"Fishermen-inland
",@,-
1076,2025-2026,Feb,"TAMIL NADU",Agriculture,"Fishermen-coastal/deep-sea
",-,-
1077,2025-2026,Feb,"TAMIL NADU",Agriculture,"Loggers and wood cutters
",736.9,-
1078,2025-2026,Feb,"TAMIL NADU",Agriculture,"Packaging labourers, agriculture
",@,@
1079,2025-2026,Feb,"TAMIL NADU",Agriculture,"General agricultural labourers (including watering/irrigation workers, etc.)
",639.66,385.73
1080,2025-2026,Feb,"TAMIL NADU",Agriculture,"Plant protection workers (applying pesticides, treating seeds, etc.
",902.6799999999999,-
1081,2025-2026,Feb,TRIPURA,Agriculture,"Ploughing/Tilling workers",520,-
1082,2025-2026,Feb,TRIPURA,Agriculture,"Sowing(including Planting/Transplanting/ Weeding) workers)
",520,-
1083,2025-2026,Feb,TRIPURA,Agriculture,"Harvesting/Winnowing/Threshing workers
",520,-
1084,2025-2026,Feb,TRIPURA,Agriculture,"Picking workers (including Tea, Cotton, Tobacco and other commercial crops)
",-,-
1085,2025-2026,Feb,TRIPURA,Agriculture,"Horticulture workers (including nursery growers)
",@,-
1086,2025-2026,Feb,TRIPURA,Agriculture,"Fishermen-inland
",-,-
1087,2025-2026,Feb,TRIPURA,Agriculture,"Fishermen-coastal/deep-sea
",-,-
1088,2025-2026,Feb,TRIPURA,Agriculture,"Loggers and wood cutters
",590,-
1089,2025-2026,Feb,TRIPURA,Agriculture,"Packaging labourers, agriculture
",-,-
1090,2025-2026,Feb,TRIPURA,Agriculture,"General agricultural labourers (including watering/irrigation workers, etc.)
",490,-
1091,2025-2026,Feb,TRIPURA,Agriculture,"Plant protection workers (applying pesticides, treating seeds, etc.
",-,-
1092,2024-2025,Feb,TRIPURA,Agriculture,"Ploughing/Tilling workers",420.00,-
1093,2024-2025,Feb,TRIPURA,Agriculture,"Sowing(including Planting/Transplanting/ Weeding) workers)
",420.00,-
1094,2024-2025,Feb,TRIPURA,Agriculture,"Harvesting/Winnowing/Threshing workers
",431.11,-
1095,2024-2025,Feb,TRIPURA,Agriculture,"Picking workers (including Tea, Cotton, Tobacco and other commercial crops)
",-,-
1096,2024-2025,Feb,TRIPURA,Agriculture,"Horticulture workers (including nursery growers)
",-,-
1097,2024-2025,Feb,TRIPURA,Agriculture,"Fishermen-inland
",-,-
1098,2024-2025,Feb,TRIPURA,Agriculture,"Fishermen-coastal/deep-sea
",-,-
1099,2024-2025,Feb,TRIPURA,Agriculture,"Loggers and wood cutters
",502.22,-
1100,2024-2025,Feb,TRIPURA,Agriculture,"Animal husbandry workers (including poultry workers, dairy workers & herdsman)
",320.00,-
1101,2024-2025,Feb,TRIPURA,Agriculture,"Packaging labourers, agriculture
",-,-
1102,2024-2025,Feb,TRIPURA,Agriculture,"General agricultural labourers (including watering/irrigation workers, etc.)
",401.11,-
1103,2024-2025,Feb,TRIPURA,Agriculture,"Plant protection workers (applying pesticides, treating seeds, etc.
",-,-
1104,2025-2026,Feb,TRIPURA,Agriculture,"Animal husbandry workers (including poultry workers, dairy workers & herdsman)
",420.00,-
1105,2025-2026,Feb,"UTTAR PRADESH",Agriculture,"Animal husbandry workers (including poultry workers, dairy workers & herdsman)
",408.75,414.17
1106,2024-2025,Feb,"UTTAR PRADESH",Agriculture,"Ploughing/Tilling workers",369.21,325.77
1107,2024-2025,Feb,"UTTAR PRADESH",Agriculture,"Sowing(including Planting/Transplanting/ Weeding) workers)
",378.42,333.12
1108,2024-2025,Feb,"UTTAR PRADESH",Agriculture,"Harvesting/Winnowing/Threshing workers
",390.80,348.47
1109,2024-2025,Feb,"UTTAR PRADESH",Agriculture,"Picking workers (including Tea, Cotton, Tobacco and other commercial crops)
",356.00,312.50
1110,2024-2025,Feb,"UTTAR PRADESH",Agriculture,"Horticulture workers (including nursery growers)
",@,@
1111,2024-2025,Feb,"UTTAR PRADESH",Agriculture,"Fishermen-inland
",-,-
1112,2024-2025,Feb,"UTTAR PRADESH",Agriculture,"Fishermen-coastal/deep-sea
",-,-
1113,2024-2025,Feb,"UTTAR PRADESH",Agriculture,"Loggers and wood cutters
",407.06,@
1114,2024-2025,Feb,"UTTAR PRADESH",Agriculture,"Animal husbandry workers (including poultry workers, dairy workers & herdsman)
",331.67,@
1115,2024-2025,Feb,"UTTAR PRADESH",Agriculture,"Packaging labourers, agriculture
",330.00,304.00
1116,2024-2025,Feb,"UTTAR PRADESH",Agriculture,"General agricultural labourers (including watering/irrigation workers, etc.)
",363.39,304.30
1117,2024-2025,Feb,"UTTAR PRADESH",Agriculture,"Plant protection workers (applying pesticides, treating seeds, etc.
",406.88,@
1118,2025-2026,Feb,"UTTAR PRADESH",Agriculture,"Ploughing/Tilling workers",441.76,440.83
1119,2025-2026,Feb,"UTTAR PRADESH",Agriculture,"Sowing(including Planting/Transplanting/ Weeding) workers)
",391.9,335.49
1120,2025-2026,Feb,"UTTAR PRADESH",Agriculture,"Harvesting/Winnowing/Threshing workers
",388.25,330
1121,2025-2026,Feb,"UTTAR PRADESH",Agriculture,"Picking workers (including Tea, Cotton, Tobacco and other commercial crops)
",340,290
1122,2025-2026,Feb,"UTTAR PRADESH",Agriculture,"Horticulture workers (including nursery growers)
",430,357.86
1123,2025-2026,Feb,"UTTAR PRADESH",Agriculture,"Fishermen-inland
",560,-
1124,2025-2026,Feb,"UTTAR PRADESH",Agriculture,"Fishermen-coastal/deep-sea
",-,-
1125,2025-2026,Feb,"UTTAR PRADESH",Agriculture,"Loggers and wood cutters
",524.87,-
1126,2025-2026,Feb,"UTTAR PRADESH",Agriculture,"Packaging labourers, agriculture
",421.05,377.5
1127,2025-2026,Feb,"UTTAR PRADESH",Agriculture,"General agricultural labourers (including watering/irrigation workers, etc.)
",401.09,336.14
1128,2025-2026,Feb,"UTTAR PRADESH",Agriculture,"Plant protection workers (applying pesticides, treating seeds, etc.
",495.56,@
1129,2025-2026,Feb,"WEST BENGAL",Agriculture,"Ploughing/Tilling workers",463.78,347.52
1130,2025-2026,Feb,"WEST BENGAL",Agriculture,"Sowing(including Planting/Transplanting/ Weeding) workers)
",409.04,373.02
1131,2025-2026,Feb,"WEST BENGAL",Agriculture,"Harvesting/Winnowing/Threshing workers
",417.99,380.93
1132,2025-2026,Feb,"WEST BENGAL",Agriculture,"Picking workers (including Tea, Cotton, Tobacco and other commercial crops)
",343.24,@
1133,2025-2026,Feb,"WEST BENGAL",Agriculture,"Horticulture workers (including nursery growers)
",379.31,309.71
1134,2025-2026,Feb,"WEST BENGAL",Agriculture,"Fishermen-inland
",596.05,-
1135,2025-2026,Feb,"WEST BENGAL",Agriculture,"Fishermen-coastal/deep-sea
",-,-
1136,2025-2026,Feb,"WEST BENGAL",Agriculture,"Loggers and wood cutters
",526.65,-
1137,2025-2026,Feb,"WEST BENGAL",Agriculture,"Packaging labourers, agriculture
",421.01,338.53
1138,2025-2026,Feb,"WEST BENGAL",Agriculture,"General agricultural labourers (including watering/irrigation workers, etc.)
",423.81,356.77
1139,2025-2026,Feb,"WEST BENGAL",Agriculture,"Plant protection workers (applying pesticides, treating seeds, etc.
",480,311.29
1140,2024-2025,Feb,"WEST BENGAL",Agriculture,"Ploughing/Tilling workers",443.51,@
1141,2024-2025,Feb,"WEST BENGAL",Agriculture,"Sowing(including Planting/Transplanting/ Weeding) workers)
",353.75,308.09
1142,2024-2025,Feb,"WEST BENGAL",Agriculture,"Harvesting/Winnowing/Threshing workers
",358.52,313.27
1143,2024-2025,Feb,"WEST BENGAL",Agriculture,"Picking workers (including Tea, Cotton, Tobacco and other commercial crops)
",-,@
1144,2024-2025,Feb,"WEST BENGAL",Agriculture,"Horticulture workers (including nursery growers)
",393.67,412.00
1145,2024-2025,Feb,"WEST BENGAL",Agriculture,"Fishermen-inland
",559.24,-
1146,2024-2025,Feb,"WEST BENGAL",Agriculture,"Fishermen-coastal/deep-sea
",@,-
1147,2024-2025,Feb,"WEST BENGAL",Agriculture,"Loggers and wood cutters
",487.10,-
1148,2024-2025,Feb,"WEST BENGAL",Agriculture,"Animal husbandry workers (including poultry workers, dairy workers & herdsman)
",310.62,274.44
1149,2024-2025,Feb,"WEST BENGAL",Agriculture,"Packaging labourers, agriculture
",406.90,@
1150,2024-2025,Feb,"WEST BENGAL",Agriculture,"General agricultural labourers (including watering/irrigation workers, etc.)
",353.81,327.27
1151,2024-2025,Feb,"WEST BENGAL",Agriculture,"Plant protection workers (applying pesticides, treating seeds, etc.
",441.64,275.12
1152,2025-2026,Feb,"WEST BENGAL",Agriculture,"Animal husbandry workers (including poultry workers, dairy workers & herdsman)
",370.87,@
1153,2025-2026,Feb,"Andaman and Nicobar Islands",Agriculture,"Ploughing/Tilling workers",680,680
1154,2025-2026,Feb,"Andaman and Nicobar Islands",Agriculture,"Sowing(including Planting/Transplanting/ Weeding) workers)
",800,800
1155,2025-2026,Feb,"Andaman and Nicobar Islands",Agriculture,"Harvesting/Winnowing/Threshing workers
",840,853.33
1156,2025-2026,Feb,"Andaman and Nicobar Islands",Agriculture,"Picking workers (including Tea, Cotton, Tobacco and other commercial crops)
",-,-
1157,2025-2026,Feb,"Andaman and Nicobar Islands",Agriculture,"Horticulture workers (including nursery growers)
",@,-
1158,2025-2026,Feb,"Andaman and Nicobar Islands",Agriculture,"Fishermen-inland
",-,-
1159,2025-2026,Feb,"Andaman and Nicobar Islands",Agriculture,"Fishermen-coastal/deep-sea
",822.86,-
1160,2025-2026,Feb,"Andaman and Nicobar Islands",Agriculture,"Loggers and wood cutters
",-,-
1161,2025-2026,Feb,"Andaman and Nicobar Islands",Agriculture,"Animal husbandry workers (including poultry workers, dairy workers & herdsman)
",638.1,-
1162,2025-2026,Feb,"Andaman and Nicobar Islands",Agriculture,"Packaging labourers, agriculture
",-,-
1163,2025-2026,Feb,"Andaman and Nicobar Islands",Agriculture,"General agricultural labourers (including watering/irrigation workers, etc.)
",-,-
1164,2025-2026,Feb,"Andaman and Nicobar Islands",Agriculture,"Plant protection workers (applying pesticides, treating seeds, etc.
",-,-
1165,2025-2026,Feb,"Arunachal Pradesh",Agriculture,"Ploughing/Tilling workers",521.4299999999999,420
1166,2025-2026,Feb,"Arunachal Pradesh",Agriculture,"Sowing(including Planting/Transplanting/ Weeding) workers)
",528.5700000000001,428.57
1167,2025-2026,Feb,"Arunachal Pradesh",Agriculture,"Harvesting/Winnowing/Threshing workers
",500,425
1168,2025-2026,Feb,"Arunachal Pradesh",Agriculture,"Picking workers (including Tea, Cotton, Tobacco and other commercial crops)
",450,356.25
1169,2025-2026,Feb,"Arunachal Pradesh",Agriculture,"Horticulture workers (including nursery growers)
",570,@
1170,2025-2026,Feb,"Arunachal Pradesh",Agriculture,"Fishermen-inland
",-,-
1171,2025-2026,Feb,"Arunachal Pradesh",Agriculture,"Fishermen-coastal/deep-sea
",-,-
1172,2025-2026,Feb,"Arunachal Pradesh",Agriculture,"Loggers and wood cutters
",614.29,-
1173,2025-2026,Feb,"Arunachal Pradesh",Agriculture,"Animal husbandry workers (including poultry workers, dairy workers & herdsman)
",@,@
1174,2025-2026,Feb,"Arunachal Pradesh",Agriculture,"Packaging labourers, agriculture
",@,@
1175,2025-2026,Feb,"Arunachal Pradesh",Agriculture,"General agricultural labourers (including watering/irrigation workers, etc.)
",471.43,@
1176,2025-2026,Feb,"Arunachal Pradesh",Agriculture,"Plant protection workers (applying pesticides, treating seeds, etc.
",514.29,-
1177,2025-2026,Feb,Chhattisgarh,Agriculture,"Ploughing/Tilling workers",361.76,292
1178,2025-2026,Feb,Chhattisgarh,Agriculture,"Sowing(including Planting/Transplanting/ Weeding) workers)
",300.37,244.81
1179,2025-2026,Feb,Chhattisgarh,Agriculture,"Harvesting/Winnowing/Threshing workers
",278.95,232.63
1180,2025-2026,Feb,Chhattisgarh,Agriculture,"Picking workers (including Tea, Cotton, Tobacco and other commercial crops)
",@,@
1181,2025-2026,Feb,Chhattisgarh,Agriculture,"Horticulture workers (including nursery growers)
",264.29,@
1182,2025-2026,Feb,Chhattisgarh,Agriculture,"Fishermen-inland
",@,-
1183,2025-2026,Feb,Chhattisgarh,Agriculture,"Fishermen-coastal/deep-sea
",-,-
1184,2025-2026,Feb,Chhattisgarh,Agriculture,"Loggers and wood cutters
",370,@
1185,2025-2026,Feb,Chhattisgarh,Agriculture,"Animal husbandry workers (including poultry workers, dairy workers & herdsman)
",291.82,225.38
1186,2025-2026,Feb,Chhattisgarh,Agriculture,"Packaging labourers, agriculture
",@,@
1187,2025-2026,Feb,Chhattisgarh,Agriculture,"General agricultural labourers (including watering/irrigation workers, etc.)
",280,228.33
1188,2025-2026,Feb,Chhattisgarh,Agriculture,"Plant protection workers (applying pesticides, treating seeds, etc.
",279.05,220
1189,2025-2026,Feb,"Daman and Diu, Dadra Nagar and Haveli",Agriculture,"Ploughing/Tilling workers",518.33,@
1190,2025-2026,Feb,"Daman and Diu, Dadra Nagar and Haveli",Agriculture,"Sowing(including Planting/Transplanting/ Weeding) workers)
",407.5,441.11
1191,2025-2026,Feb,"Daman and Diu, Dadra Nagar and Haveli",Agriculture,"Harvesting/Winnowing/Threshing workers
",407.5,435.56
1192,2025-2026,Feb,"Daman and Diu, Dadra Nagar and Haveli",Agriculture,"Picking workers (including Tea, Cotton, Tobacco and other commercial crops)
",-,-
1193,2025-2026,Feb,"Daman and Diu, Dadra Nagar and Haveli",Agriculture,"Horticulture workers (including nursery growers)
",@,-
1194,2025-2026,Feb,"Daman and Diu, Dadra Nagar and Haveli",Agriculture,"Fishermen-inland
",@,-
1195,2025-2026,Feb,"Daman and Diu, Dadra Nagar and Haveli",Agriculture,"Fishermen-coastal/deep-sea
",572,-
1196,2025-2026,Feb,"Daman and Diu, Dadra Nagar and Haveli",Agriculture,"Loggers and wood cutters
",520,-
1197,2025-2026,Feb,"Daman and Diu, Dadra Nagar and Haveli",Agriculture,"Animal husbandry workers (including poultry workers, dairy workers & herdsman)
",@,@
1198,2025-2026,Feb,"Daman and Diu, Dadra Nagar and Haveli",Agriculture,"Packaging labourers, agriculture
",@,@
1199,2025-2026,Feb,"Daman and Diu, Dadra Nagar and Haveli",Agriculture,"General agricultural labourers (including watering/irrigation workers, etc.)
",395.71,@
1200,2025-2026,Feb,"Daman and Diu, Dadra Nagar and Haveli",Agriculture,"Plant protection workers (applying pesticides, treating seeds, etc.
",@,-
1201,2025-2026,Feb,Delhi,Agriculture,"Ploughing/Tilling workers",712.5,-
1202,2025-2026,Feb,Delhi,Agriculture,"Sowing(including Planting/Transplanting/ Weeding) workers)
",525,500
1203,2025-2026,Feb,Delhi,Agriculture,"Harvesting/Winnowing/Threshing workers
",512.5,500
1204,2025-2026,Feb,Delhi,Agriculture,"Picking workers (including Tea, Cotton, Tobacco and other commercial crops)
",-,-
1205,2025-2026,Feb,Delhi,Agriculture,"Horticulture workers (including nursery growers)
",-,-
1206,2025-2026,Feb,Delhi,Agriculture,"Fishermen-inland
",-,-
1207,2025-2026,Feb,Delhi,Agriculture,"Fishermen-coastal/deep-sea
",-,-
1208,2025-2026,Feb,Delhi,Agriculture,"Loggers and wood cutters
",-,-
1209,2025-2026,Feb,Delhi,Agriculture,"Animal husbandry workers (including poultry workers, dairy workers & herdsman)
",-,-
1210,2025-2026,Feb,Delhi,Agriculture,"Packaging labourers, agriculture
",-,-
1211,2025-2026,Feb,Delhi,Agriculture,"General agricultural labourers (including watering/irrigation workers, etc.)
",-,-
1212,2025-2026,Feb,Delhi,Agriculture,"Plant protection workers (applying pesticides, treating seeds, etc.
",-,-
1213,2025-2026,Feb,Goa,Agriculture,"Ploughing/Tilling workers",650,-
1214,2025-2026,Feb,Goa,Agriculture,"Sowing(including Planting/Transplanting/ Weeding) workers)
",-,-
1215,2025-2026,Feb,Goa,Agriculture,"Harvesting/Winnowing/Threshing workers
",812.5,575
1216,2025-2026,Feb,Goa,Agriculture,"Picking workers (including Tea, Cotton, Tobacco and other commercial crops)
",575,387.5
1217,2025-2026,Feb,Goa,Agriculture,"Horticulture workers (including nursery growers)
",-,-
1218,2025-2026,Feb,Goa,Agriculture,"Fishermen-inland
",-,-
1219,2025-2026,Feb,Goa,Agriculture,"Fishermen-coastal/deep-sea
",-,-
1220,2025-2026,Feb,Goa,Agriculture,"Loggers and wood cutters
",-,-
1221,2025-2026,Feb,Goa,Agriculture,"Animal husbandry workers (including poultry workers, dairy workers & herdsman)
",-,-
1222,2025-2026,Feb,Goa,Agriculture,"Packaging labourers, agriculture
",-,-
1223,2025-2026,Feb,Goa,Agriculture,"General agricultural labourers (including watering/irrigation workers, etc.)
",575,400
1224,2025-2026,Feb,Goa,Agriculture,"Plant protection workers (applying pesticides, treating seeds, etc.
",437.5,-
1225,2025-2026,Feb,Jharkhand,Agriculture,"Ploughing/Tilling workers",386.25,@
1226,2025-2026,Feb,Jharkhand,Agriculture,"Sowing(including Planting/Transplanting/ Weeding) workers)
",350.59,323.33
1227,2025-2026,Feb,Jharkhand,Agriculture,"Harvesting/Winnowing/Threshing workers
",341.58,301.25
1228,2025-2026,Feb,Jharkhand,Agriculture,"Picking workers (including Tea, Cotton, Tobacco and other commercial crops)
",-,-
1229,2025-2026,Feb,Jharkhand,Agriculture,"Horticulture workers (including nursery growers)
",@,@
1230,2025-2026,Feb,Jharkhand,Agriculture,"Fishermen-inland
",489,-
1231,2025-2026,Feb,Jharkhand,Agriculture,"Fishermen-coastal/deep-sea
",-,-
1232,2025-2026,Feb,Jharkhand,Agriculture,"Loggers and wood cutters
",394,@
1233,2025-2026,Feb,Jharkhand,Agriculture,"Animal husbandry workers (including poultry workers, dairy workers & herdsman)
",344.22,-
1234,2025-2026,Feb,Jharkhand,Agriculture,"Packaging labourers, agriculture
",@,@
1235,2025-2026,Feb,Jharkhand,Agriculture,"General agricultural labourers (including watering/irrigation workers, etc.)
",317.89,293.53
1236,2025-2026,Feb,Jharkhand,Agriculture,"Plant protection workers (applying pesticides, treating seeds, etc.
",398.79,@
1237,2025-2026,Feb,Lakshadweep,Agriculture,"Ploughing/Tilling workers",@,-
1238,2025-2026,Feb,Lakshadweep,Agriculture,"Sowing(including Planting/Transplanting/ Weeding) workers)
",-,-
1239,2025-2026,Feb,Lakshadweep,Agriculture,"Harvesting/Winnowing/Threshing workers
",870,-
1240,2025-2026,Feb,Lakshadweep,Agriculture,"Picking workers (including Tea, Cotton, Tobacco and other commercial crops)
",-,-
1241,2025-2026,Feb,Lakshadweep,Agriculture,"Horticulture workers (including nursery growers)
",-,-
1242,2025-2026,Feb,Lakshadweep,Agriculture,"Fishermen-inland
",-,-
1243,2025-2026,Feb,Lakshadweep,Agriculture,"Fishermen-coastal/deep-sea
",746,-
1244,2025-2026,Feb,Lakshadweep,Agriculture,"Loggers and wood cutters
",431,-
1245,2025-2026,Feb,Lakshadweep,Agriculture,"Animal husbandry workers (including poultry workers, dairy workers & herdsman)
",550,-
1246,2025-2026,Feb,Lakshadweep,Agriculture,"Packaging labourers, agriculture
",-,-
1247,2025-2026,Feb,Lakshadweep,Agriculture,"General agricultural labourers (including watering/irrigation workers, etc.)
",-,-
1248,2025-2026,Feb,Lakshadweep,Agriculture,"Plant protection workers (applying pesticides, treating seeds, etc.
",-,-
1249,2025-2026,Feb,Mizoram,Agriculture,"Ploughing/Tilling workers",587.5,487.5
1250,2025-2026,Feb,Mizoram,Agriculture,"Sowing(including Planting/Transplanting/ Weeding) workers)
",587.5,487.5
1251,2025-2026,Feb,Mizoram,Agriculture,"Harvesting/Winnowing/Threshing workers
",587.5,487.5
1252,2025-2026,Feb,Mizoram,Agriculture,"Picking workers (including Tea, Cotton, Tobacco and other commercial crops)
",587.5,487.5
1253,2025-2026,Feb,Mizoram,Agriculture,"Horticulture workers (including nursery growers)
",587.5,503.75
1254,2025-2026,Feb,Mizoram,Agriculture,"Fishermen-inland
",587.5,-
1255,2025-2026,Feb,Mizoram,Agriculture,"Fishermen-coastal/deep-sea
",-,-
1256,2025-2026,Feb,Mizoram,Agriculture,"Loggers and wood cutters
",818.75,-
1257,2025-2026,Feb,Mizoram,Agriculture,"Packaging labourers, agriculture
",575,468.75
1258,2025-2026,Feb,Mizoram,Agriculture,"General agricultural labourers (including watering/irrigation workers, etc.)
",587.5,487.5
1259,2025-2026,Feb,Mizoram,Agriculture,"Plant protection workers (applying pesticides, treating seeds, etc.
",587.5,487.5
1260,2025-2026,Feb,Mizoram,Agriculture,"Animal husbandry workers (including poultry workers, dairy workers & herdsman)
",587.50,500.00
1261,2025-2026,Feb,Nagaland,Agriculture,"Animal husbandry workers (including poultry workers, dairy workers & herdsman)
",@,-
1262,2025-2026,Feb,Nagaland,Agriculture,"Ploughing/Tilling workers",502.08,429.17
1263,2025-2026,Feb,Nagaland,Agriculture,"Sowing(including Planting/Transplanting/ Weeding) workers)
",502.08,429.17
1264,2025-2026,Feb,Nagaland,Agriculture,"Harvesting/Winnowing/Threshing workers
",536.01,458.04
1265,2025-2026,Feb,Nagaland,Agriculture,"Picking workers (including Tea, Cotton, Tobacco and other commercial crops)
",@,@
1266,2025-2026,Feb,Nagaland,Agriculture,"Horticulture workers (including nursery growers)
",560.54,483.67
1267,2025-2026,Feb,Nagaland,Agriculture,"Fishermen-inland
",@,-
1268,2025-2026,Feb,Nagaland,Agriculture,"Fishermen-coastal/deep-sea
",-,-
1269,2025-2026,Feb,Nagaland,Agriculture,"Loggers and wood cutters
",937.5,-
1270,2025-2026,Feb,Nagaland,Agriculture,"Packaging labourers, agriculture
",@,@
1271,2025-2026,Feb,Nagaland,Agriculture,"General agricultural labourers (including watering/irrigation workers, etc.)
",@,@
1272,2025-2026,Feb,Nagaland,Agriculture,"Plant protection workers (applying pesticides, treating seeds, etc.
",673.21,-
1273,2025-2026,Feb,Puducerry,Agriculture,"Ploughing/Tilling workers",-,-
1274,2025-2026,Feb,Puducerry,Agriculture,"Sowing(including Planting/Transplanting/ Weeding) workers)
",865,447.14
1275,2025-2026,Feb,Puducerry,Agriculture,"Harvesting/Winnowing/Threshing workers
",966.25,492
1276,2025-2026,Feb,Puducerry,Agriculture,"Picking workers (including Tea, Cotton, Tobacco and other commercial crops)
",-,333.33
1277,2025-2026,Feb,Puducerry,Agriculture,"Horticulture workers (including nursery growers)
",-,-
1278,2025-2026,Feb,Puducerry,Agriculture,"Fishermen-inland
",-,-
1279,2025-2026,Feb,Puducerry,Agriculture,"Fishermen-coastal/deep-sea
",-,-
1280,2025-2026,Feb,Puducerry,Agriculture,"Loggers and wood cutters
",906.25,-
1281,2025-2026,Feb,Puducerry,Agriculture,"Packaging labourers, agriculture
",604,302
1282,2025-2026,Feb,Puducerry,Agriculture,"General agricultural labourers (including watering/irrigation workers, etc.)
",691.67,352
1283,2025-2026,Feb,Puducerry,Agriculture,"Plant protection workers (applying pesticides, treating seeds, etc.
",615,@
1284,2025-2026,Feb,Puducerry,Agriculture,"Animal husbandry workers (including poultry workers, dairy workers & herdsman)
",-,-
1285,2025-2026,Feb,Sikkim,Agriculture,"Animal husbandry workers (including poultry workers, dairy workers & herdsman)
",-,-
1286,2025-2026,Feb,Sikkim,Agriculture,"Ploughing/Tilling workers",1544.64,-
1287,2025-2026,Feb,Sikkim,Agriculture,"Sowing(including Planting/Transplanting/ Weeding) workers)
",576.1900000000001,514.29
1288,2025-2026,Feb,Sikkim,Agriculture,"Harvesting/Winnowing/Threshing workers
",478.57,478.57
1289,2025-2026,Feb,Sikkim,Agriculture,"Picking workers (including Tea, Cotton, Tobacco and other commercial crops)
",-,-
1290,2025-2026,Feb,Sikkim,Agriculture,"Horticulture workers (including nursery growers)
",476.19,476.19
1291,2025-2026,Feb,Sikkim,Agriculture,"Fishermen-inland
",-,-
1292,2025-2026,Feb,Sikkim,Agriculture,"Fishermen-coastal/deep-sea
",-,-
1293,2025-2026,Feb,Sikkim,Agriculture,"Loggers and wood cutters
",855.36,-
1294,2025-2026,Feb,Sikkim,Agriculture,"Packaging labourers, agriculture
",-,-
1295,2025-2026,Feb,Sikkim,Agriculture,"General agricultural labourers (including watering/irrigation workers, etc.)
",478.57,468.57
1296,2025-2026,Feb,Sikkim,Agriculture,"Plant protection workers (applying pesticides, treating seeds, etc.
",-,-
1297,2025-2026,Feb,Telangana,Agriculture,"Ploughing/Tilling workers",682.59,@
1298,2025-2026,Feb,Telangana,Agriculture,"Sowing(including Planting/Transplanting/ Weeding) workers)
",593.5700000000001,381.72
1299,2025-2026,Feb,Telangana,Agriculture,"Harvesting/Winnowing/Threshing workers
",625.91,444.71
1300,2025-2026,Feb,Telangana,Agriculture,"Picking workers (including Tea, Cotton, Tobacco and other commercial crops)
",485.38,360
1301,2025-2026,Feb,Telangana,Agriculture,"Horticulture workers (including nursery growers)
",@,342.86
1302,2025-2026,Feb,Telangana,Agriculture,"Fishermen-inland
",-,-
1303,2025-2026,Feb,Telangana,Agriculture,"Fishermen-coastal/deep-sea
",-,-
1304,2025-2026,Feb,Telangana,Agriculture,"Loggers and wood cutters
",383.33,-
1305,2025-2026,Feb,Telangana,Agriculture,"Packaging labourers, agriculture
",@,-
1306,2025-2026,Feb,Telangana,Agriculture,"General agricultural labourers (including watering/irrigation workers, etc.)
",427.93,366.96
1307,2025-2026,Feb,Telangana,Agriculture,"Plant protection workers (applying pesticides, treating seeds, etc.
",400,-
1308,2025-2026,Feb,Telangana,Agriculture,"Animal husbandry workers (including poultry workers, dairy workers & herdsman)
",326.84,-
1309,2025-2026,Feb,Uttarakhand,Agriculture,"Animal husbandry workers (including poultry workers, dairy workers & herdsman)
",471.43,@
1310,2025-2026,Feb,Uttarakhand,Agriculture,"Ploughing/Tilling workers",@,@
1311,2025-2026,Feb,Uttarakhand,Agriculture,"Sowing(including Planting/Transplanting/ Weeding) workers)
",545,480
1312,2025-2026,Feb,Uttarakhand,Agriculture,"Harvesting/Winnowing/Threshing workers
",558.33,516.67
1313,2025-2026,Feb,Uttarakhand,Agriculture,"Picking workers (including Tea, Cotton, Tobacco and other commercial crops)
",-,-
1314,2025-2026,Feb,Uttarakhand,Agriculture,"Horticulture workers (including nursery growers)
",530,@
1315,2025-2026,Feb,Uttarakhand,Agriculture,"Fishermen-inland
",-,-
1316,2025-2026,Feb,Uttarakhand,Agriculture,"Fishermen-coastal/deep-sea
",-,-
1317,2025-2026,Feb,Uttarakhand,Agriculture,"Loggers and wood cutters
",655,-
1318,2025-2026,Feb,Uttarakhand,Agriculture,"Packaging labourers, agriculture
",@,@
1319,2025-2026,Feb,Uttarakhand,Agriculture,"General agricultural labourers (including watering/irrigation workers, etc.)
",493.75,391.67
1320,2025-2026,Feb,Uttarakhand,Agriculture,"Plant protection workers (applying pesticides, treating seeds, etc.
",@,-
1321,2025-2026,Feb,"All India",Agriculture,"Ploughing/Tilling workers",542.00,410.62
1322,2025-2026,Feb,"All India",Agriculture,"Sowing(including Planting/Transplanting/ Weeding) workers)
",477.90,389.30
1323,2025-2026,Feb,"All India",Agriculture,"Harvesting/Winnowing/Threshing workers
",485.50,394.22
1324,2025-2026,Feb,"All India",Agriculture,"Picking workers (including Tea, Cotton, Tobacco and other commercial crops)
",439.39,371.49
1325,2025-2026,Feb,"All India",Agriculture,"Horticulture workers (including nursery growers)
",464.85,372.11
1326,2025-2026,Feb,"All India",Agriculture,"Fishermen-inland
",506.79,338.24
1327,2025-2026,Feb,"All India",Agriculture,"Fishermen-coastal/deep-sea
",726.47,-
1328,2025-2026,Feb,"All India",Agriculture,"Loggers and wood cutters
",567.57,355.00
1329,2025-2026,Feb,"All India",Agriculture,"Animal husbandry workers (including poultry workers, dairy workers & herdsman)
",407.66,358.03
1330,2025-2026,Feb,"All India",Agriculture,"Packaging labourers, agriculture
",466.74,394.53
1331,2025-2026,Feb,"All India",Agriculture,"General agricultural labourers (including watering/irrigation workers, etc.)
",453.56,372.52
1332,2025-2026,Feb,"All India",Agriculture,"Plant protection workers (applying pesticides, treating seeds, etc.
",500.54,401.33
1333,2024-2025,Feb,"All India",Agriculture,"Ploughing/Tilling workers",453.99,317.29
1334,2024-2025,Feb,"All India",Agriculture,"Sowing(including Planting/Transplanting/ Weeding) workers)
",416.00,345.12
1335,2024-2025,Feb,"All India",Agriculture,"Harvesting/Winnowing/Threshing workers
",415.94,348.22
1336,2024-2025,Feb,"All India",Agriculture,"Picking workers (including Tea, Cotton, Tobacco and other commercial crops)
",378.56,332.53
1337,2024-2025,Feb,"All India",Agriculture,"Horticulture workers (including nursery growers)
",419.22,322.55
1338,2024-2025,Feb,"All India",Agriculture,"Fishermen-inland
",464.66,@
1339,2024-2025,Feb,"All India",Agriculture,"Fishermen-coastal/deep-sea
",458.00,@
1340,2024-2025,Feb,"All India",Agriculture,"Loggers and wood cutters
",501.64,315.69
1341,2024-2025,Feb,"All India",Agriculture,"Animal husbandry workers (including poultry workers, dairy workers & herdsman)
",330.58,264.30
1342,2024-2025,Feb,"All India",Agriculture,"Packaging labourers, agriculture
",378.46,318.89
1343,2024-2025,Feb,"All India",Agriculture,"General agricultural labourers (including watering/irrigation workers, etc.)
",407.74,323.85
1344,2024-2025,Feb,"All India",Agriculture,"Plant protection workers (applying pesticides, treating seeds, etc.
",453.69,299.49
1345,2024-2025,Mar,"ANDHRA PRADESH",Agriculture,"Ploughing/Tilling workers",644.15,@
1346,2024-2025,Mar,"ANDHRA PRADESH",Agriculture,"Sowing(including Planting/Transplanting/ Weeding) workers)
",536.60,415.37
1347,2024-2025,Mar,"ANDHRA PRADESH",Agriculture,"Harvesting/Winnowing/Threshing workers
",561.53,421.14
1348,2024-2025,Mar,"ANDHRA PRADESH",Agriculture,"Picking workers (including Tea, Cotton, Tobacco and other commercial crops)
",468.17,393.81
1349,2024-2025,Mar,"ANDHRA PRADESH",Agriculture,"Horticulture workers (including nursery growers)
",@,326.00
1350,2024-2025,Mar,"ANDHRA PRADESH",Agriculture,"Fishermen-inland
",@,@
1351,2024-2025,Mar,"ANDHRA PRADESH",Agriculture,"Fishermen-coastal/deep-sea
",-,-
1352,2024-2025,Mar,"ANDHRA PRADESH",Agriculture,"Loggers and wood cutters
",517.02,-
1353,2024-2025,Mar,"ANDHRA PRADESH",Agriculture,"Animal husbandry workers (including poultry workers, dairy workers & herdsman)
",344.62,@
1354,2024-2025,Mar,"ANDHRA PRADESH",Agriculture,"Packaging labourers, agriculture
",@,@
1355,2024-2025,Mar,"ANDHRA PRADESH",Agriculture,"General agricultural labourers (including watering/irrigation workers, etc.)
",465.76,339.80
1356,2024-2025,Mar,"ANDHRA PRADESH",Agriculture,"Plant protection workers (applying pesticides, treating seeds, etc.
",715.06,@
1357,2025-2026,Mar,"ANDHRA PRADESH",Agriculture,"General agricultural labourers (including watering/irrigation workers, etc.)
",596.36,433.89
1358,2025-2026,Mar,"ANDHRA PRADESH",Agriculture,"Plant protection workers (applying pesticides, treating seeds, etc.
",900.13,-
1359,2025-2026,Mar,"ANDHRA PRADESH",Agriculture,"Ploughing/Tilling workers",705.28,@
1360,2025-2026,Mar,"ANDHRA PRADESH",Agriculture,"Sowing(including Planting/Transplanting/ Weeding) workers)
",613.3099999999999,443.87
1361,2025-2026,Mar,"ANDHRA PRADESH",Agriculture,"Harvesting/Winnowing/Threshing workers
",622.03,422.05
1362,2025-2026,Mar,"ANDHRA PRADESH",Agriculture,"Picking workers (including Tea, Cotton, Tobacco and other commercial crops)
",456.83,418.64
1363,2025-2026,Mar,"ANDHRA PRADESH",Agriculture,"Horticulture workers (including nursery growers)
",583.36,444.95
1364,2025-2026,Mar,"ANDHRA PRADESH",Agriculture,"Fishermen-inland
",@,-
1365,2025-2026,Mar,"ANDHRA PRADESH",Agriculture,"Fishermen-coastal/deep-sea
",-,-
1366,2025-2026,Mar,"ANDHRA PRADESH",Agriculture,"Loggers and wood cutters
",631.14,-
1367,2025-2026,Mar,"ANDHRA PRADESH",Agriculture,"Animal husbandry workers (including poultry workers, dairy workers & herdsman)
",@,@
1368,2025-2026,Mar,"ANDHRA PRADESH",Agriculture,"Packaging labourers, agriculture
",@,@
1369,2025-2026,Mar,ASSAM,Agriculture,"Ploughing/Tilling workers",513.53,@
1370,2025-2026,Mar,ASSAM,Agriculture,"Sowing(including Planting/Transplanting/ Weeding) workers)
",412.4,374.29
1371,2025-2026,Mar,ASSAM,Agriculture,"Harvesting/Winnowing/Threshing workers
",462.13,387.18
1372,2025-2026,Mar,ASSAM,Agriculture,"Picking workers (including Tea, Cotton, Tobacco and other commercial crops)
",@,@
1373,2025-2026,Mar,ASSAM,Agriculture,"Horticulture workers (including nursery growers)
",436.01,339.17
1374,2025-2026,Mar,ASSAM,Agriculture,"Fishermen-inland
",517.62,-
1375,2025-2026,Mar,ASSAM,Agriculture,"Fishermen-coastal/deep-sea
",-,-
1376,2025-2026,Mar,ASSAM,Agriculture,"Loggers and wood cutters
",470.13,-
1377,2025-2026,Mar,ASSAM,Agriculture,"Animal husbandry workers (including poultry workers, dairy workers & herdsman)
",445.56,473
1378,2025-2026,Mar,ASSAM,Agriculture,"Packaging labourers, agriculture
",@,@
1379,2025-2026,Mar,ASSAM,Agriculture,"General agricultural labourers (including watering/irrigation workers, etc.)
",403.98,360.63
1380,2025-2026,Mar,ASSAM,Agriculture,"Plant protection workers (applying pesticides, treating seeds, etc.
",437.29,@
1381,2024-2025,Mar,ASSAM,Agriculture,"Ploughing/Tilling workers",457.90,@
1382,2024-2025,Mar,ASSAM,Agriculture,"Sowing(including Planting/Transplanting/ Weeding) workers)
",425.56,345.19
1383,2024-2025,Mar,ASSAM,Agriculture,"Harvesting/Winnowing/Threshing workers
",409.22,332.78
1384,2024-2025,Mar,ASSAM,Agriculture,"Picking workers (including Tea, Cotton, Tobacco and other commercial crops)
",@,@
1385,2024-2025,Mar,ASSAM,Agriculture,"Horticulture workers (including nursery growers)
",-,342.22
1386,2024-2025,Mar,ASSAM,Agriculture,"Fishermen-inland
",-,-
1387,2024-2025,Mar,ASSAM,Agriculture,"Fishermen-coastal/deep-sea
",-,-
1388,2024-2025,Mar,ASSAM,Agriculture,"Loggers and wood cutters
",388.00,-
1389,2024-2025,Mar,ASSAM,Agriculture,"Animal husbandry workers (including poultry workers, dairy workers & herdsman)
",305.00,-
1390,2024-2025,Mar,ASSAM,Agriculture,"Packaging labourers, agriculture
",388.00,@
1391,2024-2025,Mar,ASSAM,Agriculture,"General agricultural labourers (including watering/irrigation workers, etc.)
",400.53,373.67
1392,2024-2025,Mar,ASSAM,Agriculture,"Plant protection workers (applying pesticides, treating seeds, etc.
",@,@
1393,2024-2025,Mar,BIHAR,Agriculture,"Ploughing/Tilling workers",433.39,-
1394,2024-2025,Mar,BIHAR,Agriculture,"Sowing(including Planting/Transplanting/ Weeding) workers)
",404.81,348.91
1395,2024-2025,Mar,BIHAR,Agriculture,"Harvesting/Winnowing/Threshing workers
",401.19,355.46
1396,2024-2025,Mar,BIHAR,Agriculture,"Picking workers (including Tea, Cotton, Tobacco and other commercial crops)
",376.90,@
1397,2024-2025,Mar,BIHAR,Agriculture,"Horticulture workers (including nursery growers)
",311.17,278.81
1398,2024-2025,Mar,BIHAR,Agriculture,"Fishermen-inland
",385.33,-
1399,2024-2025,Mar,BIHAR,Agriculture,"Fishermen-coastal/deep-sea
",-,-
1400,2024-2025,Mar,BIHAR,Agriculture,"Loggers and wood cutters
",500.40,-
1401,2024-2025,Mar,BIHAR,Agriculture,"Animal husbandry workers (including poultry workers, dairy workers & herdsman)
",322.42,318.33
1402,2024-2025,Mar,BIHAR,Agriculture,"Packaging labourers, agriculture
",348.08,340.00
1403,2024-2025,Mar,BIHAR,Agriculture,"General agricultural labourers (including watering/irrigation workers, etc.)
",382.35,334.50
1404,2024-2025,Mar,BIHAR,Agriculture,"Plant protection workers (applying pesticides, treating seeds, etc.
",405.36,@
1405,2025-2026,Mar,BIHAR,Agriculture,"General agricultural labourers (including watering/irrigation workers, etc.)
",384.47,300
1406,2025-2026,Mar,BIHAR,Agriculture,"Plant protection workers (applying pesticides, treating seeds, etc.
",388.45,282.14
1407,2025-2026,Mar,BIHAR,Agriculture,"Ploughing/Tilling workers",446.51,320
1408,2025-2026,Mar,BIHAR,Agriculture,"Sowing(including Planting/Transplanting/ Weeding) workers)
",397.19,339.05
1409,2025-2026,Mar,BIHAR,Agriculture,"Harvesting/Winnowing/Threshing workers
",394.54,339.2
1410,2025-2026,Mar,BIHAR,Agriculture,"Picking workers (including Tea, Cotton, Tobacco and other commercial crops)
",@,@
1411,2025-2026,Mar,BIHAR,Agriculture,"Horticulture workers (including nursery growers)
",344.44,291.67
1412,2025-2026,Mar,BIHAR,Agriculture,"Fishermen-inland
",450,-
1413,2025-2026,Mar,BIHAR,Agriculture,"Fishermen-coastal/deep-sea
",-,-
1414,2025-2026,Mar,BIHAR,Agriculture,"Loggers and wood cutters
",528.33,-
1415,2025-2026,Mar,BIHAR,Agriculture,"Animal husbandry workers (including poultry workers, dairy workers & herdsman)
",376.82,@
1416,2025-2026,Mar,BIHAR,Agriculture,"Packaging labourers, agriculture
",345,285
1417,2025-2026,Mar,GUJARAT,Agriculture,"Ploughing/Tilling workers",408.78,374.17
1418,2025-2026,Mar,GUJARAT,Agriculture,"Sowing(including Planting/Transplanting/ Weeding) workers)
",343.5,335.59
1419,2025-2026,Mar,GUJARAT,Agriculture,"Harvesting/Winnowing/Threshing workers
",346.04,335.02
1420,2025-2026,Mar,GUJARAT,Agriculture,"Picking workers (including Tea, Cotton, Tobacco and other commercial crops)
",344.77,332.07
1421,2025-2026,Mar,GUJARAT,Agriculture,"Horticulture workers (including nursery growers)
",294.29,292
1422,2025-2026,Mar,GUJARAT,Agriculture,"Fishermen-inland
",@,@
1423,2025-2026,Mar,GUJARAT,Agriculture,"Fishermen-coastal/deep-sea
",-,-
1424,2025-2026,Mar,GUJARAT,Agriculture,"Loggers and wood cutters
",419.25,368.57
1425,2025-2026,Mar,GUJARAT,Agriculture,"Animal husbandry workers (including poultry workers, dairy workers & herdsman)
",332.29,292.22
1426,2025-2026,Mar,GUJARAT,Agriculture,"Packaging labourers, agriculture
",358.24,348.33
1427,2025-2026,Mar,GUJARAT,Agriculture,"General agricultural labourers (including watering/irrigation workers, etc.)
",331.67,297.63
1428,2025-2026,Mar,GUJARAT,Agriculture,"Plant protection workers (applying pesticides, treating seeds, etc.
",358.97,327.22
1429,2024-2025,Mar,GUJARAT,Agriculture,"Ploughing/Tilling workers",353.62,288.00
1430,2024-2025,Mar,GUJARAT,Agriculture,"Sowing(including Planting/Transplanting/ Weeding) workers)
",313.33,303.10
1431,2024-2025,Mar,GUJARAT,Agriculture,"Harvesting/Winnowing/Threshing workers
",317.50,313.17
1432,2024-2025,Mar,GUJARAT,Agriculture,"Picking workers (including Tea, Cotton, Tobacco and other commercial crops)
",309.00,307.00
1433,2024-2025,Mar,GUJARAT,Agriculture,"Horticulture workers (including nursery growers)
",231.43,235.00
1434,2024-2025,Mar,GUJARAT,Agriculture,"Fishermen-inland
",@,-
1435,2024-2025,Mar,GUJARAT,Agriculture,"Fishermen-coastal/deep-sea
",-,-
1436,2024-2025,Mar,GUJARAT,Agriculture,"Loggers and wood cutters
",389.62,@
1437,2024-2025,Mar,GUJARAT,Agriculture,"Animal husbandry workers (including poultry workers, dairy workers & herdsman)
",269.55,@
1438,2024-2025,Mar,GUJARAT,Agriculture,"Packaging labourers, agriculture
",261.43,@
1439,2024-2025,Mar,GUJARAT,Agriculture,"General agricultural labourers (including watering/irrigation workers, etc.)
",292.37,294.41
1440,2024-2025,Mar,GUJARAT,Agriculture,"Plant protection workers (applying pesticides, treating seeds, etc.
",290.00,-
1441,2024-2025,Mar,HARYANA,Agriculture,"Ploughing/Tilling workers",508.50,@
1442,2024-2025,Mar,HARYANA,Agriculture,"Sowing(including Planting/Transplanting/ Weeding) workers)
",517.33,477.18
1443,2024-2025,Mar,HARYANA,Agriculture,"Harvesting/Winnowing/Threshing workers
",533.45,502.80
1444,2024-2025,Mar,HARYANA,Agriculture,"Picking workers (including Tea, Cotton, Tobacco and other commercial crops)
",535.00,525.00
1445,2024-2025,Mar,HARYANA,Agriculture,"Horticulture workers (including nursery growers)
",@,@
1446,2024-2025,Mar,HARYANA,Agriculture,"Fishermen-inland
",-,-
1447,2024-2025,Mar,HARYANA,Agriculture,"Fishermen-coastal/deep-sea
",-,-
1448,2024-2025,Mar,HARYANA,Agriculture,"Loggers and wood cutters
",514.00,-
1449,2024-2025,Mar,HARYANA,Agriculture,"Animal husbandry workers (including poultry workers, dairy workers & herdsman)
",490.00,@
1450,2024-2025,Mar,HARYANA,Agriculture,"Packaging labourers, agriculture
",@,@
1451,2024-2025,Mar,HARYANA,Agriculture,"General agricultural labourers (including watering/irrigation workers, etc.)
",521.50,490.50
1452,2024-2025,Mar,HARYANA,Agriculture,"Plant protection workers (applying pesticides, treating seeds, etc.
",519.75,-
1453,2025-2026,Mar,HARYANA,Agriculture,"General agricultural labourers (including watering/irrigation workers, etc.)
",589.24,502.67
1454,2025-2026,Mar,HARYANA,Agriculture,"Plant protection workers (applying pesticides, treating seeds, etc.
",582.1,@
1455,2025-2026,Mar,HARYANA,Agriculture,"Ploughing/Tilling workers",598.76,@
1456,2025-2026,Mar,HARYANA,Agriculture,"Sowing(including Planting/Transplanting/ Weeding) workers)
",614.48,542.5
1457,2025-2026,Mar,HARYANA,Agriculture,"Harvesting/Winnowing/Threshing workers
",564.48,434.4
1458,2025-2026,Mar,HARYANA,Agriculture,"Picking workers (including Tea, Cotton, Tobacco and other commercial crops)
",520,520
1459,2025-2026,Mar,HARYANA,Agriculture,"Horticulture workers (including nursery growers)
",@,@
1460,2025-2026,Mar,HARYANA,Agriculture,"Fishermen-inland
",-,-
1461,2025-2026,Mar,HARYANA,Agriculture,"Fishermen-coastal/deep-sea
",-,-
1462,2025-2026,Mar,HARYANA,Agriculture,"Loggers and wood cutters
",513.75,-
1463,2025-2026,Mar,HARYANA,Agriculture,"Animal husbandry workers (including poultry workers, dairy workers & herdsman)
",434.15,394.44
1464,2025-2026,Mar,HARYANA,Agriculture,"Packaging labourers, agriculture
",589,605.71
1465,2025-2026,Mar,"HIMACHAL PRADESH",Agriculture,"Ploughing/Tilling workers",777.78,@
1466,2025-2026,Mar,"HIMACHAL PRADESH",Agriculture,"Sowing(including Planting/Transplanting/ Weeding) workers)
",580,568.89
1467,2025-2026,Mar,"HIMACHAL PRADESH",Agriculture,"Harvesting/Winnowing/Threshing workers
",532.5,511.43
1468,2025-2026,Mar,"HIMACHAL PRADESH",Agriculture,"Picking workers (including Tea, Cotton, Tobacco and other commercial crops)
",-,-
1469,2025-2026,Mar,"HIMACHAL PRADESH",Agriculture,"Horticulture workers (including nursery growers)
",538,538
1470,2025-2026,Mar,"HIMACHAL PRADESH",Agriculture,"Fishermen-inland
",@,-
1471,2025-2026,Mar,"HIMACHAL PRADESH",Agriculture,"Fishermen-coastal/deep-sea
",-,-
1472,2025-2026,Mar,"HIMACHAL PRADESH",Agriculture,"Loggers and wood cutters
",648.75,@
1473,2025-2026,Mar,"HIMACHAL PRADESH",Agriculture,"Animal husbandry workers (including poultry workers, dairy workers & herdsman)
",@,@
1474,2025-2026,Mar,"HIMACHAL PRADESH",Agriculture,"Packaging labourers, agriculture
",@,@
1475,2025-2026,Mar,"HIMACHAL PRADESH",Agriculture,"General agricultural labourers (including watering/irrigation workers, etc.)
",532.73,540
1476,2025-2026,Mar,"HIMACHAL PRADESH",Agriculture,"Plant protection workers (applying pesticides, treating seeds, etc.
",691.67,@
1477,2024-2025,Mar,"HIMACHAL PRADESH",Agriculture,"Ploughing/Tilling workers",618.57,-
1478,2024-2025,Mar,"HIMACHAL PRADESH",Agriculture,"Sowing(including Planting/Transplanting/ Weeding) workers)
",518.33,@
1479,2024-2025,Mar,"HIMACHAL PRADESH",Agriculture,"Harvesting/Winnowing/Threshing workers
",528.00,@
1480,2024-2025,Mar,"HIMACHAL PRADESH",Agriculture,"Picking workers (including Tea, Cotton, Tobacco and other commercial crops)
",-,-
1481,2024-2025,Mar,"HIMACHAL PRADESH",Agriculture,"Horticulture workers (including nursery growers)
",506.00,@
1482,2024-2025,Mar,"HIMACHAL PRADESH",Agriculture,"Fishermen-inland
",-,-
1483,2024-2025,Mar,"HIMACHAL PRADESH",Agriculture,"Fishermen-coastal/deep-sea
",-,-
1484,2024-2025,Mar,"HIMACHAL PRADESH",Agriculture,"Loggers and wood cutters
",578.00,-
1485,2024-2025,Mar,"HIMACHAL PRADESH",Agriculture,"Animal husbandry workers (including poultry workers, dairy workers & herdsman)
",@,@
1486,2024-2025,Mar,"HIMACHAL PRADESH",Agriculture,"Packaging labourers, agriculture
",-,-
1487,2024-2025,Mar,"HIMACHAL PRADESH",Agriculture,"General agricultural labourers (including watering/irrigation workers, etc.)
",516.00,@
1488,2024-2025,Mar,"HIMACHAL PRADESH",Agriculture,"Plant protection workers (applying pesticides, treating seeds, etc.
",@,-
1489,2024-2025,Mar,"JAMMU & KASHMIR
",Agriculture,"Ploughing/Tilling workers",727.27,-
1490,2024-2025,Mar,"JAMMU & KASHMIR
",Agriculture,"Sowing(including Planting/Transplanting/ Weeding) workers)
",642.63,@
1491,2024-2025,Mar,"JAMMU & KASHMIR
",Agriculture,"Harvesting/Winnowing/Threshing workers
",642.31,@
1492,2024-2025,Mar,"JAMMU & KASHMIR
",Agriculture,"Picking workers (including Tea, Cotton, Tobacco and other commercial crops)
",@,-
1493,2024-2025,Mar,"JAMMU & KASHMIR
",Agriculture,"Horticulture workers (including nursery growers)
",636.25,-
1494,2024-2025,Mar,"JAMMU & KASHMIR
",Agriculture,"Fishermen-inland
",-,-
1495,2024-2025,Mar,"JAMMU & KASHMIR
",Agriculture,"Fishermen-coastal/deep-sea
",-,-
1496,2024-2025,Mar,"JAMMU & KASHMIR
",Agriculture,"Loggers and wood cutters
",644.50,-
1497,2024-2025,Mar,"JAMMU & KASHMIR
",Agriculture,"Animal husbandry workers (including poultry workers, dairy workers & herdsman)
",570.00,-
1498,2024-2025,Mar,"JAMMU & KASHMIR
",Agriculture,"Packaging labourers, agriculture
",668.57,-
1499,2024-2025,Mar,"JAMMU & KASHMIR
",Agriculture,"General agricultural labourers (including watering/irrigation workers, etc.)
",599.00,@
1500,2024-2025,Mar,"JAMMU & KASHMIR
",Agriculture,"Plant protection workers (applying pesticides, treating seeds, etc.
",648.00,-
1501,2025-2026,Mar,"JAMMU & KASHMIR
",Agriculture,"General agricultural labourers (including watering/irrigation workers, etc.)
",594.4400000000001,-
1502,2025-2026,Mar,"JAMMU & KASHMIR
",Agriculture,"Plant protection workers (applying pesticides, treating seeds, etc.
",687.5,-
1503,2025-2026,Mar,"JAMMU & KASHMIR
",Agriculture,"Ploughing/Tilling workers",749.55,-
1504,2025-2026,Mar,"JAMMU & KASHMIR
",Agriculture,"Sowing(including Planting/Transplanting/ Weeding) workers)
",672,@
1505,2025-2026,Mar,"JAMMU & KASHMIR
",Agriculture,"Harvesting/Winnowing/Threshing workers
",676.5,640
1506,2025-2026,Mar,"JAMMU & KASHMIR
",Agriculture,"Picking workers (including Tea, Cotton, Tobacco and other commercial crops)
",692.86,-
1507,2025-2026,Mar,"JAMMU & KASHMIR
",Agriculture,"Horticulture workers (including nursery growers)
",660.77,-
1508,2025-2026,Mar,"JAMMU & KASHMIR
",Agriculture,"Fishermen-inland
",-,-
1509,2025-2026,Mar,"JAMMU & KASHMIR
",Agriculture,"Fishermen-coastal/deep-sea
",-,-
1510,2025-2026,Mar,"JAMMU & KASHMIR
",Agriculture,"Loggers and wood cutters
",773,-
1511,2025-2026,Mar,"JAMMU & KASHMIR
",Agriculture,"Animal husbandry workers (including poultry workers, dairy workers & herdsman)
",467.9,-
1512,2025-2026,Mar,"JAMMU & KASHMIR
",Agriculture,"Packaging labourers, agriculture
",718.1799999999999,-
1513,2025-2026,Mar,KARNATAKA,Agriculture,"Ploughing/Tilling workers",637.08,@
1514,2025-2026,Mar,KARNATAKA,Agriculture,"Sowing(including Planting/Transplanting/ Weeding) workers)
",571.25,427.52
1515,2025-2026,Mar,KARNATAKA,Agriculture,"Harvesting/Winnowing/Threshing workers
",558.08,417.36
1516,2025-2026,Mar,KARNATAKA,Agriculture,"Picking workers (including Tea, Cotton, Tobacco and other commercial crops)
",486.43,354
1517,2025-2026,Mar,KARNATAKA,Agriculture,"Horticulture workers (including nursery growers)
",546.3,350.91
1518,2025-2026,Mar,KARNATAKA,Agriculture,"Fishermen-inland
",@,-
1519,2025-2026,Mar,KARNATAKA,Agriculture,"Fishermen-coastal/deep-sea
",-,-
1520,2025-2026,Mar,KARNATAKA,Agriculture,"Loggers and wood cutters
",621.98,-
1521,2025-2026,Mar,KARNATAKA,Agriculture,"Animal husbandry workers (including poultry workers, dairy workers & herdsman)
",536.92,@
1522,2025-2026,Mar,KARNATAKA,Agriculture,"Packaging labourers, agriculture
",508.75,402
1523,2025-2026,Mar,KARNATAKA,Agriculture,"General agricultural labourers (including watering/irrigation workers, etc.)
",523.16,403.35
1524,2025-2026,Mar,KARNATAKA,Agriculture,"Plant protection workers (applying pesticides, treating seeds, etc.
",489.06,423.33
1525,2024-2025,Mar,KARNATAKA,Agriculture,"Ploughing/Tilling workers",515.05,275.00
1526,2024-2025,Mar,KARNATAKA,Agriculture,"Sowing(including Planting/Transplanting/ Weeding) workers)
",476.00,346.07
1527,2024-2025,Mar,KARNATAKA,Agriculture,"Harvesting/Winnowing/Threshing workers
",471.67,333.67
1528,2024-2025,Mar,KARNATAKA,Agriculture,"Picking workers (including Tea, Cotton, Tobacco and other commercial crops)
",451.25,308.57
1529,2024-2025,Mar,KARNATAKA,Agriculture,"Horticulture workers (including nursery growers)
",497.69,367.00
1530,2024-2025,Mar,KARNATAKA,Agriculture,"Fishermen-inland
",@,-
1531,2024-2025,Mar,KARNATAKA,Agriculture,"Fishermen-coastal/deep-sea
",@,-
1532,2024-2025,Mar,KARNATAKA,Agriculture,"Loggers and wood cutters
",545.88,-
1533,2024-2025,Mar,KARNATAKA,Agriculture,"Animal husbandry workers (including poultry workers, dairy workers & herdsman)
",427.00,344.29
1534,2024-2025,Mar,KARNATAKA,Agriculture,"Packaging labourers, agriculture
",470.83,@
1535,2024-2025,Mar,KARNATAKA,Agriculture,"General agricultural labourers (including watering/irrigation workers, etc.)
",471.11,341.00
1536,2024-2025,Mar,KARNATAKA,Agriculture,"Plant protection workers (applying pesticides, treating seeds, etc.
",450.38,-
1537,2024-2025,Mar,KERALA,Agriculture,"Ploughing/Tilling workers",946.03,@
1538,2024-2025,Mar,KERALA,Agriculture,"Sowing(including Planting/Transplanting/ Weeding) workers)
",948.52,661.92
1539,2024-2025,Mar,KERALA,Agriculture,"Harvesting/Winnowing/Threshing workers
",826.00,674.58
1540,2024-2025,Mar,KERALA,Agriculture,"Picking workers (including Tea, Cotton, Tobacco and other commercial crops)
",-,@
1541,2024-2025,Mar,KERALA,Agriculture,"Horticulture workers (including nursery growers)
",@,@
1542,2024-2025,Mar,KERALA,Agriculture,"Fishermen-inland
",-,-
1543,2024-2025,Mar,KERALA,Agriculture,"Fishermen-coastal/deep-sea
",-,-
1544,2024-2025,Mar,KERALA,Agriculture,"Loggers and wood cutters
",1128.57,-
1545,2024-2025,Mar,KERALA,Agriculture,"Animal husbandry workers (including poultry workers, dairy workers & herdsman)
",677.90,-
1546,2024-2025,Mar,KERALA,Agriculture,"Packaging labourers, agriculture
",-,-
1547,2024-2025,Mar,KERALA,Agriculture,"General agricultural labourers (including watering/irrigation workers, etc.)
",880.36,637.50
1548,2024-2025,Mar,KERALA,Agriculture,"Plant protection workers (applying pesticides, treating seeds, etc.
",749.00,-
1549,2025-2026,Mar,KERALA,Agriculture,"General agricultural labourers (including watering/irrigation workers, etc.)
",862.8099999999999,677.27
1550,2025-2026,Mar,KERALA,Agriculture,"Plant protection workers (applying pesticides, treating seeds, etc.
",841.76,@
1551,2025-2026,Mar,KERALA,Agriculture,"Ploughing/Tilling workers",1033.33,-
1552,2025-2026,Mar,KERALA,Agriculture,"Sowing(including Planting/Transplanting/ Weeding) workers)
",871.15,645.83
1553,2025-2026,Mar,KERALA,Agriculture,"Harvesting/Winnowing/Threshing workers
",870.98,723.27
1554,2025-2026,Mar,KERALA,Agriculture,"Picking workers (including Tea, Cotton, Tobacco and other commercial crops)
",-,@
1555,2025-2026,Mar,KERALA,Agriculture,"Horticulture workers (including nursery growers)
",775,@
1556,2025-2026,Mar,KERALA,Agriculture,"Fishermen-inland
",-,-
1557,2025-2026,Mar,KERALA,Agriculture,"Fishermen-coastal/deep-sea
",-,-
1558,2025-2026,Mar,KERALA,Agriculture,"Loggers and wood cutters
",1055.56,-
1559,2025-2026,Mar,KERALA,Agriculture,"Animal husbandry workers (including poultry workers, dairy workers & herdsman)
",695.83,-
1560,2025-2026,Mar,KERALA,Agriculture,"Packaging labourers, agriculture
",902.5,693.75
1561,2025-2026,Mar,"MADHYA PRADESH",Agriculture,"Ploughing/Tilling workers",376.5,300
1562,2025-2026,Mar,"MADHYA PRADESH",Agriculture,"Sowing(including Planting/Transplanting/ Weeding) workers)
",361.45,303.64
1563,2025-2026,Mar,"MADHYA PRADESH",Agriculture,"Harvesting/Winnowing/Threshing workers
",361.63,314
1564,2025-2026,Mar,"MADHYA PRADESH",Agriculture,"Picking workers (including Tea, Cotton, Tobacco and other commercial crops)
",392.08,351.04
1565,2025-2026,Mar,"MADHYA PRADESH",Agriculture,"Horticulture workers (including nursery growers)
",300,285.71
1566,2025-2026,Mar,"MADHYA PRADESH",Agriculture,"Fishermen-inland
",-,-
1567,2025-2026,Mar,"MADHYA PRADESH",Agriculture,"Fishermen-coastal/deep-sea
",-,-
1568,2025-2026,Mar,"MADHYA PRADESH",Agriculture,"Loggers and wood cutters
",417.53,290
1569,2025-2026,Mar,"MADHYA PRADESH",Agriculture,"Animal husbandry workers (including poultry workers, dairy workers & herdsman)
",270.36,242.22
1570,2025-2026,Mar,"MADHYA PRADESH",Agriculture,"Packaging labourers, agriculture
",@,@
1571,2025-2026,Mar,"MADHYA PRADESH",Agriculture,"General agricultural labourers (including watering/irrigation workers, etc.)
",332.1,288.33
1572,2025-2026,Mar,"MADHYA PRADESH",Agriculture,"Plant protection workers (applying pesticides, treating seeds, etc.
",374.47,@
1573,2024-2025,Mar,"MADHYA PRADESH",Agriculture,"Ploughing/Tilling workers",317.87,244.29
1574,2024-2025,Mar,"MADHYA PRADESH",Agriculture,"Sowing(including Planting/Transplanting/ Weeding) workers)
",291.59,260.08
1575,2024-2025,Mar,"MADHYA PRADESH",Agriculture,"Harvesting/Winnowing/Threshing workers
",300.45,261.85
1576,2024-2025,Mar,"MADHYA PRADESH",Agriculture,"Picking workers (including Tea, Cotton, Tobacco and other commercial crops)
",295.45,256.36
1577,2024-2025,Mar,"MADHYA PRADESH",Agriculture,"Horticulture workers (including nursery growers)
",255.00,227.00
1578,2024-2025,Mar,"MADHYA PRADESH",Agriculture,"Fishermen-inland
",@,-
1579,2024-2025,Mar,"MADHYA PRADESH",Agriculture,"Fishermen-coastal/deep-sea
",-,-
1580,2024-2025,Mar,"MADHYA PRADESH",Agriculture,"Loggers and wood cutters
",268.57,@
1581,2024-2025,Mar,"MADHYA PRADESH",Agriculture,"Animal husbandry workers (including poultry workers, dairy workers & herdsman)
",231.75,202.50
1582,2024-2025,Mar,"MADHYA PRADESH",Agriculture,"Packaging labourers, agriculture
",234.71,211.25
1583,2024-2025,Mar,"MADHYA PRADESH",Agriculture,"General agricultural labourers (including watering/irrigation workers, etc.)
",265.38,230.08
1584,2024-2025,Mar,"MADHYA PRADESH",Agriculture,"Plant protection workers (applying pesticides, treating seeds, etc.
",290.31,250.00
1585,2024-2025,Mar,MAHARASHTRA,Agriculture,"Ploughing/Tilling workers",430.00,320.00
1586,2024-2025,Mar,MAHARASHTRA,Agriculture,"Sowing(including Planting/Transplanting/ Weeding) workers)
",401.33,293.41
1587,2024-2025,Mar,MAHARASHTRA,Agriculture,"Harvesting/Winnowing/Threshing workers
",412.86,300.00
1588,2024-2025,Mar,MAHARASHTRA,Agriculture,"Picking workers (including Tea, Cotton, Tobacco and other commercial crops)
",339.29,285.71
1589,2024-2025,Mar,MAHARASHTRA,Agriculture,"Horticulture workers (including nursery growers)
",419.23,296.15
1590,2024-2025,Mar,MAHARASHTRA,Agriculture,"Fishermen-inland
",@,-
1591,2024-2025,Mar,MAHARASHTRA,Agriculture,"Fishermen-coastal/deep-sea
",@,@
1592,2024-2025,Mar,MAHARASHTRA,Agriculture,"Loggers and wood cutters
",466.78,370.67
1593,2024-2025,Mar,MAHARASHTRA,Agriculture,"Animal husbandry workers (including poultry workers, dairy workers & herdsman)
",322.36,285.56
1594,2024-2025,Mar,MAHARASHTRA,Agriculture,"Packaging labourers, agriculture
",351.25,257.14
1595,2024-2025,Mar,MAHARASHTRA,Agriculture,"General agricultural labourers (including watering/irrigation workers, etc.)
",353.04,248.12
1596,2024-2025,Mar,MAHARASHTRA,Agriculture,"Plant protection workers (applying pesticides, treating seeds, etc.
",396.67,267.14
1597,2025-2026,Mar,MAHARASHTRA,Agriculture,"General agricultural labourers (including watering/irrigation workers, etc.)
",374.37,262.11
1598,2025-2026,Mar,MAHARASHTRA,Agriculture,"Plant protection workers (applying pesticides, treating seeds, etc.
",458.06,344
1599,2025-2026,Mar,MAHARASHTRA,Agriculture,"Ploughing/Tilling workers",431.4,370
1600,2025-2026,Mar,MAHARASHTRA,Agriculture,"Sowing(including Planting/Transplanting/ Weeding) workers)
",405.81,308.14
1601,2025-2026,Mar,MAHARASHTRA,Agriculture,"Harvesting/Winnowing/Threshing workers
",423.68,325
1602,2025-2026,Mar,MAHARASHTRA,Agriculture,"Picking workers (including Tea, Cotton, Tobacco and other commercial crops)
",360,310.87
1603,2025-2026,Mar,MAHARASHTRA,Agriculture,"Horticulture workers (including nursery growers)
",443.95,326.27
1604,2025-2026,Mar,MAHARASHTRA,Agriculture,"Fishermen-inland
",523.8099999999999,@
1605,2025-2026,Mar,MAHARASHTRA,Agriculture,"Fishermen-coastal/deep-sea
",-,-
1606,2025-2026,Mar,MAHARASHTRA,Agriculture,"Loggers and wood cutters
",501.73,-
1607,2025-2026,Mar,MAHARASHTRA,Agriculture,"Animal husbandry workers (including poultry workers, dairy workers & herdsman)
",331.36,320.83
1608,2025-2026,Mar,MAHARASHTRA,Agriculture,"Packaging labourers, agriculture
",387.5,318.18
1609,2025-2026,Mar,"MANIPUR
",Agriculture,"Ploughing/Tilling workers",636,@
1610,2025-2026,Mar,"MANIPUR
",Agriculture,"Sowing(including Planting/Transplanting/ Weeding) workers)
",635,525
1611,2025-2026,Mar,"MANIPUR
",Agriculture,"Harvesting/Winnowing/Threshing workers
",630,525
1612,2025-2026,Mar,"MANIPUR
",Agriculture,"Picking workers (including Tea, Cotton, Tobacco and other commercial crops)
",425,395
1613,2025-2026,Mar,"MANIPUR
",Agriculture,"Horticulture workers (including nursery growers)
",425,395
1614,2025-2026,Mar,"MANIPUR
",Agriculture,"Fishermen-inland
",390,360
1615,2025-2026,Mar,"MANIPUR
",Agriculture,"Fishermen-coastal/deep-sea
",-,-
1616,2025-2026,Mar,"MANIPUR
",Agriculture,"Loggers and wood cutters
",490,-
1617,2025-2026,Mar,"MANIPUR
",Agriculture,"Packaging labourers, agriculture
",-,-
1618,2025-2026,Mar,"MANIPUR
",Agriculture,"General agricultural labourers (including watering/irrigation workers, etc.)
",-,-
1619,2025-2026,Mar,"MANIPUR
",Agriculture,"Plant protection workers (applying pesticides, treating seeds, etc.
",650,650
1620,2025-2026,Mar,"MANIPUR
",Agriculture,"Animal husbandry workers (including poultry workers, dairy workers & herdsman)
",425.00,415.00
1621,2024-2025,Mar,"MANIPUR
",Agriculture,"Ploughing/Tilling workers",358.57,-
1622,2024-2025,Mar,"MANIPUR
",Agriculture,"Sowing(including Planting/Transplanting/ Weeding) workers)
",341.67,315.62
1623,2024-2025,Mar,"MANIPUR
",Agriculture,"Harvesting/Winnowing/Threshing workers
",332.86,324.29
1624,2024-2025,Mar,"MANIPUR
",Agriculture,"Picking workers (including Tea, Cotton, Tobacco and other commercial crops)
",-,-
1625,2024-2025,Mar,"MANIPUR
",Agriculture,"Horticulture workers (including nursery growers)
",@,@
1626,2024-2025,Mar,"MANIPUR
",Agriculture,"Fishermen-inland
",-,-
1627,2024-2025,Mar,"MANIPUR
",Agriculture,"Fishermen-coastal/deep-sea
",-,-
1628,2024-2025,Mar,"MANIPUR
",Agriculture,"Loggers and wood cutters
",@,-
1629,2024-2025,Mar,"MANIPUR
",Agriculture,"Animal husbandry workers (including poultry workers, dairy workers & herdsman)
",338.00,-
1630,2024-2025,Mar,"MANIPUR
",Agriculture,"Packaging labourers, agriculture
",@,-
1631,2024-2025,Mar,"MANIPUR
",Agriculture,"General agricultural labourers (including watering/irrigation workers, etc.)
",@,-
1632,2024-2025,Mar,"MANIPUR
",Agriculture,"Plant protection workers (applying pesticides, treating seeds, etc.
",@,-
1633,2024-2025,Mar,"MEGHALAYA
",Agriculture,"Ploughing/Tilling workers",374.29,204.00
1634,2024-2025,Mar,"MEGHALAYA
",Agriculture,"Sowing(including Planting/Transplanting/ Weeding) workers)
",343.50,210.75
1635,2024-2025,Mar,"MEGHALAYA
",Agriculture,"Harvesting/Winnowing/Threshing workers
",353.88,204.88
1636,2024-2025,Mar,"MEGHALAYA
",Agriculture,"Picking workers (including Tea, Cotton, Tobacco and other commercial crops)
",@,@
1637,2024-2025,Mar,"MEGHALAYA
",Agriculture,"Horticulture workers (including nursery growers)
",@,@
1638,2024-2025,Mar,"MEGHALAYA
",Agriculture,"Fishermen-inland
",-,-
1639,2024-2025,Mar,"MEGHALAYA
",Agriculture,"Fishermen-coastal/deep-sea
",-,-
1640,2024-2025,Mar,"MEGHALAYA
",Agriculture,"Loggers and wood cutters
",@,-
1641,2024-2025,Mar,"MEGHALAYA
",Agriculture,"Animal husbandry workers (including poultry workers, dairy workers & herdsman)
",313.88,@
1642,2024-2025,Mar,"MEGHALAYA
",Agriculture,"Packaging labourers, agriculture
",@,-
1643,2024-2025,Mar,"MEGHALAYA
",Agriculture,"General agricultural labourers (including watering/irrigation workers, etc.)
",335.17,203.17
1644,2024-2025,Mar,"MEGHALAYA
",Agriculture,"Plant protection workers (applying pesticides, treating seeds, etc.
",-,-
1645,2025-2026,Mar,"MEGHALAYA
",Agriculture,"General agricultural labourers (including watering/irrigation workers, etc.)
",@,@
1646,2025-2026,Mar,"MEGHALAYA
",Agriculture,"Plant protection workers (applying pesticides, treating seeds, etc.
",-,-
1647,2025-2026,Mar,"MEGHALAYA
",Agriculture,"Animal husbandry workers (including poultry workers, dairy workers & herdsman)
",@,@
1648,2025-2026,Mar,"MEGHALAYA
",Agriculture,"Ploughing/Tilling workers",446.43,@
1649,2025-2026,Mar,"MEGHALAYA
",Agriculture,"Sowing(including Planting/Transplanting/ Weeding) workers)
",473.57,322.14
1650,2025-2026,Mar,"MEGHALAYA
",Agriculture,"Harvesting/Winnowing/Threshing workers
",481.75,309.82
1651,2025-2026,Mar,"MEGHALAYA
",Agriculture,"Picking workers (including Tea, Cotton, Tobacco and other commercial crops)
",-,-
1652,2025-2026,Mar,"MEGHALAYA
",Agriculture,"Horticulture workers (including nursery growers)
",@,@
1653,2025-2026,Mar,"MEGHALAYA
",Agriculture,"Fishermen-inland
",-,-
1654,2025-2026,Mar,"MEGHALAYA
",Agriculture,"Fishermen-coastal/deep-sea
",-,-
1655,2025-2026,Mar,"MEGHALAYA
",Agriculture,"Loggers and wood cutters
",434.9,-
1656,2025-2026,Mar,"MEGHALAYA
",Agriculture,"Packaging labourers, agriculture
",-,-
1657,2025-2026,Mar,"ODISHA
",Agriculture,"Ploughing/Tilling workers",513.25,-
1658,2025-2026,Mar,"ODISHA
",Agriculture,"Sowing(including Planting/Transplanting/ Weeding) workers)
",483.74,408
1659,2025-2026,Mar,"ODISHA
",Agriculture,"Harvesting/Winnowing/Threshing workers
",408.33,334.52
1660,2025-2026,Mar,"ODISHA
",Agriculture,"Picking workers (including Tea, Cotton, Tobacco and other commercial crops)
",-,-
1661,2025-2026,Mar,"ODISHA
",Agriculture,"Horticulture workers (including nursery growers)
",378.89,300.48
1662,2025-2026,Mar,"ODISHA
",Agriculture,"Fishermen-inland
",403.13,-
1663,2025-2026,Mar,"ODISHA
",Agriculture,"Fishermen-coastal/deep-sea
",-,-
1664,2025-2026,Mar,"ODISHA
",Agriculture,"Loggers and wood cutters
",498.51,-
1665,2025-2026,Mar,"ODISHA
",Agriculture,"Packaging labourers, agriculture
",341.18,@
1666,2025-2026,Mar,"ODISHA
",Agriculture,"General agricultural labourers (including watering/irrigation workers, etc.)
",418.44,395.33
1667,2025-2026,Mar,"ODISHA
",Agriculture,"Plant protection workers (applying pesticides, treating seeds, etc.
",420,-
1668,2025-2026,Mar,"ODISHA
",Agriculture,"Animal husbandry workers (including poultry workers, dairy workers & herdsman)
",351.58,315.45
1669,2024-2025,Mar,"ODISHA
",Agriculture,"Ploughing/Tilling workers",384.87,317.62
1670,2024-2025,Mar,"ODISHA
",Agriculture,"Sowing(including Planting/Transplanting/ Weeding) workers)
",394.62,339.31
1671,2024-2025,Mar,"ODISHA
",Agriculture,"Harvesting/Winnowing/Threshing workers
",392.18,346.67
1672,2024-2025,Mar,"ODISHA
",Agriculture,"Picking workers (including Tea, Cotton, Tobacco and other commercial crops)
",300.00,@
1673,2024-2025,Mar,"ODISHA
",Agriculture,"Horticulture workers (including nursery growers)
",@,@
1674,2024-2025,Mar,"ODISHA
",Agriculture,"Fishermen-inland
",254.00,-
1675,2024-2025,Mar,"ODISHA
",Agriculture,"Fishermen-coastal/deep-sea
",@,-
1676,2024-2025,Mar,"ODISHA
",Agriculture,"Loggers and wood cutters
",326.19,-
1677,2024-2025,Mar,"ODISHA
",Agriculture,"Animal husbandry workers (including poultry workers, dairy workers & herdsman)
",272.67,205.00
1678,2024-2025,Mar,"ODISHA
",Agriculture,"Packaging labourers, agriculture
",@,-
1679,2024-2025,Mar,"ODISHA
",Agriculture,"General agricultural labourers (including watering/irrigation workers, etc.)
",389.42,338.49
1680,2024-2025,Mar,"ODISHA
",Agriculture,"Plant protection workers (applying pesticides, treating seeds, etc.
",291.11,@
1681,2024-2025,Mar,"PUNJAB
",Agriculture,"Ploughing/Tilling workers",449.56,@
1682,2024-2025,Mar,"PUNJAB
",Agriculture,"Sowing(including Planting/Transplanting/ Weeding) workers)
",428.50,373.67
1683,2024-2025,Mar,"PUNJAB
",Agriculture,"Harvesting/Winnowing/Threshing workers
",442.91,@
1684,2024-2025,Mar,"PUNJAB
",Agriculture,"Picking workers (including Tea, Cotton, Tobacco and other commercial crops)
",394.00,@
1685,2024-2025,Mar,"PUNJAB
",Agriculture,"Horticulture workers (including nursery growers)
",@,-
1686,2024-2025,Mar,"PUNJAB
",Agriculture,"Fishermen-inland
",-,-
1687,2024-2025,Mar,"PUNJAB
",Agriculture,"Fishermen-coastal/deep-sea
",-,-
1688,2024-2025,Mar,"PUNJAB
",Agriculture,"Loggers and wood cutters
",@,-
1689,2024-2025,Mar,"PUNJAB
",Agriculture,"Animal husbandry workers (including poultry workers, dairy workers & herdsman)
",357.61,@
1690,2024-2025,Mar,"PUNJAB
",Agriculture,"Packaging labourers, agriculture
",403.33,@
1691,2024-2025,Mar,"PUNJAB
",Agriculture,"General agricultural labourers (including watering/irrigation workers, etc.)
",422.67,-
1692,2024-2025,Mar,"PUNJAB
",Agriculture,"Plant protection workers (applying pesticides, treating seeds, etc.
",414.29,-
1693,2025-2026,Mar,"PUNJAB
",Agriculture,"General agricultural labourers (including watering/irrigation workers, etc.)
",453.33,@
1694,2025-2026,Mar,"PUNJAB
",Agriculture,"Plant protection workers (applying pesticides, treating seeds, etc.
",478.42,-
1695,2025-2026,Mar,"PUNJAB
",Agriculture,"Animal husbandry workers (including poultry workers, dairy workers & herdsman)
",421.67,@
1696,2025-2026,Mar,"PUNJAB
",Agriculture,"Ploughing/Tilling workers",484.55,@
1697,2025-2026,Mar,"PUNJAB
",Agriculture,"Sowing(including Planting/Transplanting/ Weeding) workers)
",478.18,438.75
1698,2025-2026,Mar,"PUNJAB
",Agriculture,"Harvesting/Winnowing/Threshing workers
",490,441.43
1699,2025-2026,Mar,"PUNJAB
",Agriculture,"Picking workers (including Tea, Cotton, Tobacco and other commercial crops)
",430,@
1700,2025-2026,Mar,"PUNJAB
",Agriculture,"Horticulture workers (including nursery growers)
",@,-
1701,2025-2026,Mar,"PUNJAB
",Agriculture,"Fishermen-inland
",-,-
1702,2025-2026,Mar,"PUNJAB
",Agriculture,"Fishermen-coastal/deep-sea
",-,-
1703,2025-2026,Mar,"PUNJAB
",Agriculture,"Loggers and wood cutters
",@,-
1704,2025-2026,Mar,"PUNJAB
",Agriculture,"Packaging labourers, agriculture
",458.75,@
1705,2025-2026,Mar,RAJASTHAN,Agriculture,"Ploughing/Tilling workers",537.5,412.86
1706,2025-2026,Mar,RAJASTHAN,Agriculture,"Sowing(including Planting/Transplanting/ Weeding) workers)
",465.48,383.33
1707,2025-2026,Mar,RAJASTHAN,Agriculture,"Harvesting/Winnowing/Threshing workers
",481.11,438.02
1708,2025-2026,Mar,RAJASTHAN,Agriculture,"Picking workers (including Tea, Cotton, Tobacco and other commercial crops)
",427,395
1709,2025-2026,Mar,RAJASTHAN,Agriculture,"Horticulture workers (including nursery growers)
",426,@
1710,2025-2026,Mar,RAJASTHAN,Agriculture,"Fishermen-inland
",-,-
1711,2025-2026,Mar,RAJASTHAN,Agriculture,"Fishermen-coastal/deep-sea
",-,-
1712,2025-2026,Mar,RAJASTHAN,Agriculture,"Loggers and wood cutters
",505.79,-
1713,2025-2026,Mar,RAJASTHAN,Agriculture,"Packaging labourers, agriculture
",397.86,416.67
1714,2025-2026,Mar,RAJASTHAN,Agriculture,"General agricultural labourers (including watering/irrigation workers, etc.)
",438.97,368.18
1715,2025-2026,Mar,RAJASTHAN,Agriculture,"Plant protection workers (applying pesticides, treating seeds, etc.
",475.38,-
1716,2025-2026,Mar,RAJASTHAN,Agriculture,"Animal husbandry workers (including poultry workers, dairy workers & herdsman)
",410.77,@
1717,2024-2025,Mar,RAJASTHAN,Agriculture,"Ploughing/Tilling workers",405.00,@
1718,2024-2025,Mar,RAJASTHAN,Agriculture,"Sowing(including Planting/Transplanting/ Weeding) workers)
",420.00,384.44
1719,2024-2025,Mar,RAJASTHAN,Agriculture,"Harvesting/Winnowing/Threshing workers
",478.46,439.17
1720,2024-2025,Mar,RAJASTHAN,Agriculture,"Picking workers (including Tea, Cotton, Tobacco and other commercial crops)
",@,@
1721,2024-2025,Mar,RAJASTHAN,Agriculture,"Horticulture workers (including nursery growers)
",@,-
1722,2024-2025,Mar,RAJASTHAN,Agriculture,"Fishermen-inland
",-,-
1723,2024-2025,Mar,RAJASTHAN,Agriculture,"Fishermen-coastal/deep-sea
",-,-
1724,2024-2025,Mar,RAJASTHAN,Agriculture,"Loggers and wood cutters
",408.33,-
1725,2024-2025,Mar,RAJASTHAN,Agriculture,"Animal husbandry workers (including poultry workers, dairy workers & herdsman)
",@,@
1726,2024-2025,Mar,RAJASTHAN,Agriculture,"Packaging labourers, agriculture
",@,@
1727,2024-2025,Mar,RAJASTHAN,Agriculture,"General agricultural labourers (including watering/irrigation workers, etc.)
",413.75,365.38
1728,2024-2025,Mar,RAJASTHAN,Agriculture,"Plant protection workers (applying pesticides, treating seeds, etc.
",431.11,@
1729,2024-2025,Mar,"TAMIL NADU",Agriculture,"Ploughing/Tilling workers",712.71,@
1730,2024-2025,Mar,"TAMIL NADU",Agriculture,"Sowing(including Planting/Transplanting/ Weeding) workers)
",605.00,397.88
1731,2024-2025,Mar,"TAMIL NADU",Agriculture,"Harvesting/Winnowing/Threshing workers
",585.28,396.14
1732,2024-2025,Mar,"TAMIL NADU",Agriculture,"Picking workers (including Tea, Cotton, Tobacco and other commercial crops)
",@,349.05
1733,2024-2025,Mar,"TAMIL NADU",Agriculture,"Horticulture workers (including nursery growers)
",@,@
1734,2024-2025,Mar,"TAMIL NADU",Agriculture,"Fishermen-inland
",-,-
1735,2024-2025,Mar,"TAMIL NADU",Agriculture,"Fishermen-coastal/deep-sea
",-,-
1736,2024-2025,Mar,"TAMIL NADU",Agriculture,"Loggers and wood cutters
",642.95,@
1737,2024-2025,Mar,"TAMIL NADU",Agriculture,"Animal husbandry workers (including poultry workers, dairy workers & herdsman)
",701.81,@
1738,2024-2025,Mar,"TAMIL NADU",Agriculture,"Packaging labourers, agriculture
",@,@
1739,2024-2025,Mar,"TAMIL NADU",Agriculture,"General agricultural labourers (including watering/irrigation workers, etc.)
",582.80,372.37
1740,2024-2025,Mar,"TAMIL NADU",Agriculture,"Plant protection workers (applying pesticides, treating seeds, etc.
",710.88,@
1741,2025-2026,Mar,"TAMIL NADU",Agriculture,"General agricultural labourers (including watering/irrigation workers, etc.)
",639.66,385.73
1742,2025-2026,Mar,"TAMIL NADU",Agriculture,"Plant protection workers (applying pesticides, treating seeds, etc.
",902.6799999999999,-
1743,2025-2026,Mar,"TAMIL NADU",Agriculture,"Animal husbandry workers (including poultry workers, dairy workers & herdsman)
",622.68,361.90
1744,2025-2026,Mar,"TAMIL NADU",Agriculture,"Ploughing/Tilling workers",753.89,@
1745,2025-2026,Mar,"TAMIL NADU",Agriculture,"Sowing(including Planting/Transplanting/ Weeding) workers)
",719.21,457.51
1746,2025-2026,Mar,"TAMIL NADU",Agriculture,"Harvesting/Winnowing/Threshing workers
",657.3099999999999,433.65
1747,2025-2026,Mar,"TAMIL NADU",Agriculture,"Picking workers (including Tea, Cotton, Tobacco and other commercial crops)
",@,520.71
1748,2025-2026,Mar,"TAMIL NADU",Agriculture,"Horticulture workers (including nursery growers)
",@,410.56
1749,2025-2026,Mar,"TAMIL NADU",Agriculture,"Fishermen-inland
",@,-
1750,2025-2026,Mar,"TAMIL NADU",Agriculture,"Fishermen-coastal/deep-sea
",-,-
1751,2025-2026,Mar,"TAMIL NADU",Agriculture,"Loggers and wood cutters
",736.9,-
1752,2025-2026,Mar,"TAMIL NADU",Agriculture,"Packaging labourers, agriculture
",@,@
1753,2025-2026,Mar,TRIPURA,Agriculture,"Ploughing/Tilling workers",520,-
1754,2025-2026,Mar,TRIPURA,Agriculture,"Sowing(including Planting/Transplanting/ Weeding) workers)
",520,-
1755,2025-2026,Mar,TRIPURA,Agriculture,"Harvesting/Winnowing/Threshing workers
",520,-
1756,2025-2026,Mar,TRIPURA,Agriculture,"Picking workers (including Tea, Cotton, Tobacco and other commercial crops)
",-,-
1757,2025-2026,Mar,TRIPURA,Agriculture,"Horticulture workers (including nursery growers)
",@,-
1758,2025-2026,Mar,TRIPURA,Agriculture,"Fishermen-inland
",-,-
1759,2025-2026,Mar,TRIPURA,Agriculture,"Fishermen-coastal/deep-sea
",-,-
1760,2025-2026,Mar,TRIPURA,Agriculture,"Loggers and wood cutters
",590,-
1761,2025-2026,Mar,TRIPURA,Agriculture,"Packaging labourers, agriculture
",-,-
1762,2025-2026,Mar,TRIPURA,Agriculture,"General agricultural labourers (including watering/irrigation workers, etc.)
",490,-
1763,2025-2026,Mar,TRIPURA,Agriculture,"Plant protection workers (applying pesticides, treating seeds, etc.
",-,-
1764,2025-2026,Mar,TRIPURA,Agriculture,"Animal husbandry workers (including poultry workers, dairy workers & herdsman)
",420.00,-
1765,2024-2025,Mar,TRIPURA,Agriculture,"Ploughing/Tilling workers",420.00,-
1766,2024-2025,Mar,TRIPURA,Agriculture,"Sowing(including Planting/Transplanting/ Weeding) workers)
",420.00,-
1767,2024-2025,Mar,TRIPURA,Agriculture,"Harvesting/Winnowing/Threshing workers
",431.11,-
1768,2024-2025,Mar,TRIPURA,Agriculture,"Picking workers (including Tea, Cotton, Tobacco and other commercial crops)
",-,-
1769,2024-2025,Mar,TRIPURA,Agriculture,"Horticulture workers (including nursery growers)
",-,-
1770,2024-2025,Mar,TRIPURA,Agriculture,"Fishermen-inland
",-,-
1771,2024-2025,Mar,TRIPURA,Agriculture,"Fishermen-coastal/deep-sea
",-,-
1772,2024-2025,Mar,TRIPURA,Agriculture,"Loggers and wood cutters
",502.22,-
1773,2024-2025,Mar,TRIPURA,Agriculture,"Animal husbandry workers (including poultry workers, dairy workers & herdsman)
",320.00,-
1774,2024-2025,Mar,TRIPURA,Agriculture,"Packaging labourers, agriculture
",-,-
1775,2024-2025,Mar,TRIPURA,Agriculture,"General agricultural labourers (including watering/irrigation workers, etc.)
",401.11,-
1776,2024-2025,Mar,TRIPURA,Agriculture,"Plant protection workers (applying pesticides, treating seeds, etc.
",-,-
1777,2024-2025,Mar,"UTTAR PRADESH",Agriculture,"Ploughing/Tilling workers",369.21,325.77
1778,2024-2025,Mar,"UTTAR PRADESH",Agriculture,"Sowing(including Planting/Transplanting/ Weeding) workers)
",378.42,333.12
1779,2024-2025,Mar,"UTTAR PRADESH",Agriculture,"Harvesting/Winnowing/Threshing workers
",391.70,349.49
1780,2024-2025,Mar,"UTTAR PRADESH",Agriculture,"Picking workers (including Tea, Cotton, Tobacco and other commercial crops)
",360.00,312.50
1781,2024-2025,Mar,"UTTAR PRADESH",Agriculture,"Horticulture workers (including nursery growers)
",@,@
1782,2024-2025,Mar,"UTTAR PRADESH",Agriculture,"Fishermen-inland
",-,-
1783,2024-2025,Mar,"UTTAR PRADESH",Agriculture,"Fishermen-coastal/deep-sea
",-,-
1784,2024-2025,Mar,"UTTAR PRADESH",Agriculture,"Loggers and wood cutters
",407.06,@
1785,2024-2025,Mar,"UTTAR PRADESH",Agriculture,"Animal husbandry workers (including poultry workers, dairy workers & herdsman)
",331.67,@
1786,2024-2025,Mar,"UTTAR PRADESH",Agriculture,"Packaging labourers, agriculture
",330.00,304.00
1787,2024-2025,Mar,"UTTAR PRADESH",Agriculture,"General agricultural labourers (including watering/irrigation workers, etc.)
",363.39,304.30
1788,2024-2025,Mar,"UTTAR PRADESH",Agriculture,"Plant protection workers (applying pesticides, treating seeds, etc.
",406.88,@
1789,2025-2026,Mar,"UTTAR PRADESH",Agriculture,"General agricultural labourers (including watering/irrigation workers, etc.)
",400.94,337.57
1790,2025-2026,Mar,"UTTAR PRADESH",Agriculture,"Plant protection workers (applying pesticides, treating seeds, etc.
",494.67,@
1791,2025-2026,Mar,"UTTAR PRADESH",Agriculture,"Animal husbandry workers (including poultry workers, dairy workers & herdsman)
",408.75,414.17
1792,2025-2026,Mar,"UTTAR PRADESH",Agriculture,"Ploughing/Tilling workers",441.76,440.83
1793,2025-2026,Mar,"UTTAR PRADESH",Agriculture,"Sowing(including Planting/Transplanting/ Weeding) workers)
",391.9,335.49
1794,2025-2026,Mar,"UTTAR PRADESH",Agriculture,"Harvesting/Winnowing/Threshing workers
",390,330.68
1795,2025-2026,Mar,"UTTAR PRADESH",Agriculture,"Picking workers (including Tea, Cotton, Tobacco and other commercial crops)
",340,290
1796,2025-2026,Mar,"UTTAR PRADESH",Agriculture,"Horticulture workers (including nursery growers)
",430,357.86
1797,2025-2026,Mar,"UTTAR PRADESH",Agriculture,"Fishermen-inland
",568.33,-
1798,2025-2026,Mar,"UTTAR PRADESH",Agriculture,"Fishermen-coastal/deep-sea
",-,-
1799,2025-2026,Mar,"UTTAR PRADESH",Agriculture,"Loggers and wood cutters
",524.87,-
1800,2025-2026,Mar,"UTTAR PRADESH",Agriculture,"Packaging labourers, agriculture
",421.05,377.5
1801,2025-2026,Mar,"WEST BENGAL",Agriculture,"Ploughing/Tilling workers",465.62,347.52
1802,2025-2026,Mar,"WEST BENGAL",Agriculture,"Sowing(including Planting/Transplanting/ Weeding) workers)
",415.06,379.04
1803,2025-2026,Mar,"WEST BENGAL",Agriculture,"Harvesting/Winnowing/Threshing workers
",421.69,384.36
1804,2025-2026,Mar,"WEST BENGAL",Agriculture,"Picking workers (including Tea, Cotton, Tobacco and other commercial crops)
",343.24,@
1805,2025-2026,Mar,"WEST BENGAL",Agriculture,"Horticulture workers (including nursery growers)
",384.87,309.71
1806,2025-2026,Mar,"WEST BENGAL",Agriculture,"Fishermen-inland
",601.37,-
1807,2025-2026,Mar,"WEST BENGAL",Agriculture,"Fishermen-coastal/deep-sea
",-,-
1808,2025-2026,Mar,"WEST BENGAL",Agriculture,"Loggers and wood cutters
",532.48,-
1809,2025-2026,Mar,"WEST BENGAL",Agriculture,"Packaging labourers, agriculture
",421.01,338.53
1810,2025-2026,Mar,"WEST BENGAL",Agriculture,"General agricultural labourers (including watering/irrigation workers, etc.)
",423.81,356.77
1811,2025-2026,Mar,"WEST BENGAL",Agriculture,"Plant protection workers (applying pesticides, treating seeds, etc.
",480,311.29
1812,2025-2026,Mar,"WEST BENGAL",Agriculture,"Animal husbandry workers (including poultry workers, dairy workers & herdsman)
",373.23,@
1813,2024-2025,Mar,"WEST BENGAL",Agriculture,"Ploughing/Tilling workers",444.56,@
1814,2024-2025,Mar,"WEST BENGAL",Agriculture,"Sowing(including Planting/Transplanting/ Weeding) workers)
",355.24,309.28
1815,2024-2025,Mar,"WEST BENGAL",Agriculture,"Harvesting/Winnowing/Threshing workers
",362.51,317.40
1816,2024-2025,Mar,"WEST BENGAL",Agriculture,"Picking workers (including Tea, Cotton, Tobacco and other commercial crops)
",-,@
1817,2024-2025,Mar,"WEST BENGAL",Agriculture,"Horticulture workers (including nursery growers)
",401.83,412.00
1818,2024-2025,Mar,"WEST BENGAL",Agriculture,"Fishermen-inland
",560.00,-
1819,2024-2025,Mar,"WEST BENGAL",Agriculture,"Fishermen-coastal/deep-sea
",@,-
1820,2024-2025,Mar,"WEST BENGAL",Agriculture,"Loggers and wood cutters
",487.11,-
1821,2024-2025,Mar,"WEST BENGAL",Agriculture,"Animal husbandry workers (including poultry workers, dairy workers & herdsman)
",311.15,274.44
1822,2024-2025,Mar,"WEST BENGAL",Agriculture,"Packaging labourers, agriculture
",406.90,@
1823,2024-2025,Mar,"WEST BENGAL",Agriculture,"General agricultural labourers (including watering/irrigation workers, etc.)
",359.24,332.44
1824,2024-2025,Mar,"WEST BENGAL",Agriculture,"Plant protection workers (applying pesticides, treating seeds, etc.
",441.64,275.12
1825,2025-2026,Mar,"Andaman and Nicobar Islands",Agriculture,"Plant protection workers (applying pesticides, treating seeds, etc.
",-,-
1826,2025-2026,Mar,"Andaman and Nicobar Islands",Agriculture,"Ploughing/Tilling workers",680,680
1827,2025-2026,Mar,"Andaman and Nicobar Islands",Agriculture,"Sowing(including Planting/Transplanting/ Weeding) workers)
",800,800
1828,2025-2026,Mar,"Andaman and Nicobar Islands",Agriculture,"Harvesting/Winnowing/Threshing workers
",840,853.33
1829,2025-2026,Mar,"Andaman and Nicobar Islands",Agriculture,"Picking workers (including Tea, Cotton, Tobacco and other commercial crops)
",-,-
1830,2025-2026,Mar,"Andaman and Nicobar Islands",Agriculture,"Horticulture workers (including nursery growers)
",@,-
1831,2025-2026,Mar,"Andaman and Nicobar Islands",Agriculture,"Fishermen-inland
",-,-
1832,2025-2026,Mar,"Andaman and Nicobar Islands",Agriculture,"Fishermen-coastal/deep-sea
",822.86,-
1833,2025-2026,Mar,"Andaman and Nicobar Islands",Agriculture,"Loggers and wood cutters
",-,-
1834,2025-2026,Mar,"Andaman and Nicobar Islands",Agriculture,"Animal husbandry workers (including poultry workers, dairy workers & herdsman)
",638.1,-
1835,2025-2026,Mar,"Andaman and Nicobar Islands",Agriculture,"Packaging labourers, agriculture
",-,-
1836,2025-2026,Mar,"Andaman and Nicobar Islands",Agriculture,"General agricultural labourers (including watering/irrigation workers, etc.)
",-,-
1837,2025-2026,Mar,"Arunachal Pradesh",Agriculture,"Ploughing/Tilling workers",521.4299999999999,420
1838,2025-2026,Mar,"Arunachal Pradesh",Agriculture,"Sowing(including Planting/Transplanting/ Weeding) workers)
",528.5700000000001,428.57
1839,2025-2026,Mar,"Arunachal Pradesh",Agriculture,"Harvesting/Winnowing/Threshing workers
",500,425
1840,2025-2026,Mar,"Arunachal Pradesh",Agriculture,"Picking workers (including Tea, Cotton, Tobacco and other commercial crops)
",450,356.25
1841,2025-2026,Mar,"Arunachal Pradesh",Agriculture,"Horticulture workers (including nursery growers)
",570,@
1842,2025-2026,Mar,"Arunachal Pradesh",Agriculture,"Fishermen-inland
",-,-
1843,2025-2026,Mar,"Arunachal Pradesh",Agriculture,"Fishermen-coastal/deep-sea
",-,-
1844,2025-2026,Mar,"Arunachal Pradesh",Agriculture,"Loggers and wood cutters
",614.29,-
1845,2025-2026,Mar,"Arunachal Pradesh",Agriculture,"Animal husbandry workers (including poultry workers, dairy workers & herdsman)
",@,@
1846,2025-2026,Mar,"Arunachal Pradesh",Agriculture,"Packaging labourers, agriculture
",@,@
1847,2025-2026,Mar,"Arunachal Pradesh",Agriculture,"General agricultural labourers (including watering/irrigation workers, etc.)
",471.43,@
1848,2025-2026,Mar,"Arunachal Pradesh",Agriculture,"Plant protection workers (applying pesticides, treating seeds, etc.
",514.29,-
1849,2025-2026,Mar,Chhattisgarh,Agriculture,"General agricultural labourers (including watering/irrigation workers, etc.)
",280,228.33
1850,2025-2026,Mar,Chhattisgarh,Agriculture,"Plant protection workers (applying pesticides, treating seeds, etc.
",279.05,220
1851,2025-2026,Mar,Chhattisgarh,Agriculture,"Ploughing/Tilling workers",361.76,292
1852,2025-2026,Mar,Chhattisgarh,Agriculture,"Sowing(including Planting/Transplanting/ Weeding) workers)
",300.37,244.81
1853,2025-2026,Mar,Chhattisgarh,Agriculture,"Harvesting/Winnowing/Threshing workers
",278.95,232.63
1854,2025-2026,Mar,Chhattisgarh,Agriculture,"Picking workers (including Tea, Cotton, Tobacco and other commercial crops)
",@,@
1855,2025-2026,Mar,Chhattisgarh,Agriculture,"Horticulture workers (including nursery growers)
",264.29,@
1856,2025-2026,Mar,Chhattisgarh,Agriculture,"Fishermen-inland
",@,-
1857,2025-2026,Mar,Chhattisgarh,Agriculture,"Fishermen-coastal/deep-sea
",-,-
1858,2025-2026,Mar,Chhattisgarh,Agriculture,"Loggers and wood cutters
",370,@
1859,2025-2026,Mar,Chhattisgarh,Agriculture,"Animal husbandry workers (including poultry workers, dairy workers & herdsman)
",291.82,225.38
1860,2025-2026,Mar,Chhattisgarh,Agriculture,"Packaging labourers, agriculture
",@,@
1861,2025-2026,Mar,"Daman and Diu, Dadra Nagar and Haveli",Agriculture,"Ploughing/Tilling workers",522.5,@
1862,2025-2026,Mar,"Daman and Diu, Dadra Nagar and Haveli",Agriculture,"Sowing(including Planting/Transplanting/ Weeding) workers)
",410.63,441.11
1863,2025-2026,Mar,"Daman and Diu, Dadra Nagar and Haveli",Agriculture,"Harvesting/Winnowing/Threshing workers
",410.63,441.11
1864,2025-2026,Mar,"Daman and Diu, Dadra Nagar and Haveli",Agriculture,"Picking workers (including Tea, Cotton, Tobacco and other commercial crops)
",-,-
1865,2025-2026,Mar,"Daman and Diu, Dadra Nagar and Haveli",Agriculture,"Horticulture workers (including nursery growers)
",@,-
1866,2025-2026,Mar,"Daman and Diu, Dadra Nagar and Haveli",Agriculture,"Fishermen-inland
",@,-
1867,2025-2026,Mar,"Daman and Diu, Dadra Nagar and Haveli",Agriculture,"Fishermen-coastal/deep-sea
",572,-
1868,2025-2026,Mar,"Daman and Diu, Dadra Nagar and Haveli",Agriculture,"Loggers and wood cutters
",525,-
1869,2025-2026,Mar,"Daman and Diu, Dadra Nagar and Haveli",Agriculture,"Animal husbandry workers (including poultry workers, dairy workers & herdsman)
",@,@
1870,2025-2026,Mar,"Daman and Diu, Dadra Nagar and Haveli",Agriculture,"Packaging labourers, agriculture
",@,@
1871,2025-2026,Mar,"Daman and Diu, Dadra Nagar and Haveli",Agriculture,"General agricultural labourers (including watering/irrigation workers, etc.)
",395.71,@
1872,2025-2026,Mar,"Daman and Diu, Dadra Nagar and Haveli",Agriculture,"Plant protection workers (applying pesticides, treating seeds, etc.
",@,-
1873,2025-2026,Mar,Delhi,Agriculture,"General agricultural labourers (including watering/irrigation workers, etc.)
",-,-
1874,2025-2026,Mar,Delhi,Agriculture,"Plant protection workers (applying pesticides, treating seeds, etc.
",-,-
1875,2025-2026,Mar,Delhi,Agriculture,"Ploughing/Tilling workers",712.5,-
1876,2025-2026,Mar,Delhi,Agriculture,"Sowing(including Planting/Transplanting/ Weeding) workers)
",525,500
1877,2025-2026,Mar,Delhi,Agriculture,"Harvesting/Winnowing/Threshing workers
",512.5,500
1878,2025-2026,Mar,Delhi,Agriculture,"Picking workers (including Tea, Cotton, Tobacco and other commercial crops)
",-,-
1879,2025-2026,Mar,Delhi,Agriculture,"Horticulture workers (including nursery growers)
",-,-
1880,2025-2026,Mar,Delhi,Agriculture,"Fishermen-inland
",-,-
1881,2025-2026,Mar,Delhi,Agriculture,"Fishermen-coastal/deep-sea
",-,-
1882,2025-2026,Mar,Delhi,Agriculture,"Loggers and wood cutters
",-,-
1883,2025-2026,Mar,Delhi,Agriculture,"Animal husbandry workers (including poultry workers, dairy workers & herdsman)
",-,-
1884,2025-2026,Mar,Delhi,Agriculture,"Packaging labourers, agriculture
",-,-
1885,2025-2026,Mar,Goa,Agriculture,"Ploughing/Tilling workers",650,-
1886,2025-2026,Mar,Goa,Agriculture,"Sowing(including Planting/Transplanting/ Weeding) workers)
",-,-
1887,2025-2026,Mar,Goa,Agriculture,"Harvesting/Winnowing/Threshing workers
",812.5,575
1888,2025-2026,Mar,Goa,Agriculture,"Picking workers (including Tea, Cotton, Tobacco and other commercial crops)
",575,387.5
1889,2025-2026,Mar,Goa,Agriculture,"Horticulture workers (including nursery growers)
",-,-
1890,2025-2026,Mar,Goa,Agriculture,"Fishermen-inland
",-,-
1891,2025-2026,Mar,Goa,Agriculture,"Fishermen-coastal/deep-sea
",-,-
1892,2025-2026,Mar,Goa,Agriculture,"Loggers and wood cutters
",-,-
1893,2025-2026,Mar,Goa,Agriculture,"Animal husbandry workers (including poultry workers, dairy workers & herdsman)
",-,-
1894,2025-2026,Mar,Goa,Agriculture,"Packaging labourers, agriculture
",-,-
1895,2025-2026,Mar,Goa,Agriculture,"General agricultural labourers (including watering/irrigation workers, etc.)
",575,400
1896,2025-2026,Mar,Goa,Agriculture,"Plant protection workers (applying pesticides, treating seeds, etc.
",437.5,-
1897,2025-2026,Mar,Jharkhand,Agriculture,"General agricultural labourers (including watering/irrigation workers, etc.)
",317.89,293.53
1898,2025-2026,Mar,Jharkhand,Agriculture,"Plant protection workers (applying pesticides, treating seeds, etc.
",398.79,@
1899,2025-2026,Mar,Jharkhand,Agriculture,"Ploughing/Tilling workers",386.25,@
1900,2025-2026,Mar,Jharkhand,Agriculture,"Sowing(including Planting/Transplanting/ Weeding) workers)
",350.59,328.89
1901,2025-2026,Mar,Jharkhand,Agriculture,"Harvesting/Winnowing/Threshing workers
",349.47,298.47
1902,2025-2026,Mar,Jharkhand,Agriculture,"Picking workers (including Tea, Cotton, Tobacco and other commercial crops)
",-,-
1903,2025-2026,Mar,Jharkhand,Agriculture,"Horticulture workers (including nursery growers)
",@,@
1904,2025-2026,Mar,Jharkhand,Agriculture,"Fishermen-inland
",489,-
1905,2025-2026,Mar,Jharkhand,Agriculture,"Fishermen-coastal/deep-sea
",-,-
1906,2025-2026,Mar,Jharkhand,Agriculture,"Loggers and wood cutters
",394,@
1907,2025-2026,Mar,Jharkhand,Agriculture,"Animal husbandry workers (including poultry workers, dairy workers & herdsman)
",348.22,-
1908,2025-2026,Mar,Jharkhand,Agriculture,"Packaging labourers, agriculture
",@,@
1909,2025-2026,Mar,Lakshadweep,Agriculture,"Ploughing/Tilling workers",@,-
1910,2025-2026,Mar,Lakshadweep,Agriculture,"Sowing(including Planting/Transplanting/ Weeding) workers)
",-,-
1911,2025-2026,Mar,Lakshadweep,Agriculture,"Harvesting/Winnowing/Threshing workers
",870,-
1912,2025-2026,Mar,Lakshadweep,Agriculture,"Picking workers (including Tea, Cotton, Tobacco and other commercial crops)
",-,-
1913,2025-2026,Mar,Lakshadweep,Agriculture,"Horticulture workers (including nursery growers)
",-,-
1914,2025-2026,Mar,Lakshadweep,Agriculture,"Fishermen-inland
",-,-
1915,2025-2026,Mar,Lakshadweep,Agriculture,"Fishermen-coastal/deep-sea
",746,-
1916,2025-2026,Mar,Lakshadweep,Agriculture,"Loggers and wood cutters
",431,-
1917,2025-2026,Mar,Lakshadweep,Agriculture,"Animal husbandry workers (including poultry workers, dairy workers & herdsman)
",550,-
1918,2025-2026,Mar,Lakshadweep,Agriculture,"Packaging labourers, agriculture
",-,-
1919,2025-2026,Mar,Lakshadweep,Agriculture,"General agricultural labourers (including watering/irrigation workers, etc.)
",-,-
1920,2025-2026,Mar,Lakshadweep,Agriculture,"Plant protection workers (applying pesticides, treating seeds, etc.
",-,-
1921,2025-2026,Mar,Mizoram,Agriculture,"General agricultural labourers (including watering/irrigation workers, etc.)
",587.5,487.5
1922,2025-2026,Mar,Mizoram,Agriculture,"Plant protection workers (applying pesticides, treating seeds, etc.
",587.5,487.5
1923,2025-2026,Mar,Mizoram,Agriculture,"Animal husbandry workers (including poultry workers, dairy workers & herdsman)
",587.50,500.00
1924,2025-2026,Mar,Mizoram,Agriculture,"Ploughing/Tilling workers",587.5,487.5
1925,2025-2026,Mar,Mizoram,Agriculture,"Sowing(including Planting/Transplanting/ Weeding) workers)
",587.5,487.5
1926,2025-2026,Mar,Mizoram,Agriculture,"Harvesting/Winnowing/Threshing workers
",587.5,487.5
1927,2025-2026,Mar,Mizoram,Agriculture,"Picking workers (including Tea, Cotton, Tobacco and other commercial crops)
",587.5,487.5
1928,2025-2026,Mar,Mizoram,Agriculture,"Horticulture workers (including nursery growers)
",587.5,503.75
1929,2025-2026,Mar,Mizoram,Agriculture,"Fishermen-inland
",587.5,-
1930,2025-2026,Mar,Mizoram,Agriculture,"Fishermen-coastal/deep-sea
",-,-
1931,2025-2026,Mar,Mizoram,Agriculture,"Loggers and wood cutters
",818.75,-
1932,2025-2026,Mar,Mizoram,Agriculture,"Packaging labourers, agriculture
",575,468.75
1933,2025-2026,Mar,Nagaland,Agriculture,"Ploughing/Tilling workers",502.08,429.17
1934,2025-2026,Mar,Nagaland,Agriculture,"Sowing(including Planting/Transplanting/ Weeding) workers)
",502.08,429.17
1935,2025-2026,Mar,Nagaland,Agriculture,"Harvesting/Winnowing/Threshing workers
",536.01,458.04
1936,2025-2026,Mar,Nagaland,Agriculture,"Picking workers (including Tea, Cotton, Tobacco and other commercial crops)
",@,@
1937,2025-2026,Mar,Nagaland,Agriculture,"Horticulture workers (including nursery growers)
",560.54,483.67
1938,2025-2026,Mar,Nagaland,Agriculture,"Fishermen-inland
",@,-
1939,2025-2026,Mar,Nagaland,Agriculture,"Fishermen-coastal/deep-sea
",-,-
1940,2025-2026,Mar,Nagaland,Agriculture,"Loggers and wood cutters
",937.5,-
1941,2025-2026,Mar,Nagaland,Agriculture,"Packaging labourers, agriculture
",@,@
1942,2025-2026,Mar,Nagaland,Agriculture,"General agricultural labourers (including watering/irrigation workers, etc.)
",@,@
1943,2025-2026,Mar,Nagaland,Agriculture,"Plant protection workers (applying pesticides, treating seeds, etc.
",673.21,-
1944,2025-2026,Mar,Nagaland,Agriculture,"Animal husbandry workers (including poultry workers, dairy workers & herdsman)
",@,-
1945,2025-2026,Mar,Puducerry,Agriculture,"General agricultural labourers (including watering/irrigation workers, etc.)
",691.67,352
1946,2025-2026,Mar,Puducerry,Agriculture,"Plant protection workers (applying pesticides, treating seeds, etc.
",615,@
1947,2025-2026,Mar,Puducerry,Agriculture,"Animal husbandry workers (including poultry workers, dairy workers & herdsman)
",-,-
1948,2025-2026,Mar,Puducerry,Agriculture,"Ploughing/Tilling workers",-,-
1949,2025-2026,Mar,Puducerry,Agriculture,"Sowing(including Planting/Transplanting/ Weeding) workers)
",865,447.14
1950,2025-2026,Mar,Puducerry,Agriculture,"Harvesting/Winnowing/Threshing workers
",966.25,492
1951,2025-2026,Mar,Puducerry,Agriculture,"Picking workers (including Tea, Cotton, Tobacco and other commercial crops)
",-,333.33
1952,2025-2026,Mar,Puducerry,Agriculture,"Horticulture workers (including nursery growers)
",-,-
1953,2025-2026,Mar,Puducerry,Agriculture,"Fishermen-inland
",-,-
1954,2025-2026,Mar,Puducerry,Agriculture,"Fishermen-coastal/deep-sea
",-,-
1955,2025-2026,Mar,Puducerry,Agriculture,"Loggers and wood cutters
",906.25,-
1956,2025-2026,Mar,Puducerry,Agriculture,"Packaging labourers, agriculture
",604,302
1957,2025-2026,Mar,Sikkim,Agriculture,"Ploughing/Tilling workers",1544.64,-
1958,2025-2026,Mar,Sikkim,Agriculture,"Sowing(including Planting/Transplanting/ Weeding) workers)
",576.1900000000001,514.29
1959,2025-2026,Mar,Sikkim,Agriculture,"Harvesting/Winnowing/Threshing workers
",478.57,478.57
1960,2025-2026,Mar,Sikkim,Agriculture,"Picking workers (including Tea, Cotton, Tobacco and other commercial crops)
",-,-
1961,2025-2026,Mar,Sikkim,Agriculture,"Horticulture workers (including nursery growers)
",476.19,476.19
1962,2025-2026,Mar,Sikkim,Agriculture,"Fishermen-inland
",-,-
1963,2025-2026,Mar,Sikkim,Agriculture,"Fishermen-coastal/deep-sea
",-,-
1964,2025-2026,Mar,Sikkim,Agriculture,"Loggers and wood cutters
",855.36,-
1965,2025-2026,Mar,Sikkim,Agriculture,"Packaging labourers, agriculture
",-,-
1966,2025-2026,Mar,Sikkim,Agriculture,"General agricultural labourers (including watering/irrigation workers, etc.)
",478.57,468.57
1967,2025-2026,Mar,Sikkim,Agriculture,"Plant protection workers (applying pesticides, treating seeds, etc.
",-,-
1968,2025-2026,Mar,Sikkim,Agriculture,"Animal husbandry workers (including poultry workers, dairy workers & herdsman)
",-,-
1969,2025-2026,Mar,Telangana,Agriculture,"General agricultural labourers (including watering/irrigation workers, etc.)
",431.38,366.96
1970,2025-2026,Mar,Telangana,Agriculture,"Plant protection workers (applying pesticides, treating seeds, etc.
",400,-
1971,2025-2026,Mar,Telangana,Agriculture,"Animal husbandry workers (including poultry workers, dairy workers & herdsman)
",322.78,-
1972,2025-2026,Mar,Telangana,Agriculture,"Ploughing/Tilling workers",682.59,@
1973,2025-2026,Mar,Telangana,Agriculture,"Sowing(including Planting/Transplanting/ Weeding) workers)
",593.5700000000001,381.72
1974,2025-2026,Mar,Telangana,Agriculture,"Harvesting/Winnowing/Threshing workers
",632.73,447.65
1975,2025-2026,Mar,Telangana,Agriculture,"Picking workers (including Tea, Cotton, Tobacco and other commercial crops)
",493.57,365
1976,2025-2026,Mar,Telangana,Agriculture,"Horticulture workers (including nursery growers)
",@,337.5
1977,2025-2026,Mar,Telangana,Agriculture,"Fishermen-inland
",-,-
1978,2025-2026,Mar,Telangana,Agriculture,"Fishermen-coastal/deep-sea
",-,-
1979,2025-2026,Mar,Telangana,Agriculture,"Loggers and wood cutters
",383.33,-
1980,2025-2026,Mar,Telangana,Agriculture,"Packaging labourers, agriculture
",@,-
1981,2025-2026,Mar,Uttarakhand,Agriculture,"Ploughing/Tilling workers",@,@
1982,2025-2026,Mar,Uttarakhand,Agriculture,"Sowing(including Planting/Transplanting/ Weeding) workers)
",550,480
1983,2025-2026,Mar,Uttarakhand,Agriculture,"Harvesting/Winnowing/Threshing workers
",571.4299999999999,528.5700000000001
1984,2025-2026,Mar,Uttarakhand,Agriculture,"Picking workers (including Tea, Cotton, Tobacco and other commercial crops)
",-,-
1985,2025-2026,Mar,Uttarakhand,Agriculture,"Horticulture workers (including nursery growers)
",530,@
1986,2025-2026,Mar,Uttarakhand,Agriculture,"Fishermen-inland
",-,-
1987,2025-2026,Mar,Uttarakhand,Agriculture,"Fishermen-coastal/deep-sea
",-,-
1988,2025-2026,Mar,Uttarakhand,Agriculture,"Loggers and wood cutters
",655,-
1989,2025-2026,Mar,Uttarakhand,Agriculture,"Packaging labourers, agriculture
",@,@
1990,2025-2026,Mar,Uttarakhand,Agriculture,"General agricultural labourers (including watering/irrigation workers, etc.)
",511.11,391.67
1991,2025-2026,Mar,Uttarakhand,Agriculture,"Plant protection workers (applying pesticides, treating seeds, etc.
",@,-
1992,2025-2026,Mar,Uttarakhand,Agriculture,"Animal husbandry workers (including poultry workers, dairy workers & herdsman)
",478.57,@
1993,2025-2026,Mar,"All India",Agriculture,"Ploughing/Tilling workers",543.17,411.47
1994,2025-2026,Mar,"All India",Agriculture,"Sowing(including Planting/Transplanting/ Weeding) workers)
",478.57,389.84
1995,2025-2026,Mar,"All India",Agriculture,"Harvesting/Winnowing/Threshing workers
",487.59,395.74
1996,2025-2026,Mar,"All India",Agriculture,"Picking workers (including Tea, Cotton, Tobacco and other commercial crops)
",440.24,372.10
1997,2025-2026,Mar,"All India",Agriculture,"Horticulture workers (including nursery growers)
",465.07,372.29
1998,2025-2026,Mar,"All India",Agriculture,"Fishermen-inland
",509.21,338.24
1999,2025-2026,Mar,"All India",Agriculture,"Fishermen-coastal/deep-sea
",726.47,-
2000,2025-2026,Mar,"All India",Agriculture,"Loggers and wood cutters
",568.11,355.00
2001,2025-2026,Mar,"All India",Agriculture,"Animal husbandry workers (including poultry workers, dairy workers & herdsman)
",408.87,358.48
2002,2025-2026,Mar,"All India",Agriculture,"Packaging labourers, agriculture
",466.92,394.98
2003,2025-2026,Mar,"All India",Agriculture,"General agricultural labourers (including watering/irrigation workers, etc.)
",454.14,372.82
2004,2025-2026,Mar,"All India",Agriculture,"Plant protection workers (applying pesticides, treating seeds, etc.
",500.65,401.33
2005,2024-2025,Mar,"All India",Agriculture,"Ploughing/Tilling workers",455.73,318.08
2006,2024-2025,Mar,"All India",Agriculture,"Sowing(including Planting/Transplanting/ Weeding) workers)
",417.82,346.44
2007,2024-2025,Mar,"All India",Agriculture,"Harvesting/Winnowing/Threshing workers
",418.26,350.24
2008,2024-2025,Mar,"All India",Agriculture,"Picking workers (including Tea, Cotton, Tobacco and other commercial crops)
",384.25,336.01
2009,2024-2025,Mar,"All India",Agriculture,"Horticulture workers (including nursery growers)
",422.59,324.07
2010,2024-2025,Mar,"All India",Agriculture,"Fishermen-inland
",473.06,@
2011,2024-2025,Mar,"All India",Agriculture,"Fishermen-coastal/deep-sea
",458.00,@
2012,2024-2025,Mar,"All India",Agriculture,"Loggers and wood cutters
",503.02,315.69
2013,2024-2025,Mar,"All India",Agriculture,"Animal husbandry workers (including poultry workers, dairy workers & herdsman)
",331.14,264.87
2014,2024-2025,Mar,"All India",Agriculture,"Packaging labourers, agriculture
",381.40,320.49
2015,2024-2025,Mar,"All India",Agriculture,"General agricultural labourers (including watering/irrigation workers, etc.)
",409.29,325.22
2016,2024-2025,Mar,"All India",Agriculture,"Plant protection workers (applying pesticides, treating seeds, etc.
",456.60,299.49
2017,2024-2025,Apr,"ANDHRA PRADESH",Agriculture,"Ploughing/Tilling workers",645.82,@
2018,2024-2025,Apr,"ANDHRA PRADESH",Agriculture,"Sowing(including Planting/Transplanting/ Weeding) workers)
",538.21,415.37
2019,2024-2025,Apr,"ANDHRA PRADESH",Agriculture,"Harvesting/Winnowing/Threshing workers
",564.45,421.14
2020,2024-2025,Apr,"ANDHRA PRADESH",Agriculture,"Picking workers (including Tea, Cotton, Tobacco and other commercial crops)
",468.17,396.03
2021,2024-2025,Apr,"ANDHRA PRADESH",Agriculture,"Horticulture workers (including nursery growers)
",@,326.00
2022,2024-2025,Apr,"ANDHRA PRADESH",Agriculture,"Fishermen-inland
",@,@
2023,2024-2025,Apr,"ANDHRA PRADESH",Agriculture,"Fishermen-coastal/deep-sea
",-,-
2024,2024-2025,Apr,"ANDHRA PRADESH",Agriculture,"Loggers and wood cutters
",517.02,-
2025,2024-2025,Apr,"ANDHRA PRADESH",Agriculture,"Animal husbandry workers (including poultry workers, dairy workers & herdsman)
",344.62,@
2026,2024-2025,Apr,"ANDHRA PRADESH",Agriculture,"Packaging labourers, agriculture
",@,@
2027,2024-2025,Apr,"ANDHRA PRADESH",Agriculture,"General agricultural labourers (including watering/irrigation workers, etc.)
",468.68,339.80
2028,2024-2025,Apr,"ANDHRA PRADESH",Agriculture,"Plant protection workers (applying pesticides, treating seeds, etc.
",716.80,@
2029,2025-2026,Apr,"ANDHRA PRADESH",Agriculture,"Ploughing/Tilling workers",705.28,@
2030,2025-2026,Apr,"ANDHRA PRADESH",Agriculture,"Sowing(including Planting/Transplanting/ Weeding) workers)
",613.3099999999999,443.87
2031,2025-2026,Apr,"ANDHRA PRADESH",Agriculture,"Harvesting/Winnowing/Threshing workers
",623.9,414.91
2032,2025-2026,Apr,"ANDHRA PRADESH",Agriculture,"Picking workers (including Tea, Cotton, Tobacco and other commercial crops)
",463.5,415.86
2033,2025-2026,Apr,"ANDHRA PRADESH",Agriculture,"Horticulture workers (including nursery growers)
",583.36,444.95
2034,2025-2026,Apr,"ANDHRA PRADESH",Agriculture,"Fishermen-inland
",@,-
2035,2025-2026,Apr,"ANDHRA PRADESH",Agriculture,"Fishermen-coastal/deep-sea
",-,-
2036,2025-2026,Apr,"ANDHRA PRADESH",Agriculture,"Loggers and wood cutters
",631.14,-
2037,2025-2026,Apr,"ANDHRA PRADESH",Agriculture,"Animal husbandry workers (including poultry workers, dairy workers & herdsman)
",@,@
2038,2025-2026,Apr,"ANDHRA PRADESH",Agriculture,"Packaging labourers, agriculture
",@,@
2039,2025-2026,Apr,"ANDHRA PRADESH",Agriculture,"General agricultural labourers (including watering/irrigation workers, etc.)
",604.92,442.12
2040,2025-2026,Apr,"ANDHRA PRADESH",Agriculture,"Plant protection workers (applying pesticides, treating seeds, etc.
",906.8,-
2041,2025-2026,Apr,ASSAM,Agriculture,"Ploughing/Tilling workers",513.53,@
2042,2025-2026,Apr,ASSAM,Agriculture,"Sowing(including Planting/Transplanting/ Weeding) workers)
",412,374.29
2043,2025-2026,Apr,ASSAM,Agriculture,"Harvesting/Winnowing/Threshing workers
",462.13,387.18
2044,2025-2026,Apr,ASSAM,Agriculture,"Picking workers (including Tea, Cotton, Tobacco and other commercial crops)
",@,@
2045,2025-2026,Apr,ASSAM,Agriculture,"Horticulture workers (including nursery growers)
",436.01,338.33
2046,2025-2026,Apr,ASSAM,Agriculture,"Fishermen-inland
",517.62,-
2047,2025-2026,Apr,ASSAM,Agriculture,"Fishermen-coastal/deep-sea
",-,-
2048,2025-2026,Apr,ASSAM,Agriculture,"Loggers and wood cutters
",470.79,-
2049,2025-2026,Apr,ASSAM,Agriculture,"Animal husbandry workers (including poultry workers, dairy workers & herdsman)
",445.56,473
2050,2025-2026,Apr,ASSAM,Agriculture,"Packaging labourers, agriculture
",@,@
2051,2025-2026,Apr,ASSAM,Agriculture,"General agricultural labourers (including watering/irrigation workers, etc.)
",403.98,360.63
2052,2025-2026,Apr,ASSAM,Agriculture,"Plant protection workers (applying pesticides, treating seeds, etc.
",437.29,@
2053,2024-2025,Apr,ASSAM,Agriculture,"Ploughing/Tilling workers",458.89,@
2054,2024-2025,Apr,ASSAM,Agriculture,"Sowing(including Planting/Transplanting/ Weeding) workers)
",426.89,345.19
2055,2024-2025,Apr,ASSAM,Agriculture,"Harvesting/Winnowing/Threshing workers
",411.48,332.78
2056,2024-2025,Apr,ASSAM,Agriculture,"Picking workers (including Tea, Cotton, Tobacco and other commercial crops)
",@,@
2057,2024-2025,Apr,ASSAM,Agriculture,"Horticulture workers (including nursery growers)
",-,342.22
2058,2024-2025,Apr,ASSAM,Agriculture,"Fishermen-inland
",-,-
2059,2024-2025,Apr,ASSAM,Agriculture,"Fishermen-coastal/deep-sea
",-,-
2060,2024-2025,Apr,ASSAM,Agriculture,"Loggers and wood cutters
",398.00,-
2061,2024-2025,Apr,ASSAM,Agriculture,"Animal husbandry workers (including poultry workers, dairy workers & herdsman)
",310.00,-
2062,2024-2025,Apr,ASSAM,Agriculture,"Packaging labourers, agriculture
",398.00,@
2063,2024-2025,Apr,ASSAM,Agriculture,"General agricultural labourers (including watering/irrigation workers, etc.)
",405.79,373.67
2064,2024-2025,Apr,ASSAM,Agriculture,"Plant protection workers (applying pesticides, treating seeds, etc.
",@,@
2065,2024-2025,Apr,BIHAR,Agriculture,"Ploughing/Tilling workers",434.25,-
2066,2024-2025,Apr,BIHAR,Agriculture,"Sowing(including Planting/Transplanting/ Weeding) workers)
",404.81,348.91
2067,2024-2025,Apr,BIHAR,Agriculture,"Harvesting/Winnowing/Threshing workers
",401.19,355.46
2068,2024-2025,Apr,BIHAR,Agriculture,"Picking workers (including Tea, Cotton, Tobacco and other commercial crops)
",376.90,@
2069,2024-2025,Apr,BIHAR,Agriculture,"Horticulture workers (including nursery growers)
",321.17,285.95
2070,2024-2025,Apr,BIHAR,Agriculture,"Fishermen-inland
",393.33,-
2071,2024-2025,Apr,BIHAR,Agriculture,"Fishermen-coastal/deep-sea
",-,-
2072,2024-2025,Apr,BIHAR,Agriculture,"Loggers and wood cutters
",505.92,-
2073,2024-2025,Apr,BIHAR,Agriculture,"Animal husbandry workers (including poultry workers, dairy workers & herdsman)
",325.36,326.67
2074,2024-2025,Apr,BIHAR,Agriculture,"Packaging labourers, agriculture
",357.69,340.00
2075,2024-2025,Apr,BIHAR,Agriculture,"General agricultural labourers (including watering/irrigation workers, etc.)
",382.35,336.17
2076,2024-2025,Apr,BIHAR,Agriculture,"Plant protection workers (applying pesticides, treating seeds, etc.
",405.36,@
2077,2025-2026,Apr,BIHAR,Agriculture,"Ploughing/Tilling workers",446.51,320
2078,2025-2026,Apr,BIHAR,Agriculture,"Sowing(including Planting/Transplanting/ Weeding) workers)
",397.19,339.05
2079,2025-2026,Apr,BIHAR,Agriculture,"Harvesting/Winnowing/Threshing workers
",394.54,339.2
2080,2025-2026,Apr,BIHAR,Agriculture,"Picking workers (including Tea, Cotton, Tobacco and other commercial crops)
",@,@
2081,2025-2026,Apr,BIHAR,Agriculture,"Horticulture workers (including nursery growers)
",344.44,291.67
2082,2025-2026,Apr,BIHAR,Agriculture,"Fishermen-inland
",450,-
2083,2025-2026,Apr,BIHAR,Agriculture,"Fishermen-coastal/deep-sea
",-,-
2084,2025-2026,Apr,BIHAR,Agriculture,"Loggers and wood cutters
",527.52,-
2085,2025-2026,Apr,BIHAR,Agriculture,"Animal husbandry workers (including poultry workers, dairy workers & herdsman)
",378.4,@
2086,2025-2026,Apr,BIHAR,Agriculture,"Packaging labourers, agriculture
",345,285
2087,2025-2026,Apr,BIHAR,Agriculture,"General agricultural labourers (including watering/irrigation workers, etc.)
",384.47,300
2088,2025-2026,Apr,BIHAR,Agriculture,"Plant protection workers (applying pesticides, treating seeds, etc.
",388.85,282.14
2089,2025-2026,Apr,GUJARAT,Agriculture,"Ploughing/Tilling workers",408.78,374.17
2090,2025-2026,Apr,GUJARAT,Agriculture,"Sowing(including Planting/Transplanting/ Weeding) workers)
",343.5,335.59
2091,2025-2026,Apr,GUJARAT,Agriculture,"Harvesting/Winnowing/Threshing workers
",346.04,335.02
2092,2025-2026,Apr,GUJARAT,Agriculture,"Picking workers (including Tea, Cotton, Tobacco and other commercial crops)
",344.77,332.07
2093,2025-2026,Apr,GUJARAT,Agriculture,"Horticulture workers (including nursery growers)
",294.29,292
2094,2025-2026,Apr,GUJARAT,Agriculture,"Fishermen-inland
",@,@
2095,2025-2026,Apr,GUJARAT,Agriculture,"Fishermen-coastal/deep-sea
",-,-
2096,2025-2026,Apr,GUJARAT,Agriculture,"Loggers and wood cutters
",419.25,368.57
2097,2025-2026,Apr,GUJARAT,Agriculture,"Animal husbandry workers (including poultry workers, dairy workers & herdsman)
",332.29,292.22
2098,2025-2026,Apr,GUJARAT,Agriculture,"Packaging labourers, agriculture
",358.24,348.33
2099,2025-2026,Apr,GUJARAT,Agriculture,"General agricultural labourers (including watering/irrigation workers, etc.)
",331.67,297.63
2100,2025-2026,Apr,GUJARAT,Agriculture,"Plant protection workers (applying pesticides, treating seeds, etc.
",358.97,327.22
2101,2024-2025,Apr,GUJARAT,Agriculture,"Ploughing/Tilling workers",353.62,288.00
2102,2024-2025,Apr,GUJARAT,Agriculture,"Sowing(including Planting/Transplanting/ Weeding) workers)
",313.33,303.10
2103,2024-2025,Apr,GUJARAT,Agriculture,"Harvesting/Winnowing/Threshing workers
",317.50,313.17
2104,2024-2025,Apr,GUJARAT,Agriculture,"Picking workers (including Tea, Cotton, Tobacco and other commercial crops)
",309.00,307.00
2105,2024-2025,Apr,GUJARAT,Agriculture,"Horticulture workers (including nursery growers)
",231.43,235.00
2106,2024-2025,Apr,GUJARAT,Agriculture,"Fishermen-inland
",@,-
2107,2024-2025,Apr,GUJARAT,Agriculture,"Fishermen-coastal/deep-sea
",-,-
2108,2024-2025,Apr,GUJARAT,Agriculture,"Loggers and wood cutters
",393.46,@
2109,2024-2025,Apr,GUJARAT,Agriculture,"Animal husbandry workers (including poultry workers, dairy workers & herdsman)
",269.55,@
2110,2024-2025,Apr,GUJARAT,Agriculture,"Packaging labourers, agriculture
",261.43,@
2111,2024-2025,Apr,GUJARAT,Agriculture,"General agricultural labourers (including watering/irrigation workers, etc.)
",292.37,294.41
2112,2024-2025,Apr,GUJARAT,Agriculture,"Plant protection workers (applying pesticides, treating seeds, etc.
",290.00,-
2113,2024-2025,Apr,HARYANA,Agriculture,"Ploughing/Tilling workers",517.88,@
2114,2024-2025,Apr,HARYANA,Agriculture,"Sowing(including Planting/Transplanting/ Weeding) workers)
",525.67,486.27
2115,2024-2025,Apr,HARYANA,Agriculture,"Harvesting/Winnowing/Threshing workers
",542.55,507.80
2116,2024-2025,Apr,HARYANA,Agriculture,"Picking workers (including Tea, Cotton, Tobacco and other commercial crops)
",535.00,525.00
2117,2024-2025,Apr,HARYANA,Agriculture,"Horticulture workers (including nursery growers)
",@,@
2118,2024-2025,Apr,HARYANA,Agriculture,"Fishermen-inland
",-,-
2119,2024-2025,Apr,HARYANA,Agriculture,"Fishermen-coastal/deep-sea
",-,-
2120,2024-2025,Apr,HARYANA,Agriculture,"Loggers and wood cutters
",519.00,-
2121,2024-2025,Apr,HARYANA,Agriculture,"Animal husbandry workers (including poultry workers, dairy workers & herdsman)
",498.33,@
2122,2024-2025,Apr,HARYANA,Agriculture,"Packaging labourers, agriculture
",@,@
2123,2024-2025,Apr,HARYANA,Agriculture,"General agricultural labourers (including watering/irrigation workers, etc.)
",529.83,498.83
2124,2024-2025,Apr,HARYANA,Agriculture,"Plant protection workers (applying pesticides, treating seeds, etc.
",526.00,-
2125,2025-2026,Apr,HARYANA,Agriculture,"Ploughing/Tilling workers",598.76,@
2126,2025-2026,Apr,HARYANA,Agriculture,"Sowing(including Planting/Transplanting/ Weeding) workers)
",614.48,550.83
2127,2025-2026,Apr,HARYANA,Agriculture,"Harvesting/Winnowing/Threshing workers
",574,434.4
2128,2025-2026,Apr,HARYANA,Agriculture,"Picking workers (including Tea, Cotton, Tobacco and other commercial crops)
",520,520
2129,2025-2026,Apr,HARYANA,Agriculture,"Horticulture workers (including nursery growers)
",@,@
2130,2025-2026,Apr,HARYANA,Agriculture,"Fishermen-inland
",-,-
2131,2025-2026,Apr,HARYANA,Agriculture,"Fishermen-coastal/deep-sea
",-,-
2132,2025-2026,Apr,HARYANA,Agriculture,"Loggers and wood cutters
",513.75,-
2133,2025-2026,Apr,HARYANA,Agriculture,"Animal husbandry workers (including poultry workers, dairy workers & herdsman)
",434.15,394.44
2134,2025-2026,Apr,HARYANA,Agriculture,"Packaging labourers, agriculture
",589,605.71
2135,2025-2026,Apr,HARYANA,Agriculture,"General agricultural labourers (including watering/irrigation workers, etc.)
",589.24,502.67
2136,2025-2026,Apr,HARYANA,Agriculture,"Plant protection workers (applying pesticides, treating seeds, etc.
",582.1,@
2137,2025-2026,Apr,"HIMACHAL PRADESH",Agriculture,"Ploughing/Tilling workers",777.78,@
2138,2025-2026,Apr,"HIMACHAL PRADESH",Agriculture,"Sowing(including Planting/Transplanting/ Weeding) workers)
",580,568.89
2139,2025-2026,Apr,"HIMACHAL PRADESH",Agriculture,"Harvesting/Winnowing/Threshing workers
",532.5,511.43
2140,2025-2026,Apr,"HIMACHAL PRADESH",Agriculture,"Picking workers (including Tea, Cotton, Tobacco and other commercial crops)
",-,-
2141,2025-2026,Apr,"HIMACHAL PRADESH",Agriculture,"Horticulture workers (including nursery growers)
",538,538
2142,2025-2026,Apr,"HIMACHAL PRADESH",Agriculture,"Fishermen-inland
",@,-
2143,2025-2026,Apr,"HIMACHAL PRADESH",Agriculture,"Fishermen-coastal/deep-sea
",-,-
2144,2025-2026,Apr,"HIMACHAL PRADESH",Agriculture,"Loggers and wood cutters
",661.25,@
2145,2025-2026,Apr,"HIMACHAL PRADESH",Agriculture,"Animal husbandry workers (including poultry workers, dairy workers & herdsman)
",@,@
2146,2025-2026,Apr,"HIMACHAL PRADESH",Agriculture,"Packaging labourers, agriculture
",@,@
2147,2025-2026,Apr,"HIMACHAL PRADESH",Agriculture,"General agricultural labourers (including watering/irrigation workers, etc.)
",532.73,540
2148,2025-2026,Apr,"HIMACHAL PRADESH",Agriculture,"Plant protection workers (applying pesticides, treating seeds, etc.
",691.67,@
2149,2024-2025,Apr,"HIMACHAL PRADESH",Agriculture,"Ploughing/Tilling workers",618.57,-
2150,2024-2025,Apr,"HIMACHAL PRADESH",Agriculture,"Sowing(including Planting/Transplanting/ Weeding) workers)
",518.33,@
2151,2024-2025,Apr,"HIMACHAL PRADESH",Agriculture,"Harvesting/Winnowing/Threshing workers
",528.00,@
2152,2024-2025,Apr,"HIMACHAL PRADESH",Agriculture,"Picking workers (including Tea, Cotton, Tobacco and other commercial crops)
",-,-
2153,2024-2025,Apr,"HIMACHAL PRADESH",Agriculture,"Horticulture workers (including nursery growers)
",506.00,@
2154,2024-2025,Apr,"HIMACHAL PRADESH",Agriculture,"Fishermen-inland
",-,-
2155,2024-2025,Apr,"HIMACHAL PRADESH",Agriculture,"Fishermen-coastal/deep-sea
",-,-
2156,2024-2025,Apr,"HIMACHAL PRADESH",Agriculture,"Loggers and wood cutters
",578.00,-
2157,2024-2025,Apr,"HIMACHAL PRADESH",Agriculture,"Animal husbandry workers (including poultry workers, dairy workers & herdsman)
",@,@
2158,2024-2025,Apr,"HIMACHAL PRADESH",Agriculture,"Packaging labourers, agriculture
",-,-
2159,2024-2025,Apr,"HIMACHAL PRADESH",Agriculture,"General agricultural labourers (including watering/irrigation workers, etc.)
",516.00,@
2160,2024-2025,Apr,"HIMACHAL PRADESH",Agriculture,"Plant protection workers (applying pesticides, treating seeds, etc.
",@,-
2161,2024-2025,Apr,"JAMMU & KASHMIR
",Agriculture,"Ploughing/Tilling workers",727.27,-
2162,2024-2025,Apr,"JAMMU & KASHMIR
",Agriculture,"Sowing(including Planting/Transplanting/ Weeding) workers)
",645.26,@
2163,2024-2025,Apr,"JAMMU & KASHMIR
",Agriculture,"Harvesting/Winnowing/Threshing workers
",642.31,@
2164,2024-2025,Apr,"JAMMU & KASHMIR
",Agriculture,"Picking workers (including Tea, Cotton, Tobacco and other commercial crops)
",@,-
2165,2024-2025,Apr,"JAMMU & KASHMIR
",Agriculture,"Horticulture workers (including nursery growers)
",642.50,-
2166,2024-2025,Apr,"JAMMU & KASHMIR
",Agriculture,"Fishermen-inland
",-,-
2167,2024-2025,Apr,"JAMMU & KASHMIR
",Agriculture,"Fishermen-coastal/deep-sea
",-,-
2168,2024-2025,Apr,"JAMMU & KASHMIR
",Agriculture,"Loggers and wood cutters
",644.50,-
2169,2024-2025,Apr,"JAMMU & KASHMIR
",Agriculture,"Animal husbandry workers (including poultry workers, dairy workers & herdsman)
",570.00,-
2170,2024-2025,Apr,"JAMMU & KASHMIR
",Agriculture,"Packaging labourers, agriculture
",668.57,-
2171,2024-2025,Apr,"JAMMU & KASHMIR
",Agriculture,"General agricultural labourers (including watering/irrigation workers, etc.)
",604.00,@
2172,2024-2025,Apr,"JAMMU & KASHMIR
",Agriculture,"Plant protection workers (applying pesticides, treating seeds, etc.
",651.11,-
2173,2025-2026,Apr,"JAMMU & KASHMIR
",Agriculture,"Ploughing/Tilling workers",749.55,-
2174,2025-2026,Apr,"JAMMU & KASHMIR
",Agriculture,"Sowing(including Planting/Transplanting/ Weeding) workers)
",672,@
2175,2025-2026,Apr,"JAMMU & KASHMIR
",Agriculture,"Harvesting/Winnowing/Threshing workers
",677,640
2176,2025-2026,Apr,"JAMMU & KASHMIR
",Agriculture,"Picking workers (including Tea, Cotton, Tobacco and other commercial crops)
",692.86,-
2177,2025-2026,Apr,"JAMMU & KASHMIR
",Agriculture,"Horticulture workers (including nursery growers)
",660.77,-
2178,2025-2026,Apr,"JAMMU & KASHMIR
",Agriculture,"Fishermen-inland
",-,-
2179,2025-2026,Apr,"JAMMU & KASHMIR
",Agriculture,"Fishermen-coastal/deep-sea
",-,-
2180,2025-2026,Apr,"JAMMU & KASHMIR
",Agriculture,"Loggers and wood cutters
",776,-
2181,2025-2026,Apr,"JAMMU & KASHMIR
",Agriculture,"Animal husbandry workers (including poultry workers, dairy workers & herdsman)
",467.9,-
2182,2025-2026,Apr,"JAMMU & KASHMIR
",Agriculture,"Packaging labourers, agriculture
",718.1799999999999,-
2183,2025-2026,Apr,"JAMMU & KASHMIR
",Agriculture,"General agricultural labourers (including watering/irrigation workers, etc.)
",600,-
2184,2025-2026,Apr,"JAMMU & KASHMIR
",Agriculture,"Plant protection workers (applying pesticides, treating seeds, etc.
",687.5,-
2185,2025-2026,Apr,KARNATAKA,Agriculture,"Ploughing/Tilling workers",637.08,@
2186,2025-2026,Apr,KARNATAKA,Agriculture,"Sowing(including Planting/Transplanting/ Weeding) workers)
",571.25,427.52
2187,2025-2026,Apr,KARNATAKA,Agriculture,"Harvesting/Winnowing/Threshing workers
",558.08,417.36
2188,2025-2026,Apr,KARNATAKA,Agriculture,"Picking workers (including Tea, Cotton, Tobacco and other commercial crops)
",486.43,354
2189,2025-2026,Apr,KARNATAKA,Agriculture,"Horticulture workers (including nursery growers)
",546.3,350.91
2190,2025-2026,Apr,KARNATAKA,Agriculture,"Fishermen-inland
",@,-
2191,2025-2026,Apr,KARNATAKA,Agriculture,"Fishermen-coastal/deep-sea
",-,-
2192,2025-2026,Apr,KARNATAKA,Agriculture,"Loggers and wood cutters
",621.98,-
2193,2025-2026,Apr,KARNATAKA,Agriculture,"Animal husbandry workers (including poultry workers, dairy workers & herdsman)
",536.92,@
2194,2025-2026,Apr,KARNATAKA,Agriculture,"Packaging labourers, agriculture
",508.75,402
2195,2025-2026,Apr,KARNATAKA,Agriculture,"General agricultural labourers (including watering/irrigation workers, etc.)
",523.16,403.35
2196,2025-2026,Apr,KARNATAKA,Agriculture,"Plant protection workers (applying pesticides, treating seeds, etc.
",489.06,423.33
2197,2024-2025,Apr,KARNATAKA,Agriculture,"Ploughing/Tilling workers",518.28,280.00
2198,2024-2025,Apr,KARNATAKA,Agriculture,"Sowing(including Planting/Transplanting/ Weeding) workers)
",482.67,351.43
2199,2024-2025,Apr,KARNATAKA,Agriculture,"Harvesting/Winnowing/Threshing workers
",476.67,337.00
2200,2024-2025,Apr,KARNATAKA,Agriculture,"Picking workers (including Tea, Cotton, Tobacco and other commercial crops)
",457.50,312.14
2201,2024-2025,Apr,KARNATAKA,Agriculture,"Horticulture workers (including nursery growers)
",501.54,367.00
2202,2024-2025,Apr,KARNATAKA,Agriculture,"Fishermen-inland
",@,-
2203,2024-2025,Apr,KARNATAKA,Agriculture,"Fishermen-coastal/deep-sea
",@,-
2204,2024-2025,Apr,KARNATAKA,Agriculture,"Loggers and wood cutters
",551.76,-
2205,2024-2025,Apr,KARNATAKA,Agriculture,"Animal husbandry workers (including poultry workers, dairy workers & herdsman)
",427.00,344.29
2206,2024-2025,Apr,KARNATAKA,Agriculture,"Packaging labourers, agriculture
",475.00,@
2207,2024-2025,Apr,KARNATAKA,Agriculture,"General agricultural labourers (including watering/irrigation workers, etc.)
",476.67,346.00
2208,2024-2025,Apr,KARNATAKA,Agriculture,"Plant protection workers (applying pesticides, treating seeds, etc.
",458.08,-
2209,2024-2025,Apr,KERALA,Agriculture,"Ploughing/Tilling workers",946.03,@
2210,2024-2025,Apr,KERALA,Agriculture,"Sowing(including Planting/Transplanting/ Weeding) workers)
",948.52,661.92
2211,2024-2025,Apr,KERALA,Agriculture,"Harvesting/Winnowing/Threshing workers
",834.00,674.58
2212,2024-2025,Apr,KERALA,Agriculture,"Picking workers (including Tea, Cotton, Tobacco and other commercial crops)
",-,@
2213,2024-2025,Apr,KERALA,Agriculture,"Horticulture workers (including nursery growers)
",@,@
2214,2024-2025,Apr,KERALA,Agriculture,"Fishermen-inland
",-,-
2215,2024-2025,Apr,KERALA,Agriculture,"Fishermen-coastal/deep-sea
",-,-
2216,2024-2025,Apr,KERALA,Agriculture,"Loggers and wood cutters
",1128.57,-
2217,2024-2025,Apr,KERALA,Agriculture,"Animal husbandry workers (including poultry workers, dairy workers & herdsman)
",681.33,-
2218,2024-2025,Apr,KERALA,Agriculture,"Packaging labourers, agriculture
",-,-
2219,2024-2025,Apr,KERALA,Agriculture,"General agricultural labourers (including watering/irrigation workers, etc.)
",880.36,637.50
2220,2024-2025,Apr,KERALA,Agriculture,"Plant protection workers (applying pesticides, treating seeds, etc.
",757.40,-
2221,2025-2026,Apr,KERALA,Agriculture,"Ploughing/Tilling workers",1033.33,-
2222,2025-2026,Apr,KERALA,Agriculture,"Sowing(including Planting/Transplanting/ Weeding) workers)
",871.15,645.83
2223,2025-2026,Apr,KERALA,Agriculture,"Harvesting/Winnowing/Threshing workers
",870.98,723.27
2224,2025-2026,Apr,KERALA,Agriculture,"Picking workers (including Tea, Cotton, Tobacco and other commercial crops)
",-,@
2225,2025-2026,Apr,KERALA,Agriculture,"Horticulture workers (including nursery growers)
",775,@
2226,2025-2026,Apr,KERALA,Agriculture,"Fishermen-inland
",-,-
2227,2025-2026,Apr,KERALA,Agriculture,"Fishermen-coastal/deep-sea
",-,-
2228,2025-2026,Apr,KERALA,Agriculture,"Loggers and wood cutters
",1055.56,-
2229,2025-2026,Apr,KERALA,Agriculture,"Animal husbandry workers (including poultry workers, dairy workers & herdsman)
",695.83,-
2230,2025-2026,Apr,KERALA,Agriculture,"Packaging labourers, agriculture
",902.5,693.75
2231,2025-2026,Apr,KERALA,Agriculture,"General agricultural labourers (including watering/irrigation workers, etc.)
",862.8099999999999,677.27
2232,2025-2026,Apr,KERALA,Agriculture,"Plant protection workers (applying pesticides, treating seeds, etc.
",824.49,@
2233,2025-2026,Apr,"MADHYA PRADESH",Agriculture,"Ploughing/Tilling workers",380.08,300
2234,2025-2026,Apr,"MADHYA PRADESH",Agriculture,"Sowing(including Planting/Transplanting/ Weeding) workers)
",361.45,303.64
2235,2025-2026,Apr,"MADHYA PRADESH",Agriculture,"Harvesting/Winnowing/Threshing workers
",361.63,314
2236,2025-2026,Apr,"MADHYA PRADESH",Agriculture,"Picking workers (including Tea, Cotton, Tobacco and other commercial crops)
",392.08,351.04
2237,2025-2026,Apr,"MADHYA PRADESH",Agriculture,"Horticulture workers (including nursery growers)
",300,285.71
2238,2025-2026,Apr,"MADHYA PRADESH",Agriculture,"Fishermen-inland
",-,-
2239,2025-2026,Apr,"MADHYA PRADESH",Agriculture,"Fishermen-coastal/deep-sea
",-,-
2240,2025-2026,Apr,"MADHYA PRADESH",Agriculture,"Loggers and wood cutters
",417.53,290
2241,2025-2026,Apr,"MADHYA PRADESH",Agriculture,"Animal husbandry workers (including poultry workers, dairy workers & herdsman)
",272.14,242.22
2242,2025-2026,Apr,"MADHYA PRADESH",Agriculture,"Packaging labourers, agriculture
",@,@
2243,2025-2026,Apr,"MADHYA PRADESH",Agriculture,"General agricultural labourers (including watering/irrigation workers, etc.)
",332.1,288.33
2244,2025-2026,Apr,"MADHYA PRADESH",Agriculture,"Plant protection workers (applying pesticides, treating seeds, etc.
",374.47,@
2245,2024-2025,Apr,"MADHYA PRADESH",Agriculture,"Ploughing/Tilling workers",321.15,244.29
2246,2024-2025,Apr,"MADHYA PRADESH",Agriculture,"Sowing(including Planting/Transplanting/ Weeding) workers)
",293.11,260.08
2247,2024-2025,Apr,"MADHYA PRADESH",Agriculture,"Harvesting/Winnowing/Threshing workers
",302.69,262.24
2248,2024-2025,Apr,"MADHYA PRADESH",Agriculture,"Picking workers (including Tea, Cotton, Tobacco and other commercial crops)
",295.45,256.36
2249,2024-2025,Apr,"MADHYA PRADESH",Agriculture,"Horticulture workers (including nursery growers)
",255.00,227.00
2250,2024-2025,Apr,"MADHYA PRADESH",Agriculture,"Fishermen-inland
",@,-
2251,2024-2025,Apr,"MADHYA PRADESH",Agriculture,"Fishermen-coastal/deep-sea
",-,-
2252,2024-2025,Apr,"MADHYA PRADESH",Agriculture,"Loggers and wood cutters
",268.57,@
2253,2024-2025,Apr,"MADHYA PRADESH",Agriculture,"Animal husbandry workers (including poultry workers, dairy workers & herdsman)
",233.02,202.50
2254,2024-2025,Apr,"MADHYA PRADESH",Agriculture,"Packaging labourers, agriculture
",243.53,217.50
2255,2024-2025,Apr,"MADHYA PRADESH",Agriculture,"General agricultural labourers (including watering/irrigation workers, etc.)
",266.18,230.08
2256,2024-2025,Apr,"MADHYA PRADESH",Agriculture,"Plant protection workers (applying pesticides, treating seeds, etc.
",292.12,250.00
2257,2024-2025,Apr,MAHARASHTRA,Agriculture,"Ploughing/Tilling workers",431.59,320.00
2258,2024-2025,Apr,MAHARASHTRA,Agriculture,"Sowing(including Planting/Transplanting/ Weeding) workers)
",404.14,296.24
2259,2024-2025,Apr,MAHARASHTRA,Agriculture,"Harvesting/Winnowing/Threshing workers
",416.55,300.62
2260,2024-2025,Apr,MAHARASHTRA,Agriculture,"Picking workers (including Tea, Cotton, Tobacco and other commercial crops)
",347.96,290.98
2261,2024-2025,Apr,MAHARASHTRA,Agriculture,"Horticulture workers (including nursery growers)
",419.23,303.85
2262,2024-2025,Apr,MAHARASHTRA,Agriculture,"Fishermen-inland
",@,-
2263,2024-2025,Apr,MAHARASHTRA,Agriculture,"Fishermen-coastal/deep-sea
",@,@
2264,2024-2025,Apr,MAHARASHTRA,Agriculture,"Loggers and wood cutters
",466.78,370.67
2265,2024-2025,Apr,MAHARASHTRA,Agriculture,"Animal husbandry workers (including poultry workers, dairy workers & herdsman)
",322.36,285.56
2266,2024-2025,Apr,MAHARASHTRA,Agriculture,"Packaging labourers, agriculture
",351.33,257.14
2267,2024-2025,Apr,MAHARASHTRA,Agriculture,"General agricultural labourers (including watering/irrigation workers, etc.)
",359.51,253.33
2268,2024-2025,Apr,MAHARASHTRA,Agriculture,"Plant protection workers (applying pesticides, treating seeds, etc.
",399.14,270.00
2269,2025-2026,Apr,MAHARASHTRA,Agriculture,"Ploughing/Tilling workers",431.4,370
2270,2025-2026,Apr,MAHARASHTRA,Agriculture,"Sowing(including Planting/Transplanting/ Weeding) workers)
",405.81,308.14
2271,2025-2026,Apr,MAHARASHTRA,Agriculture,"Harvesting/Winnowing/Threshing workers
",423.68,325
2272,2025-2026,Apr,MAHARASHTRA,Agriculture,"Picking workers (including Tea, Cotton, Tobacco and other commercial crops)
",360,310.42
2273,2025-2026,Apr,MAHARASHTRA,Agriculture,"Horticulture workers (including nursery growers)
",439.68,326.27
2274,2025-2026,Apr,MAHARASHTRA,Agriculture,"Fishermen-inland
",523.8099999999999,@
2275,2025-2026,Apr,MAHARASHTRA,Agriculture,"Fishermen-coastal/deep-sea
",-,-
2276,2025-2026,Apr,MAHARASHTRA,Agriculture,"Loggers and wood cutters
",501.73,-
2277,2025-2026,Apr,MAHARASHTRA,Agriculture,"Animal husbandry workers (including poultry workers, dairy workers & herdsman)
",331.36,320.83
2278,2025-2026,Apr,MAHARASHTRA,Agriculture,"Packaging labourers, agriculture
",387.5,318.18
2279,2025-2026,Apr,MAHARASHTRA,Agriculture,"General agricultural labourers (including watering/irrigation workers, etc.)
",377.6,262.11
2280,2025-2026,Apr,MAHARASHTRA,Agriculture,"Plant protection workers (applying pesticides, treating seeds, etc.
",458.06,344
2281,2025-2026,Apr,"MANIPUR
",Agriculture,"Ploughing/Tilling workers",636,@
2282,2025-2026,Apr,"MANIPUR
",Agriculture,"Sowing(including Planting/Transplanting/ Weeding) workers)
",635,525
2283,2025-2026,Apr,"MANIPUR
",Agriculture,"Harvesting/Winnowing/Threshing workers
",630,525
2284,2025-2026,Apr,"MANIPUR
",Agriculture,"Picking workers (including Tea, Cotton, Tobacco and other commercial crops)
",425,395
2285,2025-2026,Apr,"MANIPUR
",Agriculture,"Horticulture workers (including nursery growers)
",425,395
2286,2025-2026,Apr,"MANIPUR
",Agriculture,"Fishermen-inland
",390,360
2287,2025-2026,Apr,"MANIPUR
",Agriculture,"Fishermen-coastal/deep-sea
",-,-
2288,2025-2026,Apr,"MANIPUR
",Agriculture,"Loggers and wood cutters
",490,-
2289,2025-2026,Apr,"MANIPUR
",Agriculture,"Packaging labourers, agriculture
",-,-
2290,2025-2026,Apr,"MANIPUR
",Agriculture,"General agricultural labourers (including watering/irrigation workers, etc.)
",-,-
2291,2025-2026,Apr,"MANIPUR
",Agriculture,"Plant protection workers (applying pesticides, treating seeds, etc.
",650,650
2292,2025-2026,Apr,"MANIPUR
",Agriculture,"Animal husbandry workers (including poultry workers, dairy workers & herdsman)
",425.00,415.00
2293,2024-2025,Apr,"MANIPUR
",Agriculture,"Ploughing/Tilling workers",365.71,-
2294,2024-2025,Apr,"MANIPUR
",Agriculture,"Sowing(including Planting/Transplanting/ Weeding) workers)
",350.56,321.88
2295,2024-2025,Apr,"MANIPUR
",Agriculture,"Harvesting/Winnowing/Threshing workers
",340.00,331.43
2296,2024-2025,Apr,"MANIPUR
",Agriculture,"Picking workers (including Tea, Cotton, Tobacco and other commercial crops)
",-,-
2297,2024-2025,Apr,"MANIPUR
",Agriculture,"Horticulture workers (including nursery growers)
",@,@
2298,2024-2025,Apr,"MANIPUR
",Agriculture,"Fishermen-inland
",-,-
2299,2024-2025,Apr,"MANIPUR
",Agriculture,"Fishermen-coastal/deep-sea
",-,-
2300,2024-2025,Apr,"MANIPUR
",Agriculture,"Loggers and wood cutters
",@,-
2301,2024-2025,Apr,"MANIPUR
",Agriculture,"Animal husbandry workers (including poultry workers, dairy workers & herdsman)
",346.00,-
2302,2024-2025,Apr,"MANIPUR
",Agriculture,"Packaging labourers, agriculture
",@,-
2303,2024-2025,Apr,"MANIPUR
",Agriculture,"General agricultural labourers (including watering/irrigation workers, etc.)
",@,-
2304,2024-2025,Apr,"MANIPUR
",Agriculture,"Plant protection workers (applying pesticides, treating seeds, etc.
",@,-
2305,2024-2025,Apr,"MEGHALAYA
",Agriculture,"Ploughing/Tilling workers",374.29,204.00
2306,2024-2025,Apr,"MEGHALAYA
",Agriculture,"Sowing(including Planting/Transplanting/ Weeding) workers)
",343.50,210.75
2307,2024-2025,Apr,"MEGHALAYA
",Agriculture,"Harvesting/Winnowing/Threshing workers
",353.88,204.88
2308,2024-2025,Apr,"MEGHALAYA
",Agriculture,"Picking workers (including Tea, Cotton, Tobacco and other commercial crops)
",@,@
2309,2024-2025,Apr,"MEGHALAYA
",Agriculture,"Horticulture workers (including nursery growers)
",@,@
2310,2024-2025,Apr,"MEGHALAYA
",Agriculture,"Fishermen-inland
",-,-
2311,2024-2025,Apr,"MEGHALAYA
",Agriculture,"Fishermen-coastal/deep-sea
",-,-
2312,2024-2025,Apr,"MEGHALAYA
",Agriculture,"Loggers and wood cutters
",@,-
2313,2024-2025,Apr,"MEGHALAYA
",Agriculture,"Animal husbandry workers (including poultry workers, dairy workers & herdsman)
",313.88,@
2314,2024-2025,Apr,"MEGHALAYA
",Agriculture,"Packaging labourers, agriculture
",@,-
2315,2024-2025,Apr,"MEGHALAYA
",Agriculture,"General agricultural labourers (including watering/irrigation workers, etc.)
",335.17,203.17
2316,2024-2025,Apr,"MEGHALAYA
",Agriculture,"Plant protection workers (applying pesticides, treating seeds, etc.
",-,-
2317,2025-2026,Apr,"MEGHALAYA
",Agriculture,"Ploughing/Tilling workers",446.43,@
2318,2025-2026,Apr,"MEGHALAYA
",Agriculture,"Sowing(including Planting/Transplanting/ Weeding) workers)
",489.29,327.86
2319,2025-2026,Apr,"MEGHALAYA
",Agriculture,"Harvesting/Winnowing/Threshing workers
",487.3,309.82
2320,2025-2026,Apr,"MEGHALAYA
",Agriculture,"Picking workers (including Tea, Cotton, Tobacco and other commercial crops)
",-,-
2321,2025-2026,Apr,"MEGHALAYA
",Agriculture,"Horticulture workers (including nursery growers)
",@,@
2322,2025-2026,Apr,"MEGHALAYA
",Agriculture,"Fishermen-inland
",-,-
2323,2025-2026,Apr,"MEGHALAYA
",Agriculture,"Fishermen-coastal/deep-sea
",-,-
2324,2025-2026,Apr,"MEGHALAYA
",Agriculture,"Loggers and wood cutters
",437.76,-
2325,2025-2026,Apr,"MEGHALAYA
",Agriculture,"Packaging labourers, agriculture
",-,-
2326,2025-2026,Apr,"MEGHALAYA
",Agriculture,"General agricultural labourers (including watering/irrigation workers, etc.)
",@,@
2327,2025-2026,Apr,"MEGHALAYA
",Agriculture,"Plant protection workers (applying pesticides, treating seeds, etc.
",-,-
2328,2025-2026,Apr,"MEGHALAYA
",Agriculture,"Animal husbandry workers (including poultry workers, dairy workers & herdsman)
",@,@
2329,2025-2026,Apr,"ODISHA
",Agriculture,"Ploughing/Tilling workers",513.25,-
2330,2025-2026,Apr,"ODISHA
",Agriculture,"Sowing(including Planting/Transplanting/ Weeding) workers)
",483.74,408
2331,2025-2026,Apr,"ODISHA
",Agriculture,"Harvesting/Winnowing/Threshing workers
",408.33,334.52
2332,2025-2026,Apr,"ODISHA
",Agriculture,"Picking workers (including Tea, Cotton, Tobacco and other commercial crops)
",-,-
2333,2025-2026,Apr,"ODISHA
",Agriculture,"Horticulture workers (including nursery growers)
",378.89,300.48
2334,2025-2026,Apr,"ODISHA
",Agriculture,"Fishermen-inland
",409.38,-
2335,2025-2026,Apr,"ODISHA
",Agriculture,"Fishermen-coastal/deep-sea
",-,-
2336,2025-2026,Apr,"ODISHA
",Agriculture,"Loggers and wood cutters
",498.51,-
2337,2025-2026,Apr,"ODISHA
",Agriculture,"Packaging labourers, agriculture
",341.18,@
2338,2025-2026,Apr,"ODISHA
",Agriculture,"General agricultural labourers (including watering/irrigation workers, etc.)
",420.11,395.33
2339,2025-2026,Apr,"ODISHA
",Agriculture,"Plant protection workers (applying pesticides, treating seeds, etc.
",420,-
2340,2025-2026,Apr,"ODISHA
",Agriculture,"Animal husbandry workers (including poultry workers, dairy workers & herdsman)
",351.58,329.17
2341,2024-2025,Apr,"ODISHA
",Agriculture,"Ploughing/Tilling workers",384.87,317.62
2342,2024-2025,Apr,"ODISHA
",Agriculture,"Sowing(including Planting/Transplanting/ Weeding) workers)
",396.24,342.07
2343,2024-2025,Apr,"ODISHA
",Agriculture,"Harvesting/Winnowing/Threshing workers
",392.18,346.67
2344,2024-2025,Apr,"ODISHA
",Agriculture,"Picking workers (including Tea, Cotton, Tobacco and other commercial crops)
",310.00,@
2345,2024-2025,Apr,"ODISHA
",Agriculture,"Horticulture workers (including nursery growers)
",@,@
2346,2024-2025,Apr,"ODISHA
",Agriculture,"Fishermen-inland
",254.00,-
2347,2024-2025,Apr,"ODISHA
",Agriculture,"Fishermen-coastal/deep-sea
",@,-
2348,2024-2025,Apr,"ODISHA
",Agriculture,"Loggers and wood cutters
",326.19,-
2349,2024-2025,Apr,"ODISHA
",Agriculture,"Animal husbandry workers (including poultry workers, dairy workers & herdsman)
",274.67,207.50
2350,2024-2025,Apr,"ODISHA
",Agriculture,"Packaging labourers, agriculture
",@,-
2351,2024-2025,Apr,"ODISHA
",Agriculture,"General agricultural labourers (including watering/irrigation workers, etc.)
",390.94,338.49
2352,2024-2025,Apr,"ODISHA
",Agriculture,"Plant protection workers (applying pesticides, treating seeds, etc.
",296.67,@
2353,2024-2025,Apr,"PUNJAB
",Agriculture,"Ploughing/Tilling workers",455.11,@
2354,2024-2025,Apr,"PUNJAB
",Agriculture,"Sowing(including Planting/Transplanting/ Weeding) workers)
",438.00,382.67
2355,2024-2025,Apr,"PUNJAB
",Agriculture,"Harvesting/Winnowing/Threshing workers
",452.36,@
2356,2024-2025,Apr,"PUNJAB
",Agriculture,"Picking workers (including Tea, Cotton, Tobacco and other commercial crops)
",394.00,@
2357,2024-2025,Apr,"PUNJAB
",Agriculture,"Horticulture workers (including nursery growers)
",@,-
2358,2024-2025,Apr,"PUNJAB
",Agriculture,"Fishermen-inland
",-,-
2359,2024-2025,Apr,"PUNJAB
",Agriculture,"Fishermen-coastal/deep-sea
",-,-
2360,2024-2025,Apr,"PUNJAB
",Agriculture,"Loggers and wood cutters
",@,-
2361,2024-2025,Apr,"PUNJAB
",Agriculture,"Animal husbandry workers (including poultry workers, dairy workers & herdsman)
",357.61,@
2362,2024-2025,Apr,"PUNJAB
",Agriculture,"Packaging labourers, agriculture
",403.33,@
2363,2024-2025,Apr,"PUNJAB
",Agriculture,"General agricultural labourers (including watering/irrigation workers, etc.)
",432.67,-
2364,2024-2025,Apr,"PUNJAB
",Agriculture,"Plant protection workers (applying pesticides, treating seeds, etc.
",414.29,-
2365,2025-2026,Apr,"PUNJAB
",Agriculture,"Ploughing/Tilling workers",484.55,@
2366,2025-2026,Apr,"PUNJAB
",Agriculture,"Sowing(including Planting/Transplanting/ Weeding) workers)
",478.18,438.75
2367,2025-2026,Apr,"PUNJAB
",Agriculture,"Harvesting/Winnowing/Threshing workers
",492.78,441.43
2368,2025-2026,Apr,"PUNJAB
",Agriculture,"Picking workers (including Tea, Cotton, Tobacco and other commercial crops)
",430,@
2369,2025-2026,Apr,"PUNJAB
",Agriculture,"Horticulture workers (including nursery growers)
",@,-
2370,2025-2026,Apr,"PUNJAB
",Agriculture,"Fishermen-inland
",-,-
2371,2025-2026,Apr,"PUNJAB
",Agriculture,"Fishermen-coastal/deep-sea
",-,-
2372,2025-2026,Apr,"PUNJAB
",Agriculture,"Loggers and wood cutters
",494,-
2373,2025-2026,Apr,"PUNJAB
",Agriculture,"Packaging labourers, agriculture
",458.75,@
2374,2025-2026,Apr,"PUNJAB
",Agriculture,"General agricultural labourers (including watering/irrigation workers, etc.)
",456.67,@
2375,2025-2026,Apr,"PUNJAB
",Agriculture,"Plant protection workers (applying pesticides, treating seeds, etc.
",483.68,-
2376,2025-2026,Apr,"PUNJAB
",Agriculture,"Animal husbandry workers (including poultry workers, dairy workers & herdsman)
",427.22,@
2377,2025-2026,Apr,RAJASTHAN,Agriculture,"Ploughing/Tilling workers",537.5,412.86
2378,2025-2026,Apr,RAJASTHAN,Agriculture,"Sowing(including Planting/Transplanting/ Weeding) workers)
",465.48,383.33
2379,2025-2026,Apr,RAJASTHAN,Agriculture,"Harvesting/Winnowing/Threshing workers
",481.11,438.02
2380,2025-2026,Apr,RAJASTHAN,Agriculture,"Picking workers (including Tea, Cotton, Tobacco and other commercial crops)
",427,395
2381,2025-2026,Apr,RAJASTHAN,Agriculture,"Horticulture workers (including nursery growers)
",426,@
2382,2025-2026,Apr,RAJASTHAN,Agriculture,"Fishermen-inland
",-,-
2383,2025-2026,Apr,RAJASTHAN,Agriculture,"Fishermen-coastal/deep-sea
",-,-
2384,2025-2026,Apr,RAJASTHAN,Agriculture,"Loggers and wood cutters
",505.79,-
2385,2025-2026,Apr,RAJASTHAN,Agriculture,"Packaging labourers, agriculture
",397.86,416.67
2386,2025-2026,Apr,RAJASTHAN,Agriculture,"General agricultural labourers (including watering/irrigation workers, etc.)
",438.97,368.18
2387,2025-2026,Apr,RAJASTHAN,Agriculture,"Plant protection workers (applying pesticides, treating seeds, etc.
",475.38,-
2388,2025-2026,Apr,RAJASTHAN,Agriculture,"Animal husbandry workers (including poultry workers, dairy workers & herdsman)
",410.77,@
2389,2024-2025,Apr,RAJASTHAN,Agriculture,"Ploughing/Tilling workers",405.00,@
2390,2024-2025,Apr,RAJASTHAN,Agriculture,"Sowing(including Planting/Transplanting/ Weeding) workers)
",427.14,390.00
2391,2024-2025,Apr,RAJASTHAN,Agriculture,"Harvesting/Winnowing/Threshing workers
",486.15,439.17
2392,2024-2025,Apr,RAJASTHAN,Agriculture,"Picking workers (including Tea, Cotton, Tobacco and other commercial crops)
",@,@
2393,2024-2025,Apr,RAJASTHAN,Agriculture,"Horticulture workers (including nursery growers)
",@,-
2394,2024-2025,Apr,RAJASTHAN,Agriculture,"Fishermen-inland
",-,-
2395,2024-2025,Apr,RAJASTHAN,Agriculture,"Fishermen-coastal/deep-sea
",-,-
2396,2024-2025,Apr,RAJASTHAN,Agriculture,"Loggers and wood cutters
",408.33,-
2397,2024-2025,Apr,RAJASTHAN,Agriculture,"Animal husbandry workers (including poultry workers, dairy workers & herdsman)
",@,@
2398,2024-2025,Apr,RAJASTHAN,Agriculture,"Packaging labourers, agriculture
",@,@
2399,2024-2025,Apr,RAJASTHAN,Agriculture,"General agricultural labourers (including watering/irrigation workers, etc.)
",420.00,369.23
2400,2024-2025,Apr,RAJASTHAN,Agriculture,"Plant protection workers (applying pesticides, treating seeds, etc.
",439.44,@
2401,2024-2025,Apr,"TAMIL NADU",Agriculture,"Ploughing/Tilling workers",712.71,@
2402,2024-2025,Apr,"TAMIL NADU",Agriculture,"Sowing(including Planting/Transplanting/ Weeding) workers)
",609.76,397.88
2403,2024-2025,Apr,"TAMIL NADU",Agriculture,"Harvesting/Winnowing/Threshing workers
",585.28,396.14
2404,2024-2025,Apr,"TAMIL NADU",Agriculture,"Picking workers (including Tea, Cotton, Tobacco and other commercial crops)
",@,356.19
2405,2024-2025,Apr,"TAMIL NADU",Agriculture,"Horticulture workers (including nursery growers)
",@,@
2406,2024-2025,Apr,"TAMIL NADU",Agriculture,"Fishermen-inland
",-,-
2407,2024-2025,Apr,"TAMIL NADU",Agriculture,"Fishermen-coastal/deep-sea
",-,-
2408,2024-2025,Apr,"TAMIL NADU",Agriculture,"Loggers and wood cutters
",645.81,@
2409,2024-2025,Apr,"TAMIL NADU",Agriculture,"Animal husbandry workers (including poultry workers, dairy workers & herdsman)
",701.81,@
2410,2024-2025,Apr,"TAMIL NADU",Agriculture,"Packaging labourers, agriculture
",@,@
2411,2024-2025,Apr,"TAMIL NADU",Agriculture,"General agricultural labourers (including watering/irrigation workers, etc.)
",582.80,372.37
2412,2024-2025,Apr,"TAMIL NADU",Agriculture,"Plant protection workers (applying pesticides, treating seeds, etc.
",710.88,@
2413,2025-2026,Apr,"TAMIL NADU",Agriculture,"Ploughing/Tilling workers",753.89,@
2414,2025-2026,Apr,"TAMIL NADU",Agriculture,"Sowing(including Planting/Transplanting/ Weeding) workers)
",719.21,464.41
2415,2025-2026,Apr,"TAMIL NADU",Agriculture,"Harvesting/Winnowing/Threshing workers
",660.99,433.65
2416,2025-2026,Apr,"TAMIL NADU",Agriculture,"Picking workers (including Tea, Cotton, Tobacco and other commercial crops)
",@,520.71
2417,2025-2026,Apr,"TAMIL NADU",Agriculture,"Horticulture workers (including nursery growers)
",@,423.89
2418,2025-2026,Apr,"TAMIL NADU",Agriculture,"Fishermen-inland
",@,-
2419,2025-2026,Apr,"TAMIL NADU",Agriculture,"Fishermen-coastal/deep-sea
",-,-
2420,2025-2026,Apr,"TAMIL NADU",Agriculture,"Loggers and wood cutters
",736.9,-
2421,2025-2026,Apr,"TAMIL NADU",Agriculture,"Packaging labourers, agriculture
",@,@
2422,2025-2026,Apr,"TAMIL NADU",Agriculture,"General agricultural labourers (including watering/irrigation workers, etc.)
",639.66,385.73
2423,2025-2026,Apr,"TAMIL NADU",Agriculture,"Plant protection workers (applying pesticides, treating seeds, etc.
",902.6799999999999,-
2424,2025-2026,Apr,"TAMIL NADU",Agriculture,"Animal husbandry workers (including poultry workers, dairy workers & herdsman)
",622.68,386.90
2425,2025-2026,Apr,TRIPURA,Agriculture,"Ploughing/Tilling workers",520,-
2426,2025-2026,Apr,TRIPURA,Agriculture,"Sowing(including Planting/Transplanting/ Weeding) workers)
",520,-
2427,2025-2026,Apr,TRIPURA,Agriculture,"Harvesting/Winnowing/Threshing workers
",520,-
2428,2025-2026,Apr,TRIPURA,Agriculture,"Picking workers (including Tea, Cotton, Tobacco and other commercial crops)
",-,-
2429,2025-2026,Apr,TRIPURA,Agriculture,"Horticulture workers (including nursery growers)
",@,-
2430,2025-2026,Apr,TRIPURA,Agriculture,"Fishermen-inland
",-,-
2431,2025-2026,Apr,TRIPURA,Agriculture,"Fishermen-coastal/deep-sea
",-,-
2432,2025-2026,Apr,TRIPURA,Agriculture,"Loggers and wood cutters
",590,-
2433,2025-2026,Apr,TRIPURA,Agriculture,"Packaging labourers, agriculture
",-,-
2434,2025-2026,Apr,TRIPURA,Agriculture,"General agricultural labourers (including watering/irrigation workers, etc.)
",490,-
2435,2025-2026,Apr,TRIPURA,Agriculture,"Plant protection workers (applying pesticides, treating seeds, etc.
",-,-
2436,2025-2026,Apr,TRIPURA,Agriculture,"Animal husbandry workers (including poultry workers, dairy workers & herdsman)
",420.00,-
2437,2024-2025,Apr,TRIPURA,Agriculture,"Ploughing/Tilling workers",420.00,-
2438,2024-2025,Apr,TRIPURA,Agriculture,"Sowing(including Planting/Transplanting/ Weeding) workers)
",420.00,-
2439,2024-2025,Apr,TRIPURA,Agriculture,"Harvesting/Winnowing/Threshing workers
",431.11,-
2440,2024-2025,Apr,TRIPURA,Agriculture,"Picking workers (including Tea, Cotton, Tobacco and other commercial crops)
",-,-
2441,2024-2025,Apr,TRIPURA,Agriculture,"Horticulture workers (including nursery growers)
",-,-
2442,2024-2025,Apr,TRIPURA,Agriculture,"Fishermen-inland
",-,-
2443,2024-2025,Apr,TRIPURA,Agriculture,"Fishermen-coastal/deep-sea
",-,-
2444,2024-2025,Apr,TRIPURA,Agriculture,"Loggers and wood cutters
",502.22,-
2445,2024-2025,Apr,TRIPURA,Agriculture,"Animal husbandry workers (including poultry workers, dairy workers & herdsman)
",320.00,-
2446,2024-2025,Apr,TRIPURA,Agriculture,"Packaging labourers, agriculture
",-,-
2447,2024-2025,Apr,TRIPURA,Agriculture,"General agricultural labourers (including watering/irrigation workers, etc.)
",401.11,-
2448,2024-2025,Apr,TRIPURA,Agriculture,"Plant protection workers (applying pesticides, treating seeds, etc.
",-,-
2449,2024-2025,Apr,"UTTAR PRADESH",Agriculture,"Ploughing/Tilling workers",372.37,335.00
2450,2024-2025,Apr,"UTTAR PRADESH",Agriculture,"Sowing(including Planting/Transplanting/ Weeding) workers)
",380.53,335.62
2451,2024-2025,Apr,"UTTAR PRADESH",Agriculture,"Harvesting/Winnowing/Threshing workers
",393.84,351.94
2452,2024-2025,Apr,"UTTAR PRADESH",Agriculture,"Picking workers (including Tea, Cotton, Tobacco and other commercial crops)
",360.00,312.50
2453,2024-2025,Apr,"UTTAR PRADESH",Agriculture,"Horticulture workers (including nursery growers)
",@,@
2454,2024-2025,Apr,"UTTAR PRADESH",Agriculture,"Fishermen-inland
",-,-
2455,2024-2025,Apr,"UTTAR PRADESH",Agriculture,"Fishermen-coastal/deep-sea
",-,-
2456,2024-2025,Apr,"UTTAR PRADESH",Agriculture,"Loggers and wood cutters
",407.06,@
2457,2024-2025,Apr,"UTTAR PRADESH",Agriculture,"Animal husbandry workers (including poultry workers, dairy workers & herdsman)
",331.67,@
2458,2024-2025,Apr,"UTTAR PRADESH",Agriculture,"Packaging labourers, agriculture
",330.00,304.00
2459,2024-2025,Apr,"UTTAR PRADESH",Agriculture,"General agricultural labourers (including watering/irrigation workers, etc.)
",365.58,306.51
2460,2024-2025,Apr,"UTTAR PRADESH",Agriculture,"Plant protection workers (applying pesticides, treating seeds, etc.
",406.88,@
2461,2025-2026,Apr,"UTTAR PRADESH",Agriculture,"Ploughing/Tilling workers",447.69,452.5
2462,2025-2026,Apr,"UTTAR PRADESH",Agriculture,"Sowing(including Planting/Transplanting/ Weeding) workers)
",395.7,339.92
2463,2025-2026,Apr,"UTTAR PRADESH",Agriculture,"Harvesting/Winnowing/Threshing workers
",392.98,333.64
2464,2025-2026,Apr,"UTTAR PRADESH",Agriculture,"Picking workers (including Tea, Cotton, Tobacco and other commercial crops)
",340,290
2465,2025-2026,Apr,"UTTAR PRADESH",Agriculture,"Horticulture workers (including nursery growers)
",430,357.86
2466,2025-2026,Apr,"UTTAR PRADESH",Agriculture,"Fishermen-inland
",575,-
2467,2025-2026,Apr,"UTTAR PRADESH",Agriculture,"Fishermen-coastal/deep-sea
",-,-
2468,2025-2026,Apr,"UTTAR PRADESH",Agriculture,"Loggers and wood cutters
",526.67,-
2469,2025-2026,Apr,"UTTAR PRADESH",Agriculture,"Packaging labourers, agriculture
",421.05,377.5
2470,2025-2026,Apr,"UTTAR PRADESH",Agriculture,"General agricultural labourers (including watering/irrigation workers, etc.)
",403.26,337.57
2471,2025-2026,Apr,"UTTAR PRADESH",Agriculture,"Plant protection workers (applying pesticides, treating seeds, etc.
",493.33,@
2472,2025-2026,Apr,"UTTAR PRADESH",Agriculture,"Animal husbandry workers (including poultry workers, dairy workers & herdsman)
",411.25,414.17
2473,2025-2026,Apr,"WEST BENGAL",Agriculture,"Ploughing/Tilling workers",469.92,347.52
2474,2025-2026,Apr,"WEST BENGAL",Agriculture,"Sowing(including Planting/Transplanting/ Weeding) workers)
",418.76,382.28
2475,2025-2026,Apr,"WEST BENGAL",Agriculture,"Harvesting/Winnowing/Threshing workers
",421.81,384.47
2476,2025-2026,Apr,"WEST BENGAL",Agriculture,"Picking workers (including Tea, Cotton, Tobacco and other commercial crops)
",343.24,@
2477,2025-2026,Apr,"WEST BENGAL",Agriculture,"Horticulture workers (including nursery growers)
",384.87,309.71
2478,2025-2026,Apr,"WEST BENGAL",Agriculture,"Fishermen-inland
",601.37,-
2479,2025-2026,Apr,"WEST BENGAL",Agriculture,"Fishermen-coastal/deep-sea
",-,-
2480,2025-2026,Apr,"WEST BENGAL",Agriculture,"Loggers and wood cutters
",532.48,-
2481,2025-2026,Apr,"WEST BENGAL",Agriculture,"Packaging labourers, agriculture
",421.01,338.53
2482,2025-2026,Apr,"WEST BENGAL",Agriculture,"General agricultural labourers (including watering/irrigation workers, etc.)
",423.81,356.77
2483,2025-2026,Apr,"WEST BENGAL",Agriculture,"Plant protection workers (applying pesticides, treating seeds, etc.
",480,313.33
2484,2025-2026,Apr,"WEST BENGAL",Agriculture,"Animal husbandry workers (including poultry workers, dairy workers & herdsman)
",373.23,@
2485,2024-2025,Apr,"WEST BENGAL",Agriculture,"Ploughing/Tilling workers",452.65,@
2486,2024-2025,Apr,"WEST BENGAL",Agriculture,"Sowing(including Planting/Transplanting/ Weeding) workers)
",364.32,318.04
2487,2024-2025,Apr,"WEST BENGAL",Agriculture,"Harvesting/Winnowing/Threshing workers
",372.19,326.46
2488,2024-2025,Apr,"WEST BENGAL",Agriculture,"Picking workers (including Tea, Cotton, Tobacco and other commercial crops)
",-,@
2489,2024-2025,Apr,"WEST BENGAL",Agriculture,"Horticulture workers (including nursery growers)
",407.67,412.00
2490,2024-2025,Apr,"WEST BENGAL",Agriculture,"Fishermen-inland
",561.32,-
2491,2024-2025,Apr,"WEST BENGAL",Agriculture,"Fishermen-coastal/deep-sea
",@,-
2492,2024-2025,Apr,"WEST BENGAL",Agriculture,"Loggers and wood cutters
",487.30,-
2493,2024-2025,Apr,"WEST BENGAL",Agriculture,"Animal husbandry workers (including poultry workers, dairy workers & herdsman)
",320.44,274.44
2494,2024-2025,Apr,"WEST BENGAL",Agriculture,"Packaging labourers, agriculture
",413.57,@
2495,2024-2025,Apr,"WEST BENGAL",Agriculture,"General agricultural labourers (including watering/irrigation workers, etc.)
",376.19,349.11
2496,2024-2025,Apr,"WEST BENGAL",Agriculture,"Plant protection workers (applying pesticides, treating seeds, etc.
",444.02,302.79
2497,2025-2026,Apr,"Andaman and Nicobar Islands",Agriculture,"Ploughing/Tilling workers",680,680
2498,2025-2026,Apr,"Andaman and Nicobar Islands",Agriculture,"Sowing(including Planting/Transplanting/ Weeding) workers)
",800,800
2499,2025-2026,Apr,"Andaman and Nicobar Islands",Agriculture,"Harvesting/Winnowing/Threshing workers
",840,853.33
2500,2025-2026,Apr,"Andaman and Nicobar Islands",Agriculture,"Picking workers (including Tea, Cotton, Tobacco and other commercial crops)
",-,-
2501,2025-2026,Apr,"Andaman and Nicobar Islands",Agriculture,"Horticulture workers (including nursery growers)
",@,-
2502,2025-2026,Apr,"Andaman and Nicobar Islands",Agriculture,"Fishermen-inland
",-,-
2503,2025-2026,Apr,"Andaman and Nicobar Islands",Agriculture,"Fishermen-coastal/deep-sea
",822.86,-
2504,2025-2026,Apr,"Andaman and Nicobar Islands",Agriculture,"Loggers and wood cutters
",-,-
2505,2025-2026,Apr,"Andaman and Nicobar Islands",Agriculture,"Animal husbandry workers (including poultry workers, dairy workers & herdsman)
",638.1,-
2506,2025-2026,Apr,"Andaman and Nicobar Islands",Agriculture,"Packaging labourers, agriculture
",-,-
2507,2025-2026,Apr,"Andaman and Nicobar Islands",Agriculture,"General agricultural labourers (including watering/irrigation workers, etc.)
",-,-
2508,2025-2026,Apr,"Andaman and Nicobar Islands",Agriculture,"Plant protection workers (applying pesticides, treating seeds, etc.
",-,-
2509,2025-2026,Apr,"Arunachal Pradesh",Agriculture,"Ploughing/Tilling workers",521.4299999999999,450
2510,2025-2026,Apr,"Arunachal Pradesh",Agriculture,"Sowing(including Planting/Transplanting/ Weeding) workers)
",528.5700000000001,428.57
2511,2025-2026,Apr,"Arunachal Pradesh",Agriculture,"Harvesting/Winnowing/Threshing workers
",500,425
2512,2025-2026,Apr,"Arunachal Pradesh",Agriculture,"Picking workers (including Tea, Cotton, Tobacco and other commercial crops)
",450,356.25
2513,2025-2026,Apr,"Arunachal Pradesh",Agriculture,"Horticulture workers (including nursery growers)
",550,@
2514,2025-2026,Apr,"Arunachal Pradesh",Agriculture,"Fishermen-inland
",-,-
2515,2025-2026,Apr,"Arunachal Pradesh",Agriculture,"Fishermen-coastal/deep-sea
",-,-
2516,2025-2026,Apr,"Arunachal Pradesh",Agriculture,"Loggers and wood cutters
",628.5700000000001,-
2517,2025-2026,Apr,"Arunachal Pradesh",Agriculture,"Animal husbandry workers (including poultry workers, dairy workers & herdsman)
",@,@
2518,2025-2026,Apr,"Arunachal Pradesh",Agriculture,"Packaging labourers, agriculture
",@,@
2519,2025-2026,Apr,"Arunachal Pradesh",Agriculture,"General agricultural labourers (including watering/irrigation workers, etc.)
",471.43,@
2520,2025-2026,Apr,"Arunachal Pradesh",Agriculture,"Plant protection workers (applying pesticides, treating seeds, etc.
",585.71,@
2521,2025-2026,Apr,Chhattisgarh,Agriculture,"Ploughing/Tilling workers",361.76,292
2522,2025-2026,Apr,Chhattisgarh,Agriculture,"Sowing(including Planting/Transplanting/ Weeding) workers)
",300.37,244.81
2523,2025-2026,Apr,Chhattisgarh,Agriculture,"Harvesting/Winnowing/Threshing workers
",278.95,232.63
2524,2025-2026,Apr,Chhattisgarh,Agriculture,"Picking workers (including Tea, Cotton, Tobacco and other commercial crops)
",@,@
2525,2025-2026,Apr,Chhattisgarh,Agriculture,"Horticulture workers (including nursery growers)
",264.29,@
2526,2025-2026,Apr,Chhattisgarh,Agriculture,"Fishermen-inland
",@,-
2527,2025-2026,Apr,Chhattisgarh,Agriculture,"Fishermen-coastal/deep-sea
",-,-
2528,2025-2026,Apr,Chhattisgarh,Agriculture,"Loggers and wood cutters
",370,@
2529,2025-2026,Apr,Chhattisgarh,Agriculture,"Animal husbandry workers (including poultry workers, dairy workers & herdsman)
",291.82,225.38
2530,2025-2026,Apr,Chhattisgarh,Agriculture,"Packaging labourers, agriculture
",@,@
2531,2025-2026,Apr,Chhattisgarh,Agriculture,"General agricultural labourers (including watering/irrigation workers, etc.)
",280,228.33
2532,2025-2026,Apr,Chhattisgarh,Agriculture,"Plant protection workers (applying pesticides, treating seeds, etc.
",279.05,220
2533,2025-2026,Apr,"Daman and Diu, Dadra Nagar and Haveli",Agriculture,"Ploughing/Tilling workers",526.67,@
2534,2025-2026,Apr,"Daman and Diu, Dadra Nagar and Haveli",Agriculture,"Sowing(including Planting/Transplanting/ Weeding) workers)
",413.75,441.11
2535,2025-2026,Apr,"Daman and Diu, Dadra Nagar and Haveli",Agriculture,"Harvesting/Winnowing/Threshing workers
",413.75,441.11
2536,2025-2026,Apr,"Daman and Diu, Dadra Nagar and Haveli",Agriculture,"Picking workers (including Tea, Cotton, Tobacco and other commercial crops)
",-,-
2537,2025-2026,Apr,"Daman and Diu, Dadra Nagar and Haveli",Agriculture,"Horticulture workers (including nursery growers)
",@,-
2538,2025-2026,Apr,"Daman and Diu, Dadra Nagar and Haveli",Agriculture,"Fishermen-inland
",@,-
2539,2025-2026,Apr,"Daman and Diu, Dadra Nagar and Haveli",Agriculture,"Fishermen-coastal/deep-sea
",612,-
2540,2025-2026,Apr,"Daman and Diu, Dadra Nagar and Haveli",Agriculture,"Loggers and wood cutters
",535,-
2541,2025-2026,Apr,"Daman and Diu, Dadra Nagar and Haveli",Agriculture,"Animal husbandry workers (including poultry workers, dairy workers & herdsman)
",@,@
2542,2025-2026,Apr,"Daman and Diu, Dadra Nagar and Haveli",Agriculture,"Packaging labourers, agriculture
",@,@
2543,2025-2026,Apr,"Daman and Diu, Dadra Nagar and Haveli",Agriculture,"General agricultural labourers (including watering/irrigation workers, etc.)
",395.71,@
2544,2025-2026,Apr,"Daman and Diu, Dadra Nagar and Haveli",Agriculture,"Plant protection workers (applying pesticides, treating seeds, etc.
",@,-
2545,2025-2026,Apr,Delhi,Agriculture,"Ploughing/Tilling workers",712.5,-
2546,2025-2026,Apr,Delhi,Agriculture,"Sowing(including Planting/Transplanting/ Weeding) workers)
",543.75,500
2547,2025-2026,Apr,Delhi,Agriculture,"Harvesting/Winnowing/Threshing workers
",531.25,500
2548,2025-2026,Apr,Delhi,Agriculture,"Picking workers (including Tea, Cotton, Tobacco and other commercial crops)
",-,-
2549,2025-2026,Apr,Delhi,Agriculture,"Horticulture workers (including nursery growers)
",-,-
2550,2025-2026,Apr,Delhi,Agriculture,"Fishermen-inland
",-,-
2551,2025-2026,Apr,Delhi,Agriculture,"Fishermen-coastal/deep-sea
",-,-
2552,2025-2026,Apr,Delhi,Agriculture,"Loggers and wood cutters
",-,-
2553,2025-2026,Apr,Delhi,Agriculture,"Animal husbandry workers (including poultry workers, dairy workers & herdsman)
",-,-
2554,2025-2026,Apr,Delhi,Agriculture,"Packaging labourers, agriculture
",-,-
2555,2025-2026,Apr,Delhi,Agriculture,"General agricultural labourers (including watering/irrigation workers, etc.)
",-,-
2556,2025-2026,Apr,Delhi,Agriculture,"Plant protection workers (applying pesticides, treating seeds, etc.
",-,-
2557,2025-2026,Apr,Goa,Agriculture,"Ploughing/Tilling workers",650,-
2558,2025-2026,Apr,Goa,Agriculture,"Sowing(including Planting/Transplanting/ Weeding) workers)
",-,-
2559,2025-2026,Apr,Goa,Agriculture,"Harvesting/Winnowing/Threshing workers
",812.5,575
2560,2025-2026,Apr,Goa,Agriculture,"Picking workers (including Tea, Cotton, Tobacco and other commercial crops)
",575,387.5
2561,2025-2026,Apr,Goa,Agriculture,"Horticulture workers (including nursery growers)
",-,-
2562,2025-2026,Apr,Goa,Agriculture,"Fishermen-inland
",-,-
2563,2025-2026,Apr,Goa,Agriculture,"Fishermen-coastal/deep-sea
",-,-
2564,2025-2026,Apr,Goa,Agriculture,"Loggers and wood cutters
",-,-
2565,2025-2026,Apr,Goa,Agriculture,"Animal husbandry workers (including poultry workers, dairy workers & herdsman)
",-,-
2566,2025-2026,Apr,Goa,Agriculture,"Packaging labourers, agriculture
",-,-
2567,2025-2026,Apr,Goa,Agriculture,"General agricultural labourers (including watering/irrigation workers, etc.)
",575,400
2568,2025-2026,Apr,Goa,Agriculture,"Plant protection workers (applying pesticides, treating seeds, etc.
",437.5,-
2569,2025-2026,Apr,Jharkhand,Agriculture,"Ploughing/Tilling workers",386.25,@
2570,2025-2026,Apr,Jharkhand,Agriculture,"Sowing(including Planting/Transplanting/ Weeding) workers)
",350.59,328.89
2571,2025-2026,Apr,Jharkhand,Agriculture,"Harvesting/Winnowing/Threshing workers
",349.47,298.47
2572,2025-2026,Apr,Jharkhand,Agriculture,"Picking workers (including Tea, Cotton, Tobacco and other commercial crops)
",-,-
2573,2025-2026,Apr,Jharkhand,Agriculture,"Horticulture workers (including nursery growers)
",@,@
2574,2025-2026,Apr,Jharkhand,Agriculture,"Fishermen-inland
",489,-
2575,2025-2026,Apr,Jharkhand,Agriculture,"Fishermen-coastal/deep-sea
",-,-
2576,2025-2026,Apr,Jharkhand,Agriculture,"Loggers and wood cutters
",394,@
2577,2025-2026,Apr,Jharkhand,Agriculture,"Animal husbandry workers (including poultry workers, dairy workers & herdsman)
",348.22,-
2578,2025-2026,Apr,Jharkhand,Agriculture,"Packaging labourers, agriculture
",@,@
2579,2025-2026,Apr,Jharkhand,Agriculture,"General agricultural labourers (including watering/irrigation workers, etc.)
",317.89,293.53
2580,2025-2026,Apr,Jharkhand,Agriculture,"Plant protection workers (applying pesticides, treating seeds, etc.
",398.79,@
2581,2025-2026,Apr,Lakshadweep,Agriculture,"Ploughing/Tilling workers",@,-
2582,2025-2026,Apr,Lakshadweep,Agriculture,"Sowing(including Planting/Transplanting/ Weeding) workers)
",-,-
2583,2025-2026,Apr,Lakshadweep,Agriculture,"Harvesting/Winnowing/Threshing workers
",870,-
2584,2025-2026,Apr,Lakshadweep,Agriculture,"Picking workers (including Tea, Cotton, Tobacco and other commercial crops)
",-,-
2585,2025-2026,Apr,Lakshadweep,Agriculture,"Horticulture workers (including nursery growers)
",-,-
2586,2025-2026,Apr,Lakshadweep,Agriculture,"Fishermen-inland
",-,-
2587,2025-2026,Apr,Lakshadweep,Agriculture,"Fishermen-coastal/deep-sea
",746,-
2588,2025-2026,Apr,Lakshadweep,Agriculture,"Loggers and wood cutters
",431,-
2589,2025-2026,Apr,Lakshadweep,Agriculture,"Animal husbandry workers (including poultry workers, dairy workers & herdsman)
",550,-
2590,2025-2026,Apr,Lakshadweep,Agriculture,"Packaging labourers, agriculture
",-,-
2591,2025-2026,Apr,Lakshadweep,Agriculture,"General agricultural labourers (including watering/irrigation workers, etc.)
",-,-
2592,2025-2026,Apr,Lakshadweep,Agriculture,"Plant protection workers (applying pesticides, treating seeds, etc.
",-,-
2593,2025-2026,Apr,Mizoram,Agriculture,"Ploughing/Tilling workers",587.5,487.5
2594,2025-2026,Apr,Mizoram,Agriculture,"Sowing(including Planting/Transplanting/ Weeding) workers)
",587.5,487.5
2595,2025-2026,Apr,Mizoram,Agriculture,"Harvesting/Winnowing/Threshing workers
",587.5,487.5
2596,2025-2026,Apr,Mizoram,Agriculture,"Picking workers (including Tea, Cotton, Tobacco and other commercial crops)
",587.5,487.5
2597,2025-2026,Apr,Mizoram,Agriculture,"Horticulture workers (including nursery growers)
",587.5,503.75
2598,2025-2026,Apr,Mizoram,Agriculture,"Fishermen-inland
",587.5,-
2599,2025-2026,Apr,Mizoram,Agriculture,"Fishermen-coastal/deep-sea
",-,-
2600,2025-2026,Apr,Mizoram,Agriculture,"Loggers and wood cutters
",818.75,-
2601,2025-2026,Apr,Mizoram,Agriculture,"Packaging labourers, agriculture
",575,468.75
2602,2025-2026,Apr,Mizoram,Agriculture,"General agricultural labourers (including watering/irrigation workers, etc.)
",587.5,487.5
2603,2025-2026,Apr,Mizoram,Agriculture,"Plant protection workers (applying pesticides, treating seeds, etc.
",587.5,487.5
2604,2025-2026,Apr,Mizoram,Agriculture,"Animal husbandry workers (including poultry workers, dairy workers & herdsman)
",587.50,500.00
2605,2025-2026,Apr,Nagaland,Agriculture,"Ploughing/Tilling workers",502.08,429.17
2606,2025-2026,Apr,Nagaland,Agriculture,"Sowing(including Planting/Transplanting/ Weeding) workers)
",502.08,429.17
2607,2025-2026,Apr,Nagaland,Agriculture,"Harvesting/Winnowing/Threshing workers
",536.01,458.04
2608,2025-2026,Apr,Nagaland,Agriculture,"Picking workers (including Tea, Cotton, Tobacco and other commercial crops)
",@,@
2609,2025-2026,Apr,Nagaland,Agriculture,"Horticulture workers (including nursery growers)
",560.54,483.67
2610,2025-2026,Apr,Nagaland,Agriculture,"Fishermen-inland
",@,-
2611,2025-2026,Apr,Nagaland,Agriculture,"Fishermen-coastal/deep-sea
",-,-
2612,2025-2026,Apr,Nagaland,Agriculture,"Loggers and wood cutters
",937.5,-
2613,2025-2026,Apr,Nagaland,Agriculture,"Packaging labourers, agriculture
",@,@
2614,2025-2026,Apr,Nagaland,Agriculture,"General agricultural labourers (including watering/irrigation workers, etc.)
",@,@
2615,2025-2026,Apr,Nagaland,Agriculture,"Plant protection workers (applying pesticides, treating seeds, etc.
",673.21,-
2616,2025-2026,Apr,Nagaland,Agriculture,"Animal husbandry workers (including poultry workers, dairy workers & herdsman)
",@,-
2617,2025-2026,Apr,Puducerry,Agriculture,"Ploughing/Tilling workers",-,-
2618,2025-2026,Apr,Puducerry,Agriculture,"Sowing(including Planting/Transplanting/ Weeding) workers)
",865,451.43
2619,2025-2026,Apr,Puducerry,Agriculture,"Harvesting/Winnowing/Threshing workers
",966.25,492
2620,2025-2026,Apr,Puducerry,Agriculture,"Picking workers (including Tea, Cotton, Tobacco and other commercial crops)
",-,333.33
2621,2025-2026,Apr,Puducerry,Agriculture,"Horticulture workers (including nursery growers)
",-,-
2622,2025-2026,Apr,Puducerry,Agriculture,"Fishermen-inland
",-,-
2623,2025-2026,Apr,Puducerry,Agriculture,"Fishermen-coastal/deep-sea
",-,-
2624,2025-2026,Apr,Puducerry,Agriculture,"Loggers and wood cutters
",906.25,-
2625,2025-2026,Apr,Puducerry,Agriculture,"Packaging labourers, agriculture
",604,302
2626,2025-2026,Apr,Puducerry,Agriculture,"General agricultural labourers (including watering/irrigation workers, etc.)
",691.67,352
2627,2025-2026,Apr,Puducerry,Agriculture,"Plant protection workers (applying pesticides, treating seeds, etc.
",615,@
2628,2025-2026,Apr,Puducerry,Agriculture,"Animal husbandry workers (including poultry workers, dairy workers & herdsman)
",-,-
2629,2025-2026,Apr,Sikkim,Agriculture,"Ploughing/Tilling workers",1544.64,-
2630,2025-2026,Apr,Sikkim,Agriculture,"Sowing(including Planting/Transplanting/ Weeding) workers)
",576.1900000000001,514.29
2631,2025-2026,Apr,Sikkim,Agriculture,"Harvesting/Winnowing/Threshing workers
",478.57,478.57
2632,2025-2026,Apr,Sikkim,Agriculture,"Picking workers (including Tea, Cotton, Tobacco and other commercial crops)
",-,-
2633,2025-2026,Apr,Sikkim,Agriculture,"Horticulture workers (including nursery growers)
",476.19,476.19
2634,2025-2026,Apr,Sikkim,Agriculture,"Fishermen-inland
",-,-
2635,2025-2026,Apr,Sikkim,Agriculture,"Fishermen-coastal/deep-sea
",-,-
2636,2025-2026,Apr,Sikkim,Agriculture,"Loggers and wood cutters
",855.36,-
2637,2025-2026,Apr,Sikkim,Agriculture,"Packaging labourers, agriculture
",-,-
2638,2025-2026,Apr,Sikkim,Agriculture,"General agricultural labourers (including watering/irrigation workers, etc.)
",478.57,468.57
2639,2025-2026,Apr,Sikkim,Agriculture,"Plant protection workers (applying pesticides, treating seeds, etc.
",-,-
2640,2025-2026,Apr,Sikkim,Agriculture,"Animal husbandry workers (including poultry workers, dairy workers & herdsman)
",-,-
2641,2025-2026,Apr,Telangana,Agriculture,"Ploughing/Tilling workers",682.59,@
2642,2025-2026,Apr,Telangana,Agriculture,"Sowing(including Planting/Transplanting/ Weeding) workers)
",586.4299999999999,385.17
2643,2025-2026,Apr,Telangana,Agriculture,"Harvesting/Winnowing/Threshing workers
",576.55,447.65
2644,2025-2026,Apr,Telangana,Agriculture,"Picking workers (including Tea, Cotton, Tobacco and other commercial crops)
",493.57,364.29
2645,2025-2026,Apr,Telangana,Agriculture,"Horticulture workers (including nursery growers)
",@,337.5
2646,2025-2026,Apr,Telangana,Agriculture,"Fishermen-inland
",-,-
2647,2025-2026,Apr,Telangana,Agriculture,"Fishermen-coastal/deep-sea
",-,-
2648,2025-2026,Apr,Telangana,Agriculture,"Loggers and wood cutters
",383.33,-
2649,2025-2026,Apr,Telangana,Agriculture,"Packaging labourers, agriculture
",@,-
2650,2025-2026,Apr,Telangana,Agriculture,"General agricultural labourers (including watering/irrigation workers, etc.)
",431.38,366.96
2651,2025-2026,Apr,Telangana,Agriculture,"Plant protection workers (applying pesticides, treating seeds, etc.
",400,-
2652,2025-2026,Apr,Telangana,Agriculture,"Animal husbandry workers (including poultry workers, dairy workers & herdsman)
",325.00,-
2653,2025-2026,Apr,Uttarakhand,Agriculture,"Ploughing/Tilling workers",600,@
2654,2025-2026,Apr,Uttarakhand,Agriculture,"Sowing(including Planting/Transplanting/ Weeding) workers)
",554.55,480
2655,2025-2026,Apr,Uttarakhand,Agriculture,"Harvesting/Winnowing/Threshing workers
",588.89,525
2656,2025-2026,Apr,Uttarakhand,Agriculture,"Picking workers (including Tea, Cotton, Tobacco and other commercial crops)
",-,-
2657,2025-2026,Apr,Uttarakhand,Agriculture,"Horticulture workers (including nursery growers)
",530,@
2658,2025-2026,Apr,Uttarakhand,Agriculture,"Fishermen-inland
",-,-
2659,2025-2026,Apr,Uttarakhand,Agriculture,"Fishermen-coastal/deep-sea
",-,-
2660,2025-2026,Apr,Uttarakhand,Agriculture,"Loggers and wood cutters
",655,-
2661,2025-2026,Apr,Uttarakhand,Agriculture,"Packaging labourers, agriculture
",@,@
2662,2025-2026,Apr,Uttarakhand,Agriculture,"General agricultural labourers (including watering/irrigation workers, etc.)
",511.11,391.67
2663,2025-2026,Apr,Uttarakhand,Agriculture,"Plant protection workers (applying pesticides, treating seeds, etc.
",@,-
2664,2025-2026,Apr,Uttarakhand,Agriculture,"Animal husbandry workers (including poultry workers, dairy workers & herdsman)
",478.57,@
2665,2025-2026,Apr,"All India",Agriculture,"Ploughing/Tilling workers",544.35,414.49
2666,2025-2026,Apr,"All India",Agriculture,"Sowing(including Planting/Transplanting/ Weeding) workers)
",479.63,391.21
2667,2025-2026,Apr,"All India",Agriculture,"Harvesting/Winnowing/Threshing workers
",488.58,395.90
2668,2025-2026,Apr,"All India",Agriculture,"Picking workers (including Tea, Cotton, Tobacco and other commercial crops)
",440.45,371.51
2669,2025-2026,Apr,"All India",Agriculture,"Horticulture workers (including nursery growers)
",464.57,373.54
2670,2025-2026,Apr,"All India",Agriculture,"Fishermen-inland
",510.85,338.24
2671,2025-2026,Apr,"All India",Agriculture,"Fishermen-coastal/deep-sea
",738.24,-
2672,2025-2026,Apr,"All India",Agriculture,"Loggers and wood cutters
",569.14,355.00
2673,2025-2026,Apr,"All India",Agriculture,"Animal husbandry workers (including poultry workers, dairy workers & herdsman)
",409.57,360.43
2674,2025-2026,Apr,"All India",Agriculture,"Packaging labourers, agriculture
",466.92,394.98
2675,2025-2026,Apr,"All India",Agriculture,"General agricultural labourers (including watering/irrigation workers, etc.)
",455.19,373.11
2676,2025-2026,Apr,"All India",Agriculture,"Plant protection workers (applying pesticides, treating seeds, etc.
",502.01,407.65
2677,2024-2025,Apr,"All India",Agriculture,"Ploughing/Tilling workers",458.06,321.13
2678,2024-2025,Apr,"All India",Agriculture,"Sowing(including Planting/Transplanting/ Weeding) workers)
",420.98,349.37
2679,2024-2025,Apr,"All India",Agriculture,"Harvesting/Winnowing/Threshing workers
",421.10,351.77
2680,2024-2025,Apr,"All India",Agriculture,"Picking workers (including Tea, Cotton, Tobacco and other commercial crops)
",386.01,338.24
2681,2024-2025,Apr,"All India",Agriculture,"Horticulture workers (including nursery growers)
",425.50,326.21
2682,2024-2025,Apr,"All India",Agriculture,"Fishermen-inland
",475.59,@
2683,2024-2025,Apr,"All India",Agriculture,"Fishermen-coastal/deep-sea
",458.00,@
2684,2024-2025,Apr,"All India",Agriculture,"Loggers and wood cutters
",504.99,315.69
2685,2024-2025,Apr,"All India",Agriculture,"Animal husbandry workers (including poultry workers, dairy workers & herdsman)
",333.29,266.34
2686,2024-2025,Apr,"All India",Agriculture,"Packaging labourers, agriculture
",386.37,321.85
2687,2024-2025,Apr,"All India",Agriculture,"General agricultural labourers (including watering/irrigation workers, etc.)
",413.73,329.20
2688,2024-2025,Apr,"All India",Agriculture,"Plant protection workers (applying pesticides, treating seeds, etc.
",462.83,306.77
2689,2024-2025,May,"ANDHRA PRADESH",Agriculture,"Ploughing/Tilling workers",647.48,@
2690,2024-2025,May,"ANDHRA PRADESH",Agriculture,"Sowing(including Planting/Transplanting/ Weeding) workers)
",538.58,416.14
2691,2024-2025,May,"ANDHRA PRADESH",Agriculture,"Harvesting/Winnowing/Threshing workers
",571.41,421.14
2692,2024-2025,May,"ANDHRA PRADESH",Agriculture,"Picking workers (including Tea, Cotton, Tobacco and other commercial crops)
",473.17,396.03
2693,2024-2025,May,"ANDHRA PRADESH",Agriculture,"Horticulture workers (including nursery growers)
",@,326.00
2694,2024-2025,May,"ANDHRA PRADESH",Agriculture,"Fishermen-inland
",@,@
2695,2024-2025,May,"ANDHRA PRADESH",Agriculture,"Fishermen-coastal/deep-sea
",-,-
2696,2024-2025,May,"ANDHRA PRADESH",Agriculture,"Loggers and wood cutters
",517.02,-
2697,2024-2025,May,"ANDHRA PRADESH",Agriculture,"Animal husbandry workers (including poultry workers, dairy workers & herdsman)
",348.46,@
2698,2024-2025,May,"ANDHRA PRADESH",Agriculture,"Packaging labourers, agriculture
",@,@
2699,2024-2025,May,"ANDHRA PRADESH",Agriculture,"General agricultural labourers (including watering/irrigation workers, etc.)
",469.93,339.80
2700,2024-2025,May,"ANDHRA PRADESH",Agriculture,"Plant protection workers (applying pesticides, treating seeds, etc.
",716.80,@
2701,2025-2026,May,"ANDHRA PRADESH",Agriculture,"Ploughing/Tilling workers",692.6,@
2702,2025-2026,May,"ANDHRA PRADESH",Agriculture,"Sowing(including Planting/Transplanting/ Weeding) workers)
",613.3099999999999,443.87
2703,2025-2026,May,"ANDHRA PRADESH",Agriculture,"Harvesting/Winnowing/Threshing workers
",625.09,412.95
2704,2025-2026,May,"ANDHRA PRADESH",Agriculture,"Picking workers (including Tea, Cotton, Tobacco and other commercial crops)
",451.5,406.53
2705,2025-2026,May,"ANDHRA PRADESH",Agriculture,"Horticulture workers (including nursery growers)
",583.36,444.95
2706,2025-2026,May,"ANDHRA PRADESH",Agriculture,"Fishermen-inland
",@,-
2707,2025-2026,May,"ANDHRA PRADESH",Agriculture,"Fishermen-coastal/deep-sea
",-,-
2708,2025-2026,May,"ANDHRA PRADESH",Agriculture,"Loggers and wood cutters
",631.14,-
2709,2025-2026,May,"ANDHRA PRADESH",Agriculture,"Animal husbandry workers (including poultry workers, dairy workers & herdsman)
",@,@
2710,2025-2026,May,"ANDHRA PRADESH",Agriculture,"Packaging labourers, agriculture
",@,@
2711,2025-2026,May,"ANDHRA PRADESH",Agriculture,"General agricultural labourers (including watering/irrigation workers, etc.)
",601.84,442.12
2712,2025-2026,May,"ANDHRA PRADESH",Agriculture,"Plant protection workers (applying pesticides, treating seeds, etc.
",906.8,-
2713,2025-2026,May,ASSAM,Agriculture,"Ploughing/Tilling workers",514.59,@
2714,2025-2026,May,ASSAM,Agriculture,"Sowing(including Planting/Transplanting/ Weeding) workers)
",413.17,375.24
2715,2025-2026,May,ASSAM,Agriculture,"Harvesting/Winnowing/Threshing workers
",462.13,388.72
2716,2025-2026,May,ASSAM,Agriculture,"Picking workers (including Tea, Cotton, Tobacco and other commercial crops)
",@,@
2717,2025-2026,May,ASSAM,Agriculture,"Horticulture workers (including nursery growers)
",436.01,340
2718,2025-2026,May,ASSAM,Agriculture,"Fishermen-inland
",517.62,-
2719,2025-2026,May,ASSAM,Agriculture,"Fishermen-coastal/deep-sea
",-,-
2720,2025-2026,May,ASSAM,Agriculture,"Loggers and wood cutters
",470.79,-
2721,2025-2026,May,ASSAM,Agriculture,"Animal husbandry workers (including poultry workers, dairy workers & herdsman)
",445.14,473
2722,2025-2026,May,ASSAM,Agriculture,"Packaging labourers, agriculture
",@,@
2723,2025-2026,May,ASSAM,Agriculture,"General agricultural labourers (including watering/irrigation workers, etc.)
",404.81,361.88
2724,2025-2026,May,ASSAM,Agriculture,"Plant protection workers (applying pesticides, treating seeds, etc.
",437.29,@
2725,2024-2025,May,ASSAM,Agriculture,"Ploughing/Tilling workers",460.74,@
2726,2024-2025,May,ASSAM,Agriculture,"Sowing(including Planting/Transplanting/ Weeding) workers)
",432.31,350.74
2727,2024-2025,May,ASSAM,Agriculture,"Harvesting/Winnowing/Threshing workers
",414.26,332.78
2728,2024-2025,May,ASSAM,Agriculture,"Picking workers (including Tea, Cotton, Tobacco and other commercial crops)
",@,@
2729,2024-2025,May,ASSAM,Agriculture,"Horticulture workers (including nursery growers)
",-,342.22
2730,2024-2025,May,ASSAM,Agriculture,"Fishermen-inland
",-,-
2731,2024-2025,May,ASSAM,Agriculture,"Fishermen-coastal/deep-sea
",-,-
2732,2024-2025,May,ASSAM,Agriculture,"Loggers and wood cutters
",398.00,-
2733,2024-2025,May,ASSAM,Agriculture,"Animal husbandry workers (including poultry workers, dairy workers & herdsman)
",310.00,-
2734,2024-2025,May,ASSAM,Agriculture,"Packaging labourers, agriculture
",406.00,@
2735,2024-2025,May,ASSAM,Agriculture,"General agricultural labourers (including watering/irrigation workers, etc.)
",408.42,378.67
2736,2024-2025,May,ASSAM,Agriculture,"Plant protection workers (applying pesticides, treating seeds, etc.
",@,@
2737,2024-2025,May,BIHAR,Agriculture,"Ploughing/Tilling workers",434.25,-
2738,2024-2025,May,BIHAR,Agriculture,"Sowing(including Planting/Transplanting/ Weeding) workers)
",404.81,348.91
2739,2024-2025,May,BIHAR,Agriculture,"Harvesting/Winnowing/Threshing workers
",401.19,355.46
2740,2024-2025,May,BIHAR,Agriculture,"Picking workers (including Tea, Cotton, Tobacco and other commercial crops)
",376.90,@
2741,2024-2025,May,BIHAR,Agriculture,"Horticulture workers (including nursery growers)
",322.17,294.52
2742,2024-2025,May,BIHAR,Agriculture,"Fishermen-inland
",393.33,-
2743,2024-2025,May,BIHAR,Agriculture,"Fishermen-coastal/deep-sea
",-,-
2744,2024-2025,May,BIHAR,Agriculture,"Loggers and wood cutters
",506.26,-
2745,2024-2025,May,BIHAR,Agriculture,"Animal husbandry workers (including poultry workers, dairy workers & herdsman)
",325.95,328.33
2746,2024-2025,May,BIHAR,Agriculture,"Packaging labourers, agriculture
",360.38,341.67
2747,2024-2025,May,BIHAR,Agriculture,"General agricultural labourers (including watering/irrigation workers, etc.)
",382.35,336.17
2748,2024-2025,May,BIHAR,Agriculture,"Plant protection workers (applying pesticides, treating seeds, etc.
",405.36,@
2749,2025-2026,May,BIHAR,Agriculture,"Ploughing/Tilling workers",449.64,330
2750,2025-2026,May,BIHAR,Agriculture,"Sowing(including Planting/Transplanting/ Weeding) workers)
",399.82,341.75
2751,2025-2026,May,BIHAR,Agriculture,"Harvesting/Winnowing/Threshing workers
",397.49,342.14
2752,2025-2026,May,BIHAR,Agriculture,"Picking workers (including Tea, Cotton, Tobacco and other commercial crops)
",@,@
2753,2025-2026,May,BIHAR,Agriculture,"Horticulture workers (including nursery growers)
",344.44,291.67
2754,2025-2026,May,BIHAR,Agriculture,"Fishermen-inland
",450,-
2755,2025-2026,May,BIHAR,Agriculture,"Fishermen-coastal/deep-sea
",-,-
2756,2025-2026,May,BIHAR,Agriculture,"Loggers and wood cutters
",527.52,-
2757,2025-2026,May,BIHAR,Agriculture,"Animal husbandry workers (including poultry workers, dairy workers & herdsman)
",378.4,@
2758,2025-2026,May,BIHAR,Agriculture,"Packaging labourers, agriculture
",350,295.83
2759,2025-2026,May,BIHAR,Agriculture,"General agricultural labourers (including watering/irrigation workers, etc.)
",384.47,300
2760,2025-2026,May,BIHAR,Agriculture,"Plant protection workers (applying pesticides, treating seeds, etc.
",389.22,282.14
2761,2025-2026,May,GUJARAT,Agriculture,"Ploughing/Tilling workers",411.49,390.83
2762,2025-2026,May,GUJARAT,Agriculture,"Sowing(including Planting/Transplanting/ Weeding) workers)
",346.13,338.15
2763,2025-2026,May,GUJARAT,Agriculture,"Harvesting/Winnowing/Threshing workers
",348.61,337.65
2764,2025-2026,May,GUJARAT,Agriculture,"Picking workers (including Tea, Cotton, Tobacco and other commercial crops)
",348.1,335.52
2765,2025-2026,May,GUJARAT,Agriculture,"Horticulture workers (including nursery growers)
",294.29,292
2766,2025-2026,May,GUJARAT,Agriculture,"Fishermen-inland
",@,@
2767,2025-2026,May,GUJARAT,Agriculture,"Fishermen-coastal/deep-sea
",-,-
2768,2025-2026,May,GUJARAT,Agriculture,"Loggers and wood cutters
",419.25,368.57
2769,2025-2026,May,GUJARAT,Agriculture,"Animal husbandry workers (including poultry workers, dairy workers & herdsman)
",331.04,292.22
2770,2025-2026,May,GUJARAT,Agriculture,"Packaging labourers, agriculture
",358.24,348.33
2771,2025-2026,May,GUJARAT,Agriculture,"General agricultural labourers (including watering/irrigation workers, etc.)
",334.7,297.63
2772,2025-2026,May,GUJARAT,Agriculture,"Plant protection workers (applying pesticides, treating seeds, etc.
",362.41,327.22
2773,2024-2025,May,GUJARAT,Agriculture,"Ploughing/Tilling workers",356.03,298.00
2774,2024-2025,May,GUJARAT,Agriculture,"Sowing(including Planting/Transplanting/ Weeding) workers)
",317.33,307.24
2775,2024-2025,May,GUJARAT,Agriculture,"Harvesting/Winnowing/Threshing workers
",319.83,315.50
2776,2024-2025,May,GUJARAT,Agriculture,"Picking workers (including Tea, Cotton, Tobacco and other commercial crops)
",309.80,307.80
2777,2024-2025,May,GUJARAT,Agriculture,"Horticulture workers (including nursery growers)
",231.43,235.00
2778,2024-2025,May,GUJARAT,Agriculture,"Fishermen-inland
",@,-
2779,2024-2025,May,GUJARAT,Agriculture,"Fishermen-coastal/deep-sea
",-,-
2780,2024-2025,May,GUJARAT,Agriculture,"Loggers and wood cutters
",393.46,@
2781,2024-2025,May,GUJARAT,Agriculture,"Animal husbandry workers (including poultry workers, dairy workers & herdsman)
",269.55,@
2782,2024-2025,May,GUJARAT,Agriculture,"Packaging labourers, agriculture
",261.43,@
2783,2024-2025,May,GUJARAT,Agriculture,"General agricultural labourers (including watering/irrigation workers, etc.)
",292.37,294.41
2784,2024-2025,May,GUJARAT,Agriculture,"Plant protection workers (applying pesticides, treating seeds, etc.
",290.00,-
2785,2024-2025,May,HARYANA,Agriculture,"Ploughing/Tilling workers",527.25,@
2786,2024-2025,May,HARYANA,Agriculture,"Sowing(including Planting/Transplanting/ Weeding) workers)
",534.00,495.36
2787,2024-2025,May,HARYANA,Agriculture,"Harvesting/Winnowing/Threshing workers
",544.82,507.80
2788,2024-2025,May,HARYANA,Agriculture,"Picking workers (including Tea, Cotton, Tobacco and other commercial crops)
",543.33,533.33
2789,2024-2025,May,HARYANA,Agriculture,"Horticulture workers (including nursery growers)
",@,@
2790,2024-2025,May,HARYANA,Agriculture,"Fishermen-inland
",-,-
2791,2024-2025,May,HARYANA,Agriculture,"Fishermen-coastal/deep-sea
",-,-
2792,2024-2025,May,HARYANA,Agriculture,"Loggers and wood cutters
",524.00,-
2793,2024-2025,May,HARYANA,Agriculture,"Animal husbandry workers (including poultry workers, dairy workers & herdsman)
",506.67,@
2794,2024-2025,May,HARYANA,Agriculture,"Packaging labourers, agriculture
",@,@
2795,2024-2025,May,HARYANA,Agriculture,"General agricultural labourers (including watering/irrigation workers, etc.)
",536.08,507.17
2796,2024-2025,May,HARYANA,Agriculture,"Plant protection workers (applying pesticides, treating seeds, etc.
",535.38,-
2797,2025-2026,May,HARYANA,Agriculture,"Ploughing/Tilling workers",601.62,@
2798,2025-2026,May,HARYANA,Agriculture,"Sowing(including Planting/Transplanting/ Weeding) workers)
",615.4299999999999,552.5
2799,2025-2026,May,HARYANA,Agriculture,"Harvesting/Winnowing/Threshing workers
",577.33,436.4
2800,2025-2026,May,HARYANA,Agriculture,"Picking workers (including Tea, Cotton, Tobacco and other commercial crops)
",520,520
2801,2025-2026,May,HARYANA,Agriculture,"Horticulture workers (including nursery growers)
",@,@
2802,2025-2026,May,HARYANA,Agriculture,"Fishermen-inland
",-,-
2803,2025-2026,May,HARYANA,Agriculture,"Fishermen-coastal/deep-sea
",-,-
2804,2025-2026,May,HARYANA,Agriculture,"Loggers and wood cutters
",516.25,-
2805,2025-2026,May,HARYANA,Agriculture,"Animal husbandry workers (including poultry workers, dairy workers & herdsman)
",438,400
2806,2025-2026,May,HARYANA,Agriculture,"Packaging labourers, agriculture
",591,608.5700000000001
2807,2025-2026,May,HARYANA,Agriculture,"General agricultural labourers (including watering/irrigation workers, etc.)
",590.1900000000001,502.67
2808,2025-2026,May,HARYANA,Agriculture,"Plant protection workers (applying pesticides, treating seeds, etc.
",585.4299999999999,@
2809,2025-2026,May,"HIMACHAL PRADESH",Agriculture,"Ploughing/Tilling workers",777.78,@
2810,2025-2026,May,"HIMACHAL PRADESH",Agriculture,"Sowing(including Planting/Transplanting/ Weeding) workers)
",580,568.89
2811,2025-2026,May,"HIMACHAL PRADESH",Agriculture,"Harvesting/Winnowing/Threshing workers
",532.5,511.43
2812,2025-2026,May,"HIMACHAL PRADESH",Agriculture,"Picking workers (including Tea, Cotton, Tobacco and other commercial crops)
",-,-
2813,2025-2026,May,"HIMACHAL PRADESH",Agriculture,"Horticulture workers (including nursery growers)
",538,538
2814,2025-2026,May,"HIMACHAL PRADESH",Agriculture,"Fishermen-inland
",@,-
2815,2025-2026,May,"HIMACHAL PRADESH",Agriculture,"Fishermen-coastal/deep-sea
",-,-
2816,2025-2026,May,"HIMACHAL PRADESH",Agriculture,"Loggers and wood cutters
",661.25,@
2817,2025-2026,May,"HIMACHAL PRADESH",Agriculture,"Animal husbandry workers (including poultry workers, dairy workers & herdsman)
",@,@
2818,2025-2026,May,"HIMACHAL PRADESH",Agriculture,"Packaging labourers, agriculture
",@,@
2819,2025-2026,May,"HIMACHAL PRADESH",Agriculture,"General agricultural labourers (including watering/irrigation workers, etc.)
",532.73,540
2820,2025-2026,May,"HIMACHAL PRADESH",Agriculture,"Plant protection workers (applying pesticides, treating seeds, etc.
",691.67,@
2821,2024-2025,May,"HIMACHAL PRADESH",Agriculture,"Ploughing/Tilling workers",618.57,-
2822,2024-2025,May,"HIMACHAL PRADESH",Agriculture,"Sowing(including Planting/Transplanting/ Weeding) workers)
",518.33,@
2823,2024-2025,May,"HIMACHAL PRADESH",Agriculture,"Harvesting/Winnowing/Threshing workers
",538.00,@
2824,2024-2025,May,"HIMACHAL PRADESH",Agriculture,"Picking workers (including Tea, Cotton, Tobacco and other commercial crops)
",-,-
2825,2024-2025,May,"HIMACHAL PRADESH",Agriculture,"Horticulture workers (including nursery growers)
",506.00,@
2826,2024-2025,May,"HIMACHAL PRADESH",Agriculture,"Fishermen-inland
",-,-
2827,2024-2025,May,"HIMACHAL PRADESH",Agriculture,"Fishermen-coastal/deep-sea
",-,-
2828,2024-2025,May,"HIMACHAL PRADESH",Agriculture,"Loggers and wood cutters
",578.00,-
2829,2024-2025,May,"HIMACHAL PRADESH",Agriculture,"Animal husbandry workers (including poultry workers, dairy workers & herdsman)
",@,@
2830,2024-2025,May,"HIMACHAL PRADESH",Agriculture,"Packaging labourers, agriculture
",@,@
2831,2024-2025,May,"HIMACHAL PRADESH",Agriculture,"General agricultural labourers (including watering/irrigation workers, etc.)
",516.00,@
2832,2024-2025,May,"HIMACHAL PRADESH",Agriculture,"Plant protection workers (applying pesticides, treating seeds, etc.
",@,-
2833,2024-2025,May,"JAMMU & KASHMIR
",Agriculture,"Ploughing/Tilling workers",731.82,-
2834,2024-2025,May,"JAMMU & KASHMIR
",Agriculture,"Sowing(including Planting/Transplanting/ Weeding) workers)
",645.26,@
2835,2024-2025,May,"JAMMU & KASHMIR
",Agriculture,"Harvesting/Winnowing/Threshing workers
",648.00,@
2836,2024-2025,May,"JAMMU & KASHMIR
",Agriculture,"Picking workers (including Tea, Cotton, Tobacco and other commercial crops)
",@,-
2837,2024-2025,May,"JAMMU & KASHMIR
",Agriculture,"Horticulture workers (including nursery growers)
",648.75,-
2838,2024-2025,May,"JAMMU & KASHMIR
",Agriculture,"Fishermen-inland
",-,-
2839,2024-2025,May,"JAMMU & KASHMIR
",Agriculture,"Fishermen-coastal/deep-sea
",-,-
2840,2024-2025,May,"JAMMU & KASHMIR
",Agriculture,"Loggers and wood cutters
",644.50,-
2841,2024-2025,May,"JAMMU & KASHMIR
",Agriculture,"Animal husbandry workers (including poultry workers, dairy workers & herdsman)
",570.00,-
2842,2024-2025,May,"JAMMU & KASHMIR
",Agriculture,"Packaging labourers, agriculture
",668.57,-
2843,2024-2025,May,"JAMMU & KASHMIR
",Agriculture,"General agricultural labourers (including watering/irrigation workers, etc.)
",609.00,@
2844,2024-2025,May,"JAMMU & KASHMIR
",Agriculture,"Plant protection workers (applying pesticides, treating seeds, etc.
",656.67,-
2845,2025-2026,May,"JAMMU & KASHMIR
",Agriculture,"Ploughing/Tilling workers",749.55,-
2846,2025-2026,May,"JAMMU & KASHMIR
",Agriculture,"Sowing(including Planting/Transplanting/ Weeding) workers)
",672,@
2847,2025-2026,May,"JAMMU & KASHMIR
",Agriculture,"Harvesting/Winnowing/Threshing workers
",677,640
2848,2025-2026,May,"JAMMU & KASHMIR
",Agriculture,"Picking workers (including Tea, Cotton, Tobacco and other commercial crops)
",692.86,-
2849,2025-2026,May,"JAMMU & KASHMIR
",Agriculture,"Horticulture workers (including nursery growers)
",660.77,-
2850,2025-2026,May,"JAMMU & KASHMIR
",Agriculture,"Fishermen-inland
",-,-
2851,2025-2026,May,"JAMMU & KASHMIR
",Agriculture,"Fishermen-coastal/deep-sea
",-,-
2852,2025-2026,May,"JAMMU & KASHMIR
",Agriculture,"Loggers and wood cutters
",776,-
2853,2025-2026,May,"JAMMU & KASHMIR
",Agriculture,"Animal husbandry workers (including poultry workers, dairy workers & herdsman)
",467.9,-
2854,2025-2026,May,"JAMMU & KASHMIR
",Agriculture,"Packaging labourers, agriculture
",718.1799999999999,-
2855,2025-2026,May,"JAMMU & KASHMIR
",Agriculture,"General agricultural labourers (including watering/irrigation workers, etc.)
",605.5599999999999,-
2856,2025-2026,May,"JAMMU & KASHMIR
",Agriculture,"Plant protection workers (applying pesticides, treating seeds, etc.
",687.5,-
2857,2025-2026,May,KARNATAKA,Agriculture,"Ploughing/Tilling workers",637.58,@
2858,2025-2026,May,KARNATAKA,Agriculture,"Sowing(including Planting/Transplanting/ Weeding) workers)
",571.75,427.52
2859,2025-2026,May,KARNATAKA,Agriculture,"Harvesting/Winnowing/Threshing workers
",558.08,418.79
2860,2025-2026,May,KARNATAKA,Agriculture,"Picking workers (including Tea, Cotton, Tobacco and other commercial crops)
",486.43,354
2861,2025-2026,May,KARNATAKA,Agriculture,"Horticulture workers (including nursery growers)
",546.3,350.91
2862,2025-2026,May,KARNATAKA,Agriculture,"Fishermen-inland
",@,-
2863,2025-2026,May,KARNATAKA,Agriculture,"Fishermen-coastal/deep-sea
",-,-
2864,2025-2026,May,KARNATAKA,Agriculture,"Loggers and wood cutters
",621.98,-
2865,2025-2026,May,KARNATAKA,Agriculture,"Animal husbandry workers (including poultry workers, dairy workers & herdsman)
",536.92,@
2866,2025-2026,May,KARNATAKA,Agriculture,"Packaging labourers, agriculture
",508.75,402
2867,2025-2026,May,KARNATAKA,Agriculture,"General agricultural labourers (including watering/irrigation workers, etc.)
",526.27,404.09
2868,2025-2026,May,KARNATAKA,Agriculture,"Plant protection workers (applying pesticides, treating seeds, etc.
",489.06,423.33
2869,2024-2025,May,KARNATAKA,Agriculture,"Ploughing/Tilling workers",526.02,283.33
2870,2024-2025,May,KARNATAKA,Agriculture,"Sowing(including Planting/Transplanting/ Weeding) workers)
",488.67,357.50
2871,2024-2025,May,KARNATAKA,Agriculture,"Harvesting/Winnowing/Threshing workers
",483.33,343.67
2872,2024-2025,May,KARNATAKA,Agriculture,"Picking workers (including Tea, Cotton, Tobacco and other commercial crops)
",463.75,315.71
2873,2024-2025,May,KARNATAKA,Agriculture,"Horticulture workers (including nursery growers)
",501.54,367.00
2874,2024-2025,May,KARNATAKA,Agriculture,"Fishermen-inland
",@,-
2875,2024-2025,May,KARNATAKA,Agriculture,"Fishermen-coastal/deep-sea
",@,-
2876,2024-2025,May,KARNATAKA,Agriculture,"Loggers and wood cutters
",551.76,-
2877,2024-2025,May,KARNATAKA,Agriculture,"Animal husbandry workers (including poultry workers, dairy workers & herdsman)
",427.00,344.29
2878,2024-2025,May,KARNATAKA,Agriculture,"Packaging labourers, agriculture
",479.17,@
2879,2024-2025,May,KARNATAKA,Agriculture,"General agricultural labourers (including watering/irrigation workers, etc.)
",480.37,346.00
2880,2024-2025,May,KARNATAKA,Agriculture,"Plant protection workers (applying pesticides, treating seeds, etc.
",461.92,-
2881,2024-2025,May,KERALA,Agriculture,"Ploughing/Tilling workers",946.03,@
2882,2024-2025,May,KERALA,Agriculture,"Sowing(including Planting/Transplanting/ Weeding) workers)
",948.52,661.92
2883,2024-2025,May,KERALA,Agriculture,"Harvesting/Winnowing/Threshing workers
",840.00,674.58
2884,2024-2025,May,KERALA,Agriculture,"Picking workers (including Tea, Cotton, Tobacco and other commercial crops)
",-,@
2885,2024-2025,May,KERALA,Agriculture,"Horticulture workers (including nursery growers)
",@,@
2886,2024-2025,May,KERALA,Agriculture,"Fishermen-inland
",-,-
2887,2024-2025,May,KERALA,Agriculture,"Fishermen-coastal/deep-sea
",-,-
2888,2024-2025,May,KERALA,Agriculture,"Loggers and wood cutters
",1128.57,-
2889,2024-2025,May,KERALA,Agriculture,"Animal husbandry workers (including poultry workers, dairy workers & herdsman)
",690.80,-
2890,2024-2025,May,KERALA,Agriculture,"Packaging labourers, agriculture
",-,-
2891,2024-2025,May,KERALA,Agriculture,"General agricultural labourers (including watering/irrigation workers, etc.)
",880.36,637.50
2892,2024-2025,May,KERALA,Agriculture,"Plant protection workers (applying pesticides, treating seeds, etc.
",767.00,-
2893,2025-2026,May,KERALA,Agriculture,"Ploughing/Tilling workers",1033.33,-
2894,2025-2026,May,KERALA,Agriculture,"Sowing(including Planting/Transplanting/ Weeding) workers)
",871.15,645.83
2895,2025-2026,May,KERALA,Agriculture,"Harvesting/Winnowing/Threshing workers
",870.98,723.27
2896,2025-2026,May,KERALA,Agriculture,"Picking workers (including Tea, Cotton, Tobacco and other commercial crops)
",-,@
2897,2025-2026,May,KERALA,Agriculture,"Horticulture workers (including nursery growers)
",775,@
2898,2025-2026,May,KERALA,Agriculture,"Fishermen-inland
",-,-
2899,2025-2026,May,KERALA,Agriculture,"Fishermen-coastal/deep-sea
",-,-
2900,2025-2026,May,KERALA,Agriculture,"Loggers and wood cutters
",1055.56,-
2901,2025-2026,May,KERALA,Agriculture,"Animal husbandry workers (including poultry workers, dairy workers & herdsman)
",695.83,-
2902,2025-2026,May,KERALA,Agriculture,"Packaging labourers, agriculture
",902.5,693.75
2903,2025-2026,May,KERALA,Agriculture,"General agricultural labourers (including watering/irrigation workers, etc.)
",862.8099999999999,677.27
2904,2025-2026,May,KERALA,Agriculture,"Plant protection workers (applying pesticides, treating seeds, etc.
",824.49,@
2905,2025-2026,May,"MADHYA PRADESH",Agriculture,"Ploughing/Tilling workers",384.67,307.14
2906,2025-2026,May,"MADHYA PRADESH",Agriculture,"Sowing(including Planting/Transplanting/ Weeding) workers)
",365,307.35
2907,2025-2026,May,"MADHYA PRADESH",Agriculture,"Harvesting/Winnowing/Threshing workers
",366.28,318.44
2908,2025-2026,May,"MADHYA PRADESH",Agriculture,"Picking workers (including Tea, Cotton, Tobacco and other commercial crops)
",397.92,357.71
2909,2025-2026,May,"MADHYA PRADESH",Agriculture,"Horticulture workers (including nursery growers)
",300,285.71
2910,2025-2026,May,"MADHYA PRADESH",Agriculture,"Fishermen-inland
",-,-
2911,2025-2026,May,"MADHYA PRADESH",Agriculture,"Fishermen-coastal/deep-sea
",-,-
2912,2025-2026,May,"MADHYA PRADESH",Agriculture,"Loggers and wood cutters
",418.82,290
2913,2025-2026,May,"MADHYA PRADESH",Agriculture,"Animal husbandry workers (including poultry workers, dairy workers & herdsman)
",275.36,245.56
2914,2025-2026,May,"MADHYA PRADESH",Agriculture,"Packaging labourers, agriculture
",@,@
2915,2025-2026,May,"MADHYA PRADESH",Agriculture,"General agricultural labourers (including watering/irrigation workers, etc.)
",336.3,290
2916,2025-2026,May,"MADHYA PRADESH",Agriculture,"Plant protection workers (applying pesticides, treating seeds, etc.
",378.72,@
2917,2024-2025,May,"MADHYA PRADESH",Agriculture,"Ploughing/Tilling workers",321.15,244.29
2918,2024-2025,May,"MADHYA PRADESH",Agriculture,"Sowing(including Planting/Transplanting/ Weeding) workers)
",294.32,260.08
2919,2024-2025,May,"MADHYA PRADESH",Agriculture,"Harvesting/Winnowing/Threshing workers
",302.69,262.24
2920,2024-2025,May,"MADHYA PRADESH",Agriculture,"Picking workers (including Tea, Cotton, Tobacco and other commercial crops)
",295.45,256.36
2921,2024-2025,May,"MADHYA PRADESH",Agriculture,"Horticulture workers (including nursery growers)
",257.00,230.00
2922,2024-2025,May,"MADHYA PRADESH",Agriculture,"Fishermen-inland
",@,-
2923,2024-2025,May,"MADHYA PRADESH",Agriculture,"Fishermen-coastal/deep-sea
",-,-
2924,2024-2025,May,"MADHYA PRADESH",Agriculture,"Loggers and wood cutters
",268.57,@
2925,2024-2025,May,"MADHYA PRADESH",Agriculture,"Animal husbandry workers (including poultry workers, dairy workers & herdsman)
",233.55,202.86
2926,2024-2025,May,"MADHYA PRADESH",Agriculture,"Packaging labourers, agriculture
",252.22,223.33
2927,2024-2025,May,"MADHYA PRADESH",Agriculture,"General agricultural labourers (including watering/irrigation workers, etc.)
",266.35,230.49
2928,2024-2025,May,"MADHYA PRADESH",Agriculture,"Plant protection workers (applying pesticides, treating seeds, etc.
",301.14,250.00
2929,2024-2025,May,MAHARASHTRA,Agriculture,"Ploughing/Tilling workers",432.73,320.00
2930,2024-2025,May,MAHARASHTRA,Agriculture,"Sowing(including Planting/Transplanting/ Weeding) workers)
",404.95,297.01
2931,2024-2025,May,MAHARASHTRA,Agriculture,"Harvesting/Winnowing/Threshing workers
",416.55,301.56
2932,2024-2025,May,MAHARASHTRA,Agriculture,"Picking workers (including Tea, Cotton, Tobacco and other commercial crops)
",347.96,295.80
2933,2024-2025,May,MAHARASHTRA,Agriculture,"Horticulture workers (including nursery growers)
",419.23,303.85
2934,2024-2025,May,MAHARASHTRA,Agriculture,"Fishermen-inland
",@,-
2935,2024-2025,May,MAHARASHTRA,Agriculture,"Fishermen-coastal/deep-sea
",@,@
2936,2024-2025,May,MAHARASHTRA,Agriculture,"Loggers and wood cutters
",466.78,@
2937,2024-2025,May,MAHARASHTRA,Agriculture,"Animal husbandry workers (including poultry workers, dairy workers & herdsman)
",324.80,291.11
2938,2024-2025,May,MAHARASHTRA,Agriculture,"Packaging labourers, agriculture
",358.00,264.29
2939,2024-2025,May,MAHARASHTRA,Agriculture,"General agricultural labourers (including watering/irrigation workers, etc.)
",360.48,258.57
2940,2024-2025,May,MAHARASHTRA,Agriculture,"Plant protection workers (applying pesticides, treating seeds, etc.
",401.94,274.00
2941,2025-2026,May,MAHARASHTRA,Agriculture,"Ploughing/Tilling workers",431.36,363.33
2942,2025-2026,May,MAHARASHTRA,Agriculture,"Sowing(including Planting/Transplanting/ Weeding) workers)
",406.98,308.14
2943,2025-2026,May,MAHARASHTRA,Agriculture,"Harvesting/Winnowing/Threshing workers
",427.63,325
2944,2025-2026,May,MAHARASHTRA,Agriculture,"Picking workers (including Tea, Cotton, Tobacco and other commercial crops)
",360,310.42
2945,2025-2026,May,MAHARASHTRA,Agriculture,"Horticulture workers (including nursery growers)
",441.95,326.27
2946,2025-2026,May,MAHARASHTRA,Agriculture,"Fishermen-inland
",523.8099999999999,@
2947,2025-2026,May,MAHARASHTRA,Agriculture,"Fishermen-coastal/deep-sea
",-,-
2948,2025-2026,May,MAHARASHTRA,Agriculture,"Loggers and wood cutters
",499.52,-
2949,2025-2026,May,MAHARASHTRA,Agriculture,"Animal husbandry workers (including poultry workers, dairy workers & herdsman)
",337.29,320.83
2950,2025-2026,May,MAHARASHTRA,Agriculture,"Packaging labourers, agriculture
",395.83,331.82
2951,2025-2026,May,MAHARASHTRA,Agriculture,"General agricultural labourers (including watering/irrigation workers, etc.)
",381.42,266.5
2952,2025-2026,May,MAHARASHTRA,Agriculture,"Plant protection workers (applying pesticides, treating seeds, etc.
",462.71,344
2953,2025-2026,May,"MANIPUR
",Agriculture,"Ploughing/Tilling workers",646,@
2954,2025-2026,May,"MANIPUR
",Agriculture,"Sowing(including Planting/Transplanting/ Weeding) workers)
",642.14,532.14
2955,2025-2026,May,"MANIPUR
",Agriculture,"Harvesting/Winnowing/Threshing workers
",637.14,532.14
2956,2025-2026,May,"MANIPUR
",Agriculture,"Picking workers (including Tea, Cotton, Tobacco and other commercial crops)
",432.14,402.14
2957,2025-2026,May,"MANIPUR
",Agriculture,"Horticulture workers (including nursery growers)
",428.57,398.57
2958,2025-2026,May,"MANIPUR
",Agriculture,"Fishermen-inland
",393.57,363.57
2959,2025-2026,May,"MANIPUR
",Agriculture,"Fishermen-coastal/deep-sea
",-,-
2960,2025-2026,May,"MANIPUR
",Agriculture,"Loggers and wood cutters
",493.57,-
2961,2025-2026,May,"MANIPUR
",Agriculture,"Packaging labourers, agriculture
",-,-
2962,2025-2026,May,"MANIPUR
",Agriculture,"General agricultural labourers (including watering/irrigation workers, etc.)
",-,-
2963,2025-2026,May,"MANIPUR
",Agriculture,"Plant protection workers (applying pesticides, treating seeds, etc.
",657.14,657.14
2964,2025-2026,May,"MANIPUR
",Agriculture,"Animal husbandry workers (including poultry workers, dairy workers & herdsman)
",428.57,418.57
2965,2024-2025,May,"MANIPUR
",Agriculture,"Ploughing/Tilling workers",371.43,-
2966,2024-2025,May,"MANIPUR
",Agriculture,"Sowing(including Planting/Transplanting/ Weeding) workers)
",356.11,328.12
2967,2024-2025,May,"MANIPUR
",Agriculture,"Harvesting/Winnowing/Threshing workers
",347.14,338.57
2968,2024-2025,May,"MANIPUR
",Agriculture,"Picking workers (including Tea, Cotton, Tobacco and other commercial crops)
",-,-
2969,2024-2025,May,"MANIPUR
",Agriculture,"Horticulture workers (including nursery growers)
",@,@
2970,2024-2025,May,"MANIPUR
",Agriculture,"Fishermen-inland
",-,-
2971,2024-2025,May,"MANIPUR
",Agriculture,"Fishermen-coastal/deep-sea
",-,-
2972,2024-2025,May,"MANIPUR
",Agriculture,"Loggers and wood cutters
",@,-
2973,2024-2025,May,"MANIPUR
",Agriculture,"Animal husbandry workers (including poultry workers, dairy workers & herdsman)
",354.00,-
2974,2024-2025,May,"MANIPUR
",Agriculture,"Packaging labourers, agriculture
",@,-
2975,2024-2025,May,"MANIPUR
",Agriculture,"General agricultural labourers (including watering/irrigation workers, etc.)
",@,-
2976,2024-2025,May,"MANIPUR
",Agriculture,"Plant protection workers (applying pesticides, treating seeds, etc.
",@,-
2977,2024-2025,May,"MEGHALAYA
",Agriculture,"Ploughing/Tilling workers",374.29,204.00
2978,2024-2025,May,"MEGHALAYA
",Agriculture,"Sowing(including Planting/Transplanting/ Weeding) workers)
",343.50,210.75
2979,2024-2025,May,"MEGHALAYA
",Agriculture,"Harvesting/Winnowing/Threshing workers
",353.88,204.88
2980,2024-2025,May,"MEGHALAYA
",Agriculture,"Picking workers (including Tea, Cotton, Tobacco and other commercial crops)
",@,@
2981,2024-2025,May,"MEGHALAYA
",Agriculture,"Horticulture workers (including nursery growers)
",@,@
2982,2024-2025,May,"MEGHALAYA
",Agriculture,"Fishermen-inland
",-,-
2983,2024-2025,May,"MEGHALAYA
",Agriculture,"Fishermen-coastal/deep-sea
",-,-
2984,2024-2025,May,"MEGHALAYA
",Agriculture,"Loggers and wood cutters
",@,-
2985,2024-2025,May,"MEGHALAYA
",Agriculture,"Animal husbandry workers (including poultry workers, dairy workers & herdsman)
",313.88,@
2986,2024-2025,May,"MEGHALAYA
",Agriculture,"Packaging labourers, agriculture
",@,-
2987,2024-2025,May,"MEGHALAYA
",Agriculture,"General agricultural labourers (including watering/irrigation workers, etc.)
",335.17,203.17
2988,2024-2025,May,"MEGHALAYA
",Agriculture,"Plant protection workers (applying pesticides, treating seeds, etc.
",-,-
2989,2025-2026,May,"MEGHALAYA
",Agriculture,"Ploughing/Tilling workers",543.75,@
2990,2025-2026,May,"MEGHALAYA
",Agriculture,"Sowing(including Planting/Transplanting/ Weeding) workers)
",489.29,337.86
2991,2025-2026,May,"MEGHALAYA
",Agriculture,"Harvesting/Winnowing/Threshing workers
",487.3,316.07
2992,2025-2026,May,"MEGHALAYA
",Agriculture,"Picking workers (including Tea, Cotton, Tobacco and other commercial crops)
",-,-
2993,2025-2026,May,"MEGHALAYA
",Agriculture,"Horticulture workers (including nursery growers)
",@,@
2994,2025-2026,May,"MEGHALAYA
",Agriculture,"Fishermen-inland
",-,-
2995,2025-2026,May,"MEGHALAYA
",Agriculture,"Fishermen-coastal/deep-sea
",-,-
2996,2025-2026,May,"MEGHALAYA
",Agriculture,"Loggers and wood cutters
",452.04,-
2997,2025-2026,May,"MEGHALAYA
",Agriculture,"Packaging labourers, agriculture
",-,-
2998,2025-2026,May,"MEGHALAYA
",Agriculture,"General agricultural labourers (including watering/irrigation workers, etc.)
",@,@
2999,2025-2026,May,"MEGHALAYA
",Agriculture,"Plant protection workers (applying pesticides, treating seeds, etc.
",-,-
3000,2025-2026,May,"MEGHALAYA
",Agriculture,"Animal husbandry workers (including poultry workers, dairy workers & herdsman)
",@,@
3001,2025-2026,May,"ODISHA
",Agriculture,"Ploughing/Tilling workers",524.03,-
3002,2025-2026,May,"ODISHA
",Agriculture,"Sowing(including Planting/Transplanting/ Weeding) workers)
",486.92,411.18
3003,2025-2026,May,"ODISHA
",Agriculture,"Harvesting/Winnowing/Threshing workers
",408.33,334.52
3004,2025-2026,May,"ODISHA
",Agriculture,"Picking workers (including Tea, Cotton, Tobacco and other commercial crops)
",-,-
3005,2025-2026,May,"ODISHA
",Agriculture,"Horticulture workers (including nursery growers)
",378.89,300.48
3006,2025-2026,May,"ODISHA
",Agriculture,"Fishermen-inland
",412.5,-
3007,2025-2026,May,"ODISHA
",Agriculture,"Fishermen-coastal/deep-sea
",-,-
3008,2025-2026,May,"ODISHA
",Agriculture,"Loggers and wood cutters
",498.51,-
3009,2025-2026,May,"ODISHA
",Agriculture,"Packaging labourers, agriculture
",341.18,@
3010,2025-2026,May,"ODISHA
",Agriculture,"General agricultural labourers (including watering/irrigation workers, etc.)
",420.11,396.17
3011,2025-2026,May,"ODISHA
",Agriculture,"Plant protection workers (applying pesticides, treating seeds, etc.
",420,-
3012,2025-2026,May,"ODISHA
",Agriculture,"Animal husbandry workers (including poultry workers, dairy workers & herdsman)
",354.21,329.17
3013,2024-2025,May,"ODISHA
",Agriculture,"Ploughing/Tilling workers",392.69,317.62
3014,2024-2025,May,"ODISHA
",Agriculture,"Sowing(including Planting/Transplanting/ Weeding) workers)
",399.46,343.79
3015,2024-2025,May,"ODISHA
",Agriculture,"Harvesting/Winnowing/Threshing workers
",393.91,347.74
3016,2024-2025,May,"ODISHA
",Agriculture,"Picking workers (including Tea, Cotton, Tobacco and other commercial crops)
",314.00,@
3017,2024-2025,May,"ODISHA
",Agriculture,"Horticulture workers (including nursery growers)
",@,@
3018,2024-2025,May,"ODISHA
",Agriculture,"Fishermen-inland
",254.00,-
3019,2024-2025,May,"ODISHA
",Agriculture,"Fishermen-coastal/deep-sea
",@,-
3020,2024-2025,May,"ODISHA
",Agriculture,"Loggers and wood cutters
",329.76,-
3021,2024-2025,May,"ODISHA
",Agriculture,"Animal husbandry workers (including poultry workers, dairy workers & herdsman)
",274.67,207.50
3022,2024-2025,May,"ODISHA
",Agriculture,"Packaging labourers, agriculture
",@,-
3023,2024-2025,May,"ODISHA
",Agriculture,"General agricultural labourers (including watering/irrigation workers, etc.)
",393.97,341.72
3024,2024-2025,May,"ODISHA
",Agriculture,"Plant protection workers (applying pesticides, treating seeds, etc.
",296.67,@
3025,2024-2025,May,"PUNJAB
",Agriculture,"Ploughing/Tilling workers",455.11,@
3026,2024-2025,May,"PUNJAB
",Agriculture,"Sowing(including Planting/Transplanting/ Weeding) workers)
",448.00,392.67
3027,2024-2025,May,"PUNJAB
",Agriculture,"Harvesting/Winnowing/Threshing workers
",453.00,@
3028,2024-2025,May,"PUNJAB
",Agriculture,"Picking workers (including Tea, Cotton, Tobacco and other commercial crops)
",404.00,@
3029,2024-2025,May,"PUNJAB
",Agriculture,"Horticulture workers (including nursery growers)
",@,-
3030,2024-2025,May,"PUNJAB
",Agriculture,"Fishermen-inland
",-,-
3031,2024-2025,May,"PUNJAB
",Agriculture,"Fishermen-coastal/deep-sea
",-,-
3032,2024-2025,May,"PUNJAB
",Agriculture,"Loggers and wood cutters
",@,-
3033,2024-2025,May,"PUNJAB
",Agriculture,"Animal husbandry workers (including poultry workers, dairy workers & herdsman)
",362.61,@
3034,2024-2025,May,"PUNJAB
",Agriculture,"Packaging labourers, agriculture
",411.67,@
3035,2024-2025,May,"PUNJAB
",Agriculture,"General agricultural labourers (including watering/irrigation workers, etc.)
",442.00,-
3036,2024-2025,May,"PUNJAB
",Agriculture,"Plant protection workers (applying pesticides, treating seeds, etc.
",414.29,-
3037,2025-2026,May,"PUNJAB
",Agriculture,"Ploughing/Tilling workers",487.5,@
3038,2025-2026,May,"PUNJAB
",Agriculture,"Sowing(including Planting/Transplanting/ Weeding) workers)
",478.18,438.75
3039,2025-2026,May,"PUNJAB
",Agriculture,"Harvesting/Winnowing/Threshing workers
",492.78,441.43
3040,2025-2026,May,"PUNJAB
",Agriculture,"Picking workers (including Tea, Cotton, Tobacco and other commercial crops)
",430,@
3041,2025-2026,May,"PUNJAB
",Agriculture,"Horticulture workers (including nursery growers)
",@,-
3042,2025-2026,May,"PUNJAB
",Agriculture,"Fishermen-inland
",-,-
3043,2025-2026,May,"PUNJAB
",Agriculture,"Fishermen-coastal/deep-sea
",-,-
3044,2025-2026,May,"PUNJAB
",Agriculture,"Loggers and wood cutters
",494,-
3045,2025-2026,May,"PUNJAB
",Agriculture,"Packaging labourers, agriculture
",458.75,@
3046,2025-2026,May,"PUNJAB
",Agriculture,"General agricultural labourers (including watering/irrigation workers, etc.)
",456.67,@
3047,2025-2026,May,"PUNJAB
",Agriculture,"Plant protection workers (applying pesticides, treating seeds, etc.
",483.68,-
3048,2025-2026,May,"PUNJAB
",Agriculture,"Animal husbandry workers (including poultry workers, dairy workers & herdsman)
",427.22,@
3049,2025-2026,May,RAJASTHAN,Agriculture,"Ploughing/Tilling workers",537.5,412.86
3050,2025-2026,May,RAJASTHAN,Agriculture,"Sowing(including Planting/Transplanting/ Weeding) workers)
",465.48,383.33
3051,2025-2026,May,RAJASTHAN,Agriculture,"Harvesting/Winnowing/Threshing workers
",481.11,438.02
3052,2025-2026,May,RAJASTHAN,Agriculture,"Picking workers (including Tea, Cotton, Tobacco and other commercial crops)
",427,395
3053,2025-2026,May,RAJASTHAN,Agriculture,"Horticulture workers (including nursery growers)
",426,@
3054,2025-2026,May,RAJASTHAN,Agriculture,"Fishermen-inland
",-,-
3055,2025-2026,May,RAJASTHAN,Agriculture,"Fishermen-coastal/deep-sea
",-,-
3056,2025-2026,May,RAJASTHAN,Agriculture,"Loggers and wood cutters
",505.79,-
3057,2025-2026,May,RAJASTHAN,Agriculture,"Packaging labourers, agriculture
",397.86,416.67
3058,2025-2026,May,RAJASTHAN,Agriculture,"General agricultural labourers (including watering/irrigation workers, etc.)
",438.97,368.18
3059,2025-2026,May,RAJASTHAN,Agriculture,"Plant protection workers (applying pesticides, treating seeds, etc.
",475.38,-
3060,2025-2026,May,RAJASTHAN,Agriculture,"Animal husbandry workers (including poultry workers, dairy workers & herdsman)
",410.77,@
3061,2024-2025,May,RAJASTHAN,Agriculture,"Ploughing/Tilling workers",414.29,@
3062,2024-2025,May,RAJASTHAN,Agriculture,"Sowing(including Planting/Transplanting/ Weeding) workers)
",430.71,395.56
3063,2024-2025,May,RAJASTHAN,Agriculture,"Harvesting/Winnowing/Threshing workers
",486.15,439.17
3064,2024-2025,May,RAJASTHAN,Agriculture,"Picking workers (including Tea, Cotton, Tobacco and other commercial crops)
",@,@
3065,2024-2025,May,RAJASTHAN,Agriculture,"Horticulture workers (including nursery growers)
",@,-
3066,2024-2025,May,RAJASTHAN,Agriculture,"Fishermen-inland
",-,-
3067,2024-2025,May,RAJASTHAN,Agriculture,"Fishermen-coastal/deep-sea
",-,-
3068,2024-2025,May,RAJASTHAN,Agriculture,"Loggers and wood cutters
",408.33,-
3069,2024-2025,May,RAJASTHAN,Agriculture,"Animal husbandry workers (including poultry workers, dairy workers & herdsman)
",@,@
3070,2024-2025,May,RAJASTHAN,Agriculture,"Packaging labourers, agriculture
",@,@
3071,2024-2025,May,RAJASTHAN,Agriculture,"General agricultural labourers (including watering/irrigation workers, etc.)
",420.00,373.08
3072,2024-2025,May,RAJASTHAN,Agriculture,"Plant protection workers (applying pesticides, treating seeds, etc.
",448.33,@
3073,2024-2025,May,"TAMIL NADU",Agriculture,"Ploughing/Tilling workers",718.96,@
3074,2024-2025,May,"TAMIL NADU",Agriculture,"Sowing(including Planting/Transplanting/ Weeding) workers)
",614.52,397.88
3075,2024-2025,May,"TAMIL NADU",Agriculture,"Harvesting/Winnowing/Threshing workers
",585.28,396.14
3076,2024-2025,May,"TAMIL NADU",Agriculture,"Picking workers (including Tea, Cotton, Tobacco and other commercial crops)
",@,363.33
3077,2024-2025,May,"TAMIL NADU",Agriculture,"Horticulture workers (including nursery growers)
",@,@
3078,2024-2025,May,"TAMIL NADU",Agriculture,"Fishermen-inland
",-,-
3079,2024-2025,May,"TAMIL NADU",Agriculture,"Fishermen-coastal/deep-sea
",-,-
3080,2024-2025,May,"TAMIL NADU",Agriculture,"Loggers and wood cutters
",650.00,@
3081,2024-2025,May,"TAMIL NADU",Agriculture,"Animal husbandry workers (including poultry workers, dairy workers & herdsman)
",701.81,@
3082,2024-2025,May,"TAMIL NADU",Agriculture,"Packaging labourers, agriculture
",@,@
3083,2024-2025,May,"TAMIL NADU",Agriculture,"General agricultural labourers (including watering/irrigation workers, etc.)
",583.01,372.37
3084,2024-2025,May,"TAMIL NADU",Agriculture,"Plant protection workers (applying pesticides, treating seeds, etc.
",710.88,@
3085,2025-2026,May,"TAMIL NADU",Agriculture,"Ploughing/Tilling workers",753.89,@
3086,2025-2026,May,"TAMIL NADU",Agriculture,"Sowing(including Planting/Transplanting/ Weeding) workers)
",719.21,470.62
3087,2025-2026,May,"TAMIL NADU",Agriculture,"Harvesting/Winnowing/Threshing workers
",660.99,433.65
3088,2025-2026,May,"TAMIL NADU",Agriculture,"Picking workers (including Tea, Cotton, Tobacco and other commercial crops)
",@,520.71
3089,2025-2026,May,"TAMIL NADU",Agriculture,"Horticulture workers (including nursery growers)
",@,453.89
3090,2025-2026,May,"TAMIL NADU",Agriculture,"Fishermen-inland
",@,-
3091,2025-2026,May,"TAMIL NADU",Agriculture,"Fishermen-coastal/deep-sea
",-,-
3092,2025-2026,May,"TAMIL NADU",Agriculture,"Loggers and wood cutters
",736.9,-
3093,2025-2026,May,"TAMIL NADU",Agriculture,"Packaging labourers, agriculture
",@,@
3094,2025-2026,May,"TAMIL NADU",Agriculture,"General agricultural labourers (including watering/irrigation workers, etc.)
",639.66,385.73
3095,2025-2026,May,"TAMIL NADU",Agriculture,"Plant protection workers (applying pesticides, treating seeds, etc.
",902.6799999999999,-
3096,2025-2026,May,"TAMIL NADU",Agriculture,"Animal husbandry workers (including poultry workers, dairy workers & herdsman)
",622.68,386.90
3097,2025-2026,May,TRIPURA,Agriculture,"Ploughing/Tilling workers",520,-
3098,2025-2026,May,TRIPURA,Agriculture,"Sowing(including Planting/Transplanting/ Weeding) workers)
",520,-
3099,2025-2026,May,TRIPURA,Agriculture,"Harvesting/Winnowing/Threshing workers
",520,-
3100,2025-2026,May,TRIPURA,Agriculture,"Picking workers (including Tea, Cotton, Tobacco and other commercial crops)
",-,-
3101,2025-2026,May,TRIPURA,Agriculture,"Horticulture workers (including nursery growers)
",@,-
3102,2025-2026,May,TRIPURA,Agriculture,"Fishermen-inland
",-,-
3103,2025-2026,May,TRIPURA,Agriculture,"Fishermen-coastal/deep-sea
",-,-
3104,2025-2026,May,TRIPURA,Agriculture,"Loggers and wood cutters
",590,-
3105,2025-2026,May,TRIPURA,Agriculture,"Packaging labourers, agriculture
",-,-
3106,2025-2026,May,TRIPURA,Agriculture,"General agricultural labourers (including watering/irrigation workers, etc.)
",490,-
3107,2025-2026,May,TRIPURA,Agriculture,"Plant protection workers (applying pesticides, treating seeds, etc.
",-,-
3108,2025-2026,May,TRIPURA,Agriculture,"Animal husbandry workers (including poultry workers, dairy workers & herdsman)
",420.00,-
3109,2024-2025,May,TRIPURA,Agriculture,"Ploughing/Tilling workers",420.00,-
3110,2024-2025,May,TRIPURA,Agriculture,"Sowing(including Planting/Transplanting/ Weeding) workers)
",420.00,-
3111,2024-2025,May,TRIPURA,Agriculture,"Harvesting/Winnowing/Threshing workers
",431.11,-
3112,2024-2025,May,TRIPURA,Agriculture,"Picking workers (including Tea, Cotton, Tobacco and other commercial crops)
",-,-
3113,2024-2025,May,TRIPURA,Agriculture,"Horticulture workers (including nursery growers)
",-,-
3114,2024-2025,May,TRIPURA,Agriculture,"Fishermen-inland
",-,-
3115,2024-2025,May,TRIPURA,Agriculture,"Fishermen-coastal/deep-sea
",-,-
3116,2024-2025,May,TRIPURA,Agriculture,"Loggers and wood cutters
",502.22,-
3117,2024-2025,May,TRIPURA,Agriculture,"Animal husbandry workers (including poultry workers, dairy workers & herdsman)
",320.00,-
3118,2024-2025,May,TRIPURA,Agriculture,"Packaging labourers, agriculture
",-,-
3119,2024-2025,May,TRIPURA,Agriculture,"General agricultural labourers (including watering/irrigation workers, etc.)
",401.11,-
3120,2024-2025,May,TRIPURA,Agriculture,"Plant protection workers (applying pesticides, treating seeds, etc.
",-,-
3121,2024-2025,May,"UTTAR PRADESH",Agriculture,"Ploughing/Tilling workers",374.47,337.31
3122,2024-2025,May,"UTTAR PRADESH",Agriculture,"Sowing(including Planting/Transplanting/ Weeding) workers)
",382.46,337.29
3123,2024-2025,May,"UTTAR PRADESH",Agriculture,"Harvesting/Winnowing/Threshing workers
",394.91,354.59
3124,2024-2025,May,"UTTAR PRADESH",Agriculture,"Picking workers (including Tea, Cotton, Tobacco and other commercial crops)
",360.00,312.50
3125,2024-2025,May,"UTTAR PRADESH",Agriculture,"Horticulture workers (including nursery growers)
",@,@
3126,2024-2025,May,"UTTAR PRADESH",Agriculture,"Fishermen-inland
",-,-
3127,2024-2025,May,"UTTAR PRADESH",Agriculture,"Fishermen-coastal/deep-sea
",-,-
3128,2024-2025,May,"UTTAR PRADESH",Agriculture,"Loggers and wood cutters
",407.06,@
3129,2024-2025,May,"UTTAR PRADESH",Agriculture,"Animal husbandry workers (including poultry workers, dairy workers & herdsman)
",331.67,@
3130,2024-2025,May,"UTTAR PRADESH",Agriculture,"Packaging labourers, agriculture
",330.00,304.00
3131,2024-2025,May,"UTTAR PRADESH",Agriculture,"General agricultural labourers (including watering/irrigation workers, etc.)
",367.39,308.26
3132,2024-2025,May,"UTTAR PRADESH",Agriculture,"Plant protection workers (applying pesticides, treating seeds, etc.
",410.00,@
3133,2025-2026,May,"UTTAR PRADESH",Agriculture,"Ploughing/Tilling workers",448.61,452.5
3134,2025-2026,May,"UTTAR PRADESH",Agriculture,"Sowing(including Planting/Transplanting/ Weeding) workers)
",395.7,340.82
3135,2025-2026,May,"UTTAR PRADESH",Agriculture,"Harvesting/Winnowing/Threshing workers
",394.39,334.89
3136,2025-2026,May,"UTTAR PRADESH",Agriculture,"Picking workers (including Tea, Cotton, Tobacco and other commercial crops)
",340,290
3137,2025-2026,May,"UTTAR PRADESH",Agriculture,"Horticulture workers (including nursery growers)
",437.14,365.71
3138,2025-2026,May,"UTTAR PRADESH",Agriculture,"Fishermen-inland
",578.33,-
3139,2025-2026,May,"UTTAR PRADESH",Agriculture,"Fishermen-coastal/deep-sea
",-,-
3140,2025-2026,May,"UTTAR PRADESH",Agriculture,"Loggers and wood cutters
",526.67,-
3141,2025-2026,May,"UTTAR PRADESH",Agriculture,"Packaging labourers, agriculture
",421.05,377.78
3142,2025-2026,May,"UTTAR PRADESH",Agriculture,"General agricultural labourers (including watering/irrigation workers, etc.)
",403.26,337.71
3143,2025-2026,May,"UTTAR PRADESH",Agriculture,"Plant protection workers (applying pesticides, treating seeds, etc.
",493.33,@
3144,2025-2026,May,"UTTAR PRADESH",Agriculture,"Animal husbandry workers (including poultry workers, dairy workers & herdsman)
",413.75,414.17
3145,2025-2026,May,"WEST BENGAL",Agriculture,"Ploughing/Tilling workers",471.75,347.52
3146,2025-2026,May,"WEST BENGAL",Agriculture,"Sowing(including Planting/Transplanting/ Weeding) workers)
",420.35,383.87
3147,2025-2026,May,"WEST BENGAL",Agriculture,"Harvesting/Winnowing/Threshing workers
",423.39,386.16
3148,2025-2026,May,"WEST BENGAL",Agriculture,"Picking workers (including Tea, Cotton, Tobacco and other commercial crops)
",343.24,@
3149,2025-2026,May,"WEST BENGAL",Agriculture,"Horticulture workers (including nursery growers)
",384.87,309.71
3150,2025-2026,May,"WEST BENGAL",Agriculture,"Fishermen-inland
",605.9400000000001,-
3151,2025-2026,May,"WEST BENGAL",Agriculture,"Fishermen-coastal/deep-sea
",-,-
3152,2025-2026,May,"WEST BENGAL",Agriculture,"Loggers and wood cutters
",532.48,-
3153,2025-2026,May,"WEST BENGAL",Agriculture,"Packaging labourers, agriculture
",421.01,338.53
3154,2025-2026,May,"WEST BENGAL",Agriculture,"General agricultural labourers (including watering/irrigation workers, etc.)
",424.23,357.47
3155,2025-2026,May,"WEST BENGAL",Agriculture,"Plant protection workers (applying pesticides, treating seeds, etc.
",480,313.33
3156,2025-2026,May,"WEST BENGAL",Agriculture,"Animal husbandry workers (including poultry workers, dairy workers & herdsman)
",373.23,@
3157,2024-2025,May,"WEST BENGAL",Agriculture,"Ploughing/Tilling workers",461.32,@
3158,2024-2025,May,"WEST BENGAL",Agriculture,"Sowing(including Planting/Transplanting/ Weeding) workers)
",373.09,327.50
3159,2024-2025,May,"WEST BENGAL",Agriculture,"Harvesting/Winnowing/Threshing workers
",381.45,336.24
3160,2024-2025,May,"WEST BENGAL",Agriculture,"Picking workers (including Tea, Cotton, Tobacco and other commercial crops)
",-,@
3161,2024-2025,May,"WEST BENGAL",Agriculture,"Horticulture workers (including nursery growers)
",417.00,412.00
3162,2024-2025,May,"WEST BENGAL",Agriculture,"Fishermen-inland
",568.21,-
3163,2024-2025,May,"WEST BENGAL",Agriculture,"Fishermen-coastal/deep-sea
",@,-
3164,2024-2025,May,"WEST BENGAL",Agriculture,"Loggers and wood cutters
",495.82,-
3165,2024-2025,May,"WEST BENGAL",Agriculture,"Animal husbandry workers (including poultry workers, dairy workers & herdsman)
",329.77,277.41
3166,2024-2025,May,"WEST BENGAL",Agriculture,"Packaging labourers, agriculture
",421.67,@
3167,2024-2025,May,"WEST BENGAL",Agriculture,"General agricultural labourers (including watering/irrigation workers, etc.)
",385.90,356.69
3168,2024-2025,May,"WEST BENGAL",Agriculture,"Plant protection workers (applying pesticides, treating seeds, etc.
",444.75,308.12
3169,2025-2026,May,"Andaman and Nicobar Islands",Agriculture,"Ploughing/Tilling workers",680,680
3170,2025-2026,May,"Andaman and Nicobar Islands",Agriculture,"Sowing(including Planting/Transplanting/ Weeding) workers)
",800,800
3171,2025-2026,May,"Andaman and Nicobar Islands",Agriculture,"Harvesting/Winnowing/Threshing workers
",840,853.33
3172,2025-2026,May,"Andaman and Nicobar Islands",Agriculture,"Picking workers (including Tea, Cotton, Tobacco and other commercial crops)
",-,-
3173,2025-2026,May,"Andaman and Nicobar Islands",Agriculture,"Horticulture workers (including nursery growers)
",@,-
3174,2025-2026,May,"Andaman and Nicobar Islands",Agriculture,"Fishermen-inland
",-,-
3175,2025-2026,May,"Andaman and Nicobar Islands",Agriculture,"Fishermen-coastal/deep-sea
",822.86,-
3176,2025-2026,May,"Andaman and Nicobar Islands",Agriculture,"Loggers and wood cutters
",-,-
3177,2025-2026,May,"Andaman and Nicobar Islands",Agriculture,"Animal husbandry workers (including poultry workers, dairy workers & herdsman)
",638.1,-
3178,2025-2026,May,"Andaman and Nicobar Islands",Agriculture,"Packaging labourers, agriculture
",-,-
3179,2025-2026,May,"Andaman and Nicobar Islands",Agriculture,"General agricultural labourers (including watering/irrigation workers, etc.)
",-,-
3180,2025-2026,May,"Andaman and Nicobar Islands",Agriculture,"Plant protection workers (applying pesticides, treating seeds, etc.
",-,-
3181,2025-2026,May,"Arunachal Pradesh",Agriculture,"Ploughing/Tilling workers",521.4299999999999,450
3182,2025-2026,May,"Arunachal Pradesh",Agriculture,"Sowing(including Planting/Transplanting/ Weeding) workers)
",528.5700000000001,428.57
3183,2025-2026,May,"Arunachal Pradesh",Agriculture,"Harvesting/Winnowing/Threshing workers
",500,425
3184,2025-2026,May,"Arunachal Pradesh",Agriculture,"Picking workers (including Tea, Cotton, Tobacco and other commercial crops)
",450,362.5
3185,2025-2026,May,"Arunachal Pradesh",Agriculture,"Horticulture workers (including nursery growers)
",550,@
3186,2025-2026,May,"Arunachal Pradesh",Agriculture,"Fishermen-inland
",-,-
3187,2025-2026,May,"Arunachal Pradesh",Agriculture,"Fishermen-coastal/deep-sea
",-,-
3188,2025-2026,May,"Arunachal Pradesh",Agriculture,"Loggers and wood cutters
",628.5700000000001,-
3189,2025-2026,May,"Arunachal Pradesh",Agriculture,"Animal husbandry workers (including poultry workers, dairy workers & herdsman)
",@,@
3190,2025-2026,May,"Arunachal Pradesh",Agriculture,"Packaging labourers, agriculture
",@,@
3191,2025-2026,May,"Arunachal Pradesh",Agriculture,"General agricultural labourers (including watering/irrigation workers, etc.)
",471.43,@
3192,2025-2026,May,"Arunachal Pradesh",Agriculture,"Plant protection workers (applying pesticides, treating seeds, etc.
",728.5700000000001,@
3193,2025-2026,May,Chhattisgarh,Agriculture,"Ploughing/Tilling workers",361.76,292
3194,2025-2026,May,Chhattisgarh,Agriculture,"Sowing(including Planting/Transplanting/ Weeding) workers)
",300.37,244.81
3195,2025-2026,May,Chhattisgarh,Agriculture,"Harvesting/Winnowing/Threshing workers
",278.95,232.63
3196,2025-2026,May,Chhattisgarh,Agriculture,"Picking workers (including Tea, Cotton, Tobacco and other commercial crops)
",@,@
3197,2025-2026,May,Chhattisgarh,Agriculture,"Horticulture workers (including nursery growers)
",264.29,@
3198,2025-2026,May,Chhattisgarh,Agriculture,"Fishermen-inland
",@,-
3199,2025-2026,May,Chhattisgarh,Agriculture,"Fishermen-coastal/deep-sea
",-,-
3200,2025-2026,May,Chhattisgarh,Agriculture,"Loggers and wood cutters
",370,@
3201,2025-2026,May,Chhattisgarh,Agriculture,"Animal husbandry workers (including poultry workers, dairy workers & herdsman)
",291.82,225.38
3202,2025-2026,May,Chhattisgarh,Agriculture,"Packaging labourers, agriculture
",@,@
3203,2025-2026,May,Chhattisgarh,Agriculture,"General agricultural labourers (including watering/irrigation workers, etc.)
",280,228.33
3204,2025-2026,May,Chhattisgarh,Agriculture,"Plant protection workers (applying pesticides, treating seeds, etc.
",279.05,220
3205,2025-2026,May,"Daman and Diu, Dadra Nagar and Haveli",Agriculture,"Ploughing/Tilling workers",526.67,@
3206,2025-2026,May,"Daman and Diu, Dadra Nagar and Haveli",Agriculture,"Sowing(including Planting/Transplanting/ Weeding) workers)
",416.88,441.11
3207,2025-2026,May,"Daman and Diu, Dadra Nagar and Haveli",Agriculture,"Harvesting/Winnowing/Threshing workers
",416.88,441.11
3208,2025-2026,May,"Daman and Diu, Dadra Nagar and Haveli",Agriculture,"Picking workers (including Tea, Cotton, Tobacco and other commercial crops)
",-,-
3209,2025-2026,May,"Daman and Diu, Dadra Nagar and Haveli",Agriculture,"Horticulture workers (including nursery growers)
",@,-
3210,2025-2026,May,"Daman and Diu, Dadra Nagar and Haveli",Agriculture,"Fishermen-inland
",@,-
3211,2025-2026,May,"Daman and Diu, Dadra Nagar and Haveli",Agriculture,"Fishermen-coastal/deep-sea
",622,-
3212,2025-2026,May,"Daman and Diu, Dadra Nagar and Haveli",Agriculture,"Loggers and wood cutters
",535,-
3213,2025-2026,May,"Daman and Diu, Dadra Nagar and Haveli",Agriculture,"Animal husbandry workers (including poultry workers, dairy workers & herdsman)
",@,@
3214,2025-2026,May,"Daman and Diu, Dadra Nagar and Haveli",Agriculture,"Packaging labourers, agriculture
",@,@
3215,2025-2026,May,"Daman and Diu, Dadra Nagar and Haveli",Agriculture,"General agricultural labourers (including watering/irrigation workers, etc.)
",395.71,@
3216,2025-2026,May,"Daman and Diu, Dadra Nagar and Haveli",Agriculture,"Plant protection workers (applying pesticides, treating seeds, etc.
",@,-
3217,2025-2026,May,Delhi,Agriculture,"Ploughing/Tilling workers",712.5,-
3218,2025-2026,May,Delhi,Agriculture,"Sowing(including Planting/Transplanting/ Weeding) workers)
",543.75,500
3219,2025-2026,May,Delhi,Agriculture,"Harvesting/Winnowing/Threshing workers
",531.25,500
3220,2025-2026,May,Delhi,Agriculture,"Picking workers (including Tea, Cotton, Tobacco and other commercial crops)
",-,-
3221,2025-2026,May,Delhi,Agriculture,"Horticulture workers (including nursery growers)
",-,-
3222,2025-2026,May,Delhi,Agriculture,"Fishermen-inland
",-,-
3223,2025-2026,May,Delhi,Agriculture,"Fishermen-coastal/deep-sea
",-,-
3224,2025-2026,May,Delhi,Agriculture,"Loggers and wood cutters
",-,-
3225,2025-2026,May,Delhi,Agriculture,"Animal husbandry workers (including poultry workers, dairy workers & herdsman)
",-,-
3226,2025-2026,May,Delhi,Agriculture,"Packaging labourers, agriculture
",-,-
3227,2025-2026,May,Delhi,Agriculture,"General agricultural labourers (including watering/irrigation workers, etc.)
",-,-
3228,2025-2026,May,Delhi,Agriculture,"Plant protection workers (applying pesticides, treating seeds, etc.
",-,-
3229,2025-2026,May,Goa,Agriculture,"Ploughing/Tilling workers",650,-
3230,2025-2026,May,Goa,Agriculture,"Sowing(including Planting/Transplanting/ Weeding) workers)
",-,-
3231,2025-2026,May,Goa,Agriculture,"Harvesting/Winnowing/Threshing workers
",812.5,575
3232,2025-2026,May,Goa,Agriculture,"Picking workers (including Tea, Cotton, Tobacco and other commercial crops)
",575,387.5
3233,2025-2026,May,Goa,Agriculture,"Horticulture workers (including nursery growers)
",-,-
3234,2025-2026,May,Goa,Agriculture,"Fishermen-inland
",-,-
3235,2025-2026,May,Goa,Agriculture,"Fishermen-coastal/deep-sea
",-,-
3236,2025-2026,May,Goa,Agriculture,"Loggers and wood cutters
",-,-
3237,2025-2026,May,Goa,Agriculture,"Animal husbandry workers (including poultry workers, dairy workers & herdsman)
",-,-
3238,2025-2026,May,Goa,Agriculture,"Packaging labourers, agriculture
",-,-
3239,2025-2026,May,Goa,Agriculture,"General agricultural labourers (including watering/irrigation workers, etc.)
",575,400
3240,2025-2026,May,Goa,Agriculture,"Plant protection workers (applying pesticides, treating seeds, etc.
",437.5,-
3241,2025-2026,May,Jharkhand,Agriculture,"Ploughing/Tilling workers",386.25,@
3242,2025-2026,May,Jharkhand,Agriculture,"Sowing(including Planting/Transplanting/ Weeding) workers)
",349.44,326.11
3243,2025-2026,May,Jharkhand,Agriculture,"Harvesting/Winnowing/Threshing workers
",348.5,298.47
3244,2025-2026,May,Jharkhand,Agriculture,"Picking workers (including Tea, Cotton, Tobacco and other commercial crops)
",-,-
3245,2025-2026,May,Jharkhand,Agriculture,"Horticulture workers (including nursery growers)
",@,@
3246,2025-2026,May,Jharkhand,Agriculture,"Fishermen-inland
",489,-
3247,2025-2026,May,Jharkhand,Agriculture,"Fishermen-coastal/deep-sea
",-,-
3248,2025-2026,May,Jharkhand,Agriculture,"Loggers and wood cutters
",394,@
3249,2025-2026,May,Jharkhand,Agriculture,"Animal husbandry workers (including poultry workers, dairy workers & herdsman)
",348.22,-
3250,2025-2026,May,Jharkhand,Agriculture,"Packaging labourers, agriculture
",@,@
3251,2025-2026,May,Jharkhand,Agriculture,"General agricultural labourers (including watering/irrigation workers, etc.)
",317.89,293.53
3252,2025-2026,May,Jharkhand,Agriculture,"Plant protection workers (applying pesticides, treating seeds, etc.
",398.79,@
3253,2025-2026,May,Lakshadweep,Agriculture,"Ploughing/Tilling workers",@,-
3254,2025-2026,May,Lakshadweep,Agriculture,"Sowing(including Planting/Transplanting/ Weeding) workers)
",-,-
3255,2025-2026,May,Lakshadweep,Agriculture,"Harvesting/Winnowing/Threshing workers
",870,-
3256,2025-2026,May,Lakshadweep,Agriculture,"Picking workers (including Tea, Cotton, Tobacco and other commercial crops)
",-,-
3257,2025-2026,May,Lakshadweep,Agriculture,"Horticulture workers (including nursery growers)
",-,-
3258,2025-2026,May,Lakshadweep,Agriculture,"Fishermen-inland
",-,-
3259,2025-2026,May,Lakshadweep,Agriculture,"Fishermen-coastal/deep-sea
",746,-
3260,2025-2026,May,Lakshadweep,Agriculture,"Loggers and wood cutters
",431,-
3261,2025-2026,May,Lakshadweep,Agriculture,"Animal husbandry workers (including poultry workers, dairy workers & herdsman)
",550,-
3262,2025-2026,May,Lakshadweep,Agriculture,"Packaging labourers, agriculture
",-,-
3263,2025-2026,May,Lakshadweep,Agriculture,"General agricultural labourers (including watering/irrigation workers, etc.)
",-,-
3264,2025-2026,May,Lakshadweep,Agriculture,"Plant protection workers (applying pesticides, treating seeds, etc.
",-,-
3265,2025-2026,May,Mizoram,Agriculture,"Ploughing/Tilling workers",587.5,487.5
3266,2025-2026,May,Mizoram,Agriculture,"Sowing(including Planting/Transplanting/ Weeding) workers)
",587.5,487.5
3267,2025-2026,May,Mizoram,Agriculture,"Harvesting/Winnowing/Threshing workers
",587.5,487.5
3268,2025-2026,May,Mizoram,Agriculture,"Picking workers (including Tea, Cotton, Tobacco and other commercial crops)
",587.5,487.5
3269,2025-2026,May,Mizoram,Agriculture,"Horticulture workers (including nursery growers)
",587.5,503.75
3270,2025-2026,May,Mizoram,Agriculture,"Fishermen-inland
",587.5,-
3271,2025-2026,May,Mizoram,Agriculture,"Fishermen-coastal/deep-sea
",-,-
3272,2025-2026,May,Mizoram,Agriculture,"Loggers and wood cutters
",818.75,-
3273,2025-2026,May,Mizoram,Agriculture,"Packaging labourers, agriculture
",575,468.75
3274,2025-2026,May,Mizoram,Agriculture,"General agricultural labourers (including watering/irrigation workers, etc.)
",587.5,487.5
3275,2025-2026,May,Mizoram,Agriculture,"Plant protection workers (applying pesticides, treating seeds, etc.
",587.5,487.5
3276,2025-2026,May,Mizoram,Agriculture,"Animal husbandry workers (including poultry workers, dairy workers & herdsman)
",587.50,500.00
3277,2025-2026,May,Nagaland,Agriculture,"Ploughing/Tilling workers",502.08,429.17
3278,2025-2026,May,Nagaland,Agriculture,"Sowing(including Planting/Transplanting/ Weeding) workers)
",502.08,429.17
3279,2025-2026,May,Nagaland,Agriculture,"Harvesting/Winnowing/Threshing workers
",536.01,458.04
3280,2025-2026,May,Nagaland,Agriculture,"Picking workers (including Tea, Cotton, Tobacco and other commercial crops)
",@,@
3281,2025-2026,May,Nagaland,Agriculture,"Horticulture workers (including nursery growers)
",560.54,483.67
3282,2025-2026,May,Nagaland,Agriculture,"Fishermen-inland
",@,-
3283,2025-2026,May,Nagaland,Agriculture,"Fishermen-coastal/deep-sea
",-,-
3284,2025-2026,May,Nagaland,Agriculture,"Loggers and wood cutters
",937.5,-
3285,2025-2026,May,Nagaland,Agriculture,"Packaging labourers, agriculture
",@,@
3286,2025-2026,May,Nagaland,Agriculture,"General agricultural labourers (including watering/irrigation workers, etc.)
",@,@
3287,2025-2026,May,Nagaland,Agriculture,"Plant protection workers (applying pesticides, treating seeds, etc.
",673.21,-
3288,2025-2026,May,Nagaland,Agriculture,"Animal husbandry workers (including poultry workers, dairy workers & herdsman)
",@,-
3289,2025-2026,May,Puducerry,Agriculture,"Ploughing/Tilling workers",-,-
3290,2025-2026,May,Puducerry,Agriculture,"Sowing(including Planting/Transplanting/ Weeding) workers)
",865,451.43
3291,2025-2026,May,Puducerry,Agriculture,"Harvesting/Winnowing/Threshing workers
",966.25,492
3292,2025-2026,May,Puducerry,Agriculture,"Picking workers (including Tea, Cotton, Tobacco and other commercial crops)
",-,333.33
3293,2025-2026,May,Puducerry,Agriculture,"Horticulture workers (including nursery growers)
",-,-
3294,2025-2026,May,Puducerry,Agriculture,"Fishermen-inland
",-,-
3295,2025-2026,May,Puducerry,Agriculture,"Fishermen-coastal/deep-sea
",-,-
3296,2025-2026,May,Puducerry,Agriculture,"Loggers and wood cutters
",906.25,-
3297,2025-2026,May,Puducerry,Agriculture,"Packaging labourers, agriculture
",604,302
3298,2025-2026,May,Puducerry,Agriculture,"General agricultural labourers (including watering/irrigation workers, etc.)
",691.67,352
3299,2025-2026,May,Puducerry,Agriculture,"Plant protection workers (applying pesticides, treating seeds, etc.
",615,@
3300,2025-2026,May,Puducerry,Agriculture,"Animal husbandry workers (including poultry workers, dairy workers & herdsman)
",-,-
3301,2025-2026,May,Sikkim,Agriculture,"Ploughing/Tilling workers",1544.64,-
3302,2025-2026,May,Sikkim,Agriculture,"Sowing(including Planting/Transplanting/ Weeding) workers)
",576.1900000000001,514.29
3303,2025-2026,May,Sikkim,Agriculture,"Harvesting/Winnowing/Threshing workers
",478.57,478.57
3304,2025-2026,May,Sikkim,Agriculture,"Picking workers (including Tea, Cotton, Tobacco and other commercial crops)
",-,-
3305,2025-2026,May,Sikkim,Agriculture,"Horticulture workers (including nursery growers)
",476.19,476.19
3306,2025-2026,May,Sikkim,Agriculture,"Fishermen-inland
",-,-
3307,2025-2026,May,Sikkim,Agriculture,"Fishermen-coastal/deep-sea
",-,-
3308,2025-2026,May,Sikkim,Agriculture,"Loggers and wood cutters
",855.36,-
3309,2025-2026,May,Sikkim,Agriculture,"Packaging labourers, agriculture
",-,-
3310,2025-2026,May,Sikkim,Agriculture,"General agricultural labourers (including watering/irrigation workers, etc.)
",478.57,468.57
3311,2025-2026,May,Sikkim,Agriculture,"Plant protection workers (applying pesticides, treating seeds, etc.
",-,-
3312,2025-2026,May,Sikkim,Agriculture,"Animal husbandry workers (including poultry workers, dairy workers & herdsman)
",-,-
3313,2025-2026,May,Telangana,Agriculture,"Ploughing/Tilling workers",682.59,@
3314,2025-2026,May,Telangana,Agriculture,"Sowing(including Planting/Transplanting/ Weeding) workers)
",579.29,385.17
3315,2025-2026,May,Telangana,Agriculture,"Harvesting/Winnowing/Threshing workers
",576.55,447.65
3316,2025-2026,May,Telangana,Agriculture,"Picking workers (including Tea, Cotton, Tobacco and other commercial crops)
",493.57,364.29
3317,2025-2026,May,Telangana,Agriculture,"Horticulture workers (including nursery growers)
",@,337.5
3318,2025-2026,May,Telangana,Agriculture,"Fishermen-inland
",-,-
3319,2025-2026,May,Telangana,Agriculture,"Fishermen-coastal/deep-sea
",-,-
3320,2025-2026,May,Telangana,Agriculture,"Loggers and wood cutters
",383.33,-
3321,2025-2026,May,Telangana,Agriculture,"Packaging labourers, agriculture
",@,-
3322,2025-2026,May,Telangana,Agriculture,"General agricultural labourers (including watering/irrigation workers, etc.)
",431.38,366.96
3323,2025-2026,May,Telangana,Agriculture,"Plant protection workers (applying pesticides, treating seeds, etc.
",400,-
3324,2025-2026,May,Telangana,Agriculture,"Animal husbandry workers (including poultry workers, dairy workers & herdsman)
",325.00,-
3325,2025-2026,May,Uttarakhand,Agriculture,"Ploughing/Tilling workers",600,480
3326,2025-2026,May,Uttarakhand,Agriculture,"Sowing(including Planting/Transplanting/ Weeding) workers)
",554.55,480
3327,2025-2026,May,Uttarakhand,Agriculture,"Harvesting/Winnowing/Threshing workers
",595,544.4400000000001
3328,2025-2026,May,Uttarakhand,Agriculture,"Picking workers (including Tea, Cotton, Tobacco and other commercial crops)
",-,-
3329,2025-2026,May,Uttarakhand,Agriculture,"Horticulture workers (including nursery growers)
",530,@
3330,2025-2026,May,Uttarakhand,Agriculture,"Fishermen-inland
",-,-
3331,2025-2026,May,Uttarakhand,Agriculture,"Fishermen-coastal/deep-sea
",-,-
3332,2025-2026,May,Uttarakhand,Agriculture,"Loggers and wood cutters
",655,-
3333,2025-2026,May,Uttarakhand,Agriculture,"Packaging labourers, agriculture
",@,@
3334,2025-2026,May,Uttarakhand,Agriculture,"General agricultural labourers (including watering/irrigation workers, etc.)
",511.11,391.67
3335,2025-2026,May,Uttarakhand,Agriculture,"Plant protection workers (applying pesticides, treating seeds, etc.
",@,-
3336,2025-2026,May,Uttarakhand,Agriculture,"Animal husbandry workers (including poultry workers, dairy workers & herdsman)
",478.57,@
3337,2025-2026,May,"All India",Agriculture,"Ploughing/Tilling workers",546.82,416.59
3338,2025-2026,May,"All India",Agriculture,"Sowing(including Planting/Transplanting/ Weeding) workers)
",480.37,392.61
3339,2025-2026,May,"All India",Agriculture,"Harvesting/Winnowing/Threshing workers
",490.23,397.70
3340,2025-2026,May,"All India",Agriculture,"Picking workers (including Tea, Cotton, Tobacco and other commercial crops)
",441.38,372.42
3341,2025-2026,May,"All India",Agriculture,"Horticulture workers (including nursery growers)
",465.45,375.47
3342,2025-2026,May,"All India",Agriculture,"Fishermen-inland
",512.80,341.18
3343,2025-2026,May,"All India",Agriculture,"Fishermen-coastal/deep-sea
",741.18,-
3344,2025-2026,May,"All India",Agriculture,"Loggers and wood cutters
",569.39,355.00
3345,2025-2026,May,"All India",Agriculture,"Animal husbandry workers (including poultry workers, dairy workers & herdsman)
",410.44,361.37
3346,2025-2026,May,"All India",Agriculture,"Packaging labourers, agriculture
",467.77,396.03
3347,2025-2026,May,"All India",Agriculture,"General agricultural labourers (including watering/irrigation workers, etc.)
",456.10,373.46
3348,2025-2026,May,"All India",Agriculture,"Plant protection workers (applying pesticides, treating seeds, etc.
",505.17,420.62
3349,2024-2025,May,"All India",Agriculture,"Ploughing/Tilling workers",461.05,323.32
3350,2024-2025,May,"All India",Agriculture,"Sowing(including Planting/Transplanting/ Weeding) workers)
",424.20,352.02
3351,2024-2025,May,"All India",Agriculture,"Harvesting/Winnowing/Threshing workers
",425.15,353.73
3352,2024-2025,May,"All India",Agriculture,"Picking workers (including Tea, Cotton, Tobacco and other commercial crops)
",388.84,340.96
3353,2024-2025,May,"All India",Agriculture,"Horticulture workers (including nursery growers)
",427.75,327.98
3354,2024-2025,May,"All India",Agriculture,"Fishermen-inland
",479.03,@
3355,2024-2025,May,"All India",Agriculture,"Fishermen-coastal/deep-sea
",458.00,@
3356,2024-2025,May,"All India",Agriculture,"Loggers and wood cutters
",506.46,312.58
3357,2024-2025,May,"All India",Agriculture,"Animal husbandry workers (including poultry workers, dairy workers & herdsman)
",336.13,268.13
3358,2024-2025,May,"All India",Agriculture,"Packaging labourers, agriculture
",391.34,329.26
3359,2024-2025,May,"All India",Agriculture,"General agricultural labourers (including watering/irrigation workers, etc.)
",415.57,331.35
3360,2024-2025,May,"All India",Agriculture,"Plant protection workers (applying pesticides, treating seeds, etc.
",464.70,309.74
3361,2024-2025,Jun,"ANDHRA PRADESH",Agriculture,"Ploughing/Tilling workers",656.13,@
3362,2024-2025,Jun,"ANDHRA PRADESH",Agriculture,"Sowing(including Planting/Transplanting/ Weeding) workers)
",540.66,416.87
3363,2024-2025,Jun,"ANDHRA PRADESH",Agriculture,"Harvesting/Winnowing/Threshing workers
",578.04,425.75
3364,2024-2025,Jun,"ANDHRA PRADESH",Agriculture,"Picking workers (including Tea, Cotton, Tobacco and other commercial crops)
",477.01,398.88
3365,2024-2025,Jun,"ANDHRA PRADESH",Agriculture,"Horticulture workers (including nursery growers)
",@,326.00
3366,2024-2025,Jun,"ANDHRA PRADESH",Agriculture,"Fishermen-inland
",@,@
3367,2024-2025,Jun,"ANDHRA PRADESH",Agriculture,"Fishermen-coastal/deep-sea
",-,-
3368,2024-2025,Jun,"ANDHRA PRADESH",Agriculture,"Loggers and wood cutters
",520.35,-
3369,2024-2025,Jun,"ANDHRA PRADESH",Agriculture,"Animal husbandry workers (including poultry workers, dairy workers & herdsman)
",348.46,@
3370,2024-2025,Jun,"ANDHRA PRADESH",Agriculture,"Packaging labourers, agriculture
",@,@
3371,2024-2025,Jun,"ANDHRA PRADESH",Agriculture,"General agricultural labourers (including watering/irrigation workers, etc.)
",474.10,343.24
3372,2024-2025,Jun,"ANDHRA PRADESH",Agriculture,"Plant protection workers (applying pesticides, treating seeds, etc.
",719.98,@
3373,2025-2026,Jun,"ANDHRA PRADESH",Agriculture,"Ploughing/Tilling workers",700.27,@
3374,2025-2026,Jun,"ANDHRA PRADESH",Agriculture,"Sowing(including Planting/Transplanting/ Weeding) workers)
",613.3099999999999,445.95
3375,2025-2026,Jun,"ANDHRA PRADESH",Agriculture,"Harvesting/Winnowing/Threshing workers
",630.84,412.95
3376,2025-2026,Jun,"ANDHRA PRADESH",Agriculture,"Picking workers (including Tea, Cotton, Tobacco and other commercial crops)
",460.39,406.53
3377,2025-2026,Jun,"ANDHRA PRADESH",Agriculture,"Horticulture workers (including nursery growers)
",583.36,444.95
3378,2025-2026,Jun,"ANDHRA PRADESH",Agriculture,"Fishermen-inland
",@,-
3379,2025-2026,Jun,"ANDHRA PRADESH",Agriculture,"Fishermen-coastal/deep-sea
",-,-
3380,2025-2026,Jun,"ANDHRA PRADESH",Agriculture,"Loggers and wood cutters
",631.14,-
3381,2025-2026,Jun,"ANDHRA PRADESH",Agriculture,"Animal husbandry workers (including poultry workers, dairy workers & herdsman)
",@,@
3382,2025-2026,Jun,"ANDHRA PRADESH",Agriculture,"Packaging labourers, agriculture
",@,@
3383,2025-2026,Jun,"ANDHRA PRADESH",Agriculture,"General agricultural labourers (including watering/irrigation workers, etc.)
",601.84,442.12
3384,2025-2026,Jun,"ANDHRA PRADESH",Agriculture,"Plant protection workers (applying pesticides, treating seeds, etc.
",906.8,-
3385,2025-2026,Jun,ASSAM,Agriculture,"Ploughing/Tilling workers",514.59,@
3386,2025-2026,Jun,ASSAM,Agriculture,"Sowing(including Planting/Transplanting/ Weeding) workers)
",418.99,386.56
3387,2025-2026,Jun,ASSAM,Agriculture,"Harvesting/Winnowing/Threshing workers
",471.97,387.48
3388,2025-2026,Jun,ASSAM,Agriculture,"Picking workers (including Tea, Cotton, Tobacco and other commercial crops)
",@,@
3389,2025-2026,Jun,ASSAM,Agriculture,"Horticulture workers (including nursery growers)
",444.43,340
3390,2025-2026,Jun,ASSAM,Agriculture,"Fishermen-inland
",527.62,-
3391,2025-2026,Jun,ASSAM,Agriculture,"Fishermen-coastal/deep-sea
",-,-
3392,2025-2026,Jun,ASSAM,Agriculture,"Loggers and wood cutters
",472.62,-
3393,2025-2026,Jun,ASSAM,Agriculture,"Animal husbandry workers (including poultry workers, dairy workers & herdsman)
",448.33,473
3394,2025-2026,Jun,ASSAM,Agriculture,"Packaging labourers, agriculture
",@,@
3395,2025-2026,Jun,ASSAM,Agriculture,"General agricultural labourers (including watering/irrigation workers, etc.)
",408.98,368.13
3396,2025-2026,Jun,ASSAM,Agriculture,"Plant protection workers (applying pesticides, treating seeds, etc.
",437.29,@
3397,2024-2025,Jun,ASSAM,Agriculture,"Ploughing/Tilling workers",460.74,@
3398,2024-2025,Jun,ASSAM,Agriculture,"Sowing(including Planting/Transplanting/ Weeding) workers)
",433.14,353.52
3399,2024-2025,Jun,ASSAM,Agriculture,"Harvesting/Winnowing/Threshing workers
",414.26,335.56
3400,2024-2025,Jun,ASSAM,Agriculture,"Picking workers (including Tea, Cotton, Tobacco and other commercial crops)
",@,@
3401,2024-2025,Jun,ASSAM,Agriculture,"Horticulture workers (including nursery growers)
",-,342.22
3402,2024-2025,Jun,ASSAM,Agriculture,"Fishermen-inland
",-,-
3403,2024-2025,Jun,ASSAM,Agriculture,"Fishermen-coastal/deep-sea
",-,-
3404,2024-2025,Jun,ASSAM,Agriculture,"Loggers and wood cutters
",398.00,-
3405,2024-2025,Jun,ASSAM,Agriculture,"Animal husbandry workers (including poultry workers, dairy workers & herdsman)
",310.00,-
3406,2024-2025,Jun,ASSAM,Agriculture,"Packaging labourers, agriculture
",414.00,@
3407,2024-2025,Jun,ASSAM,Agriculture,"General agricultural labourers (including watering/irrigation workers, etc.)
",408.42,378.67
3408,2024-2025,Jun,ASSAM,Agriculture,"Plant protection workers (applying pesticides, treating seeds, etc.
",@,@
3409,2024-2025,Jun,BIHAR,Agriculture,"Ploughing/Tilling workers",434.25,-
3410,2024-2025,Jun,BIHAR,Agriculture,"Sowing(including Planting/Transplanting/ Weeding) workers)
",404.81,348.91
3411,2024-2025,Jun,BIHAR,Agriculture,"Harvesting/Winnowing/Threshing workers
",401.19,355.46
3412,2024-2025,Jun,BIHAR,Agriculture,"Picking workers (including Tea, Cotton, Tobacco and other commercial crops)
",376.90,@
3413,2024-2025,Jun,BIHAR,Agriculture,"Horticulture workers (including nursery growers)
",322.17,294.52
3414,2024-2025,Jun,BIHAR,Agriculture,"Fishermen-inland
",393.33,-
3415,2024-2025,Jun,BIHAR,Agriculture,"Fishermen-coastal/deep-sea
",-,-
3416,2024-2025,Jun,BIHAR,Agriculture,"Loggers and wood cutters
",506.26,-
3417,2024-2025,Jun,BIHAR,Agriculture,"Animal husbandry workers (including poultry workers, dairy workers & herdsman)
",325.95,328.33
3418,2024-2025,Jun,BIHAR,Agriculture,"Packaging labourers, agriculture
",360.38,341.67
3419,2024-2025,Jun,BIHAR,Agriculture,"General agricultural labourers (including watering/irrigation workers, etc.)
",382.35,336.17
3420,2024-2025,Jun,BIHAR,Agriculture,"Plant protection workers (applying pesticides, treating seeds, etc.
",405.36,@
3421,2025-2026,Jun,BIHAR,Agriculture,"Ploughing/Tilling workers",449.64,330
3422,2025-2026,Jun,BIHAR,Agriculture,"Sowing(including Planting/Transplanting/ Weeding) workers)
",399.82,341.75
3423,2025-2026,Jun,BIHAR,Agriculture,"Harvesting/Winnowing/Threshing workers
",397.49,342.14
3424,2025-2026,Jun,BIHAR,Agriculture,"Picking workers (including Tea, Cotton, Tobacco and other commercial crops)
",@,@
3425,2025-2026,Jun,BIHAR,Agriculture,"Horticulture workers (including nursery growers)
",344.44,291.67
3426,2025-2026,Jun,BIHAR,Agriculture,"Fishermen-inland
",450,-
3427,2025-2026,Jun,BIHAR,Agriculture,"Fishermen-coastal/deep-sea
",-,-
3428,2025-2026,Jun,BIHAR,Agriculture,"Loggers and wood cutters
",527.52,-
3429,2025-2026,Jun,BIHAR,Agriculture,"Animal husbandry workers (including poultry workers, dairy workers & herdsman)
",378.4,@
3430,2025-2026,Jun,BIHAR,Agriculture,"Packaging labourers, agriculture
",350,295.83
3431,2025-2026,Jun,BIHAR,Agriculture,"General agricultural labourers (including watering/irrigation workers, etc.)
",384.47,300
3432,2025-2026,Jun,BIHAR,Agriculture,"Plant protection workers (applying pesticides, treating seeds, etc.
",389.57,282.14
3433,2025-2026,Jun,GUJARAT,Agriculture,"Ploughing/Tilling workers",411.49,390.83
3434,2025-2026,Jun,GUJARAT,Agriculture,"Sowing(including Planting/Transplanting/ Weeding) workers)
",346.13,338.15
3435,2025-2026,Jun,GUJARAT,Agriculture,"Harvesting/Winnowing/Threshing workers
",348.61,337.65
3436,2025-2026,Jun,GUJARAT,Agriculture,"Picking workers (including Tea, Cotton, Tobacco and other commercial crops)
",348.1,335.52
3437,2025-2026,Jun,GUJARAT,Agriculture,"Horticulture workers (including nursery growers)
",294.29,292
3438,2025-2026,Jun,GUJARAT,Agriculture,"Fishermen-inland
",@,@
3439,2025-2026,Jun,GUJARAT,Agriculture,"Fishermen-coastal/deep-sea
",-,-
3440,2025-2026,Jun,GUJARAT,Agriculture,"Loggers and wood cutters
",419.25,368.57
3441,2025-2026,Jun,GUJARAT,Agriculture,"Animal husbandry workers (including poultry workers, dairy workers & herdsman)
",331.04,292.22
3442,2025-2026,Jun,GUJARAT,Agriculture,"Packaging labourers, agriculture
",358.24,348.33
3443,2025-2026,Jun,GUJARAT,Agriculture,"General agricultural labourers (including watering/irrigation workers, etc.)
",334.7,297.63
3444,2025-2026,Jun,GUJARAT,Agriculture,"Plant protection workers (applying pesticides, treating seeds, etc.
",362.41,327.22
3445,2024-2025,Jun,GUJARAT,Agriculture,"Ploughing/Tilling workers",361.21,298.00
3446,2024-2025,Jun,GUJARAT,Agriculture,"Sowing(including Planting/Transplanting/ Weeding) workers)
",319.00,308.97
3447,2024-2025,Jun,GUJARAT,Agriculture,"Harvesting/Winnowing/Threshing workers
",324.83,320.50
3448,2024-2025,Jun,GUJARAT,Agriculture,"Picking workers (including Tea, Cotton, Tobacco and other commercial crops)
",316.60,314.60
3449,2024-2025,Jun,GUJARAT,Agriculture,"Horticulture workers (including nursery growers)
",238.57,235.00
3450,2024-2025,Jun,GUJARAT,Agriculture,"Fishermen-inland
",@,-
3451,2024-2025,Jun,GUJARAT,Agriculture,"Fishermen-coastal/deep-sea
",-,-
3452,2024-2025,Jun,GUJARAT,Agriculture,"Loggers and wood cutters
",393.46,@
3453,2024-2025,Jun,GUJARAT,Agriculture,"Animal husbandry workers (including poultry workers, dairy workers & herdsman)
",273.18,@
3454,2024-2025,Jun,GUJARAT,Agriculture,"Packaging labourers, agriculture
",261.43,@
3455,2024-2025,Jun,GUJARAT,Agriculture,"General agricultural labourers (including watering/irrigation workers, etc.)
",297.63,300.29
3456,2024-2025,Jun,GUJARAT,Agriculture,"Plant protection workers (applying pesticides, treating seeds, etc.
",298.33,-
3457,2024-2025,Jun,HARYANA,Agriculture,"Ploughing/Tilling workers",536.62,@
3458,2024-2025,Jun,HARYANA,Agriculture,"Sowing(including Planting/Transplanting/ Weeding) workers)
",542.33,504.45
3459,2024-2025,Jun,HARYANA,Agriculture,"Harvesting/Winnowing/Threshing workers
",547.09,507.80
3460,2024-2025,Jun,HARYANA,Agriculture,"Picking workers (including Tea, Cotton, Tobacco and other commercial crops)
",547.50,537.50
3461,2024-2025,Jun,HARYANA,Agriculture,"Horticulture workers (including nursery growers)
",@,@
3462,2024-2025,Jun,HARYANA,Agriculture,"Fishermen-inland
",-,-
3463,2024-2025,Jun,HARYANA,Agriculture,"Fishermen-coastal/deep-sea
",-,-
3464,2024-2025,Jun,HARYANA,Agriculture,"Loggers and wood cutters
",529.00,-
3465,2024-2025,Jun,HARYANA,Agriculture,"Animal husbandry workers (including poultry workers, dairy workers & herdsman)
",515.00,@
3466,2024-2025,Jun,HARYANA,Agriculture,"Packaging labourers, agriculture
",@,@
3467,2024-2025,Jun,HARYANA,Agriculture,"General agricultural labourers (including watering/irrigation workers, etc.)
",538.17,511.33
3468,2024-2025,Jun,HARYANA,Agriculture,"Plant protection workers (applying pesticides, treating seeds, etc.
",541.62,-
3469,2025-2026,Jun,HARYANA,Agriculture,"Ploughing/Tilling workers",601.62,@
3470,2025-2026,Jun,HARYANA,Agriculture,"Sowing(including Planting/Transplanting/ Weeding) workers)
",619.24,555
3471,2025-2026,Jun,HARYANA,Agriculture,"Harvesting/Winnowing/Threshing workers
",578.76,439.4
3472,2025-2026,Jun,HARYANA,Agriculture,"Picking workers (including Tea, Cotton, Tobacco and other commercial crops)
",520,520
3473,2025-2026,Jun,HARYANA,Agriculture,"Horticulture workers (including nursery growers)
",@,@
3474,2025-2026,Jun,HARYANA,Agriculture,"Fishermen-inland
",-,-
3475,2025-2026,Jun,HARYANA,Agriculture,"Fishermen-coastal/deep-sea
",-,-
3476,2025-2026,Jun,HARYANA,Agriculture,"Loggers and wood cutters
",518.75,-
3477,2025-2026,Jun,HARYANA,Agriculture,"Animal husbandry workers (including poultry workers, dairy workers & herdsman)
",438,400
3478,2025-2026,Jun,HARYANA,Agriculture,"Packaging labourers, agriculture
",591,608.5700000000001
3479,2025-2026,Jun,HARYANA,Agriculture,"General agricultural labourers (including watering/irrigation workers, etc.)
",590.67,502.67
3480,2025-2026,Jun,HARYANA,Agriculture,"Plant protection workers (applying pesticides, treating seeds, etc.
",585.9,@
3481,2025-2026,Jun,"HIMACHAL PRADESH",Agriculture,"Ploughing/Tilling workers",777.78,@
3482,2025-2026,Jun,"HIMACHAL PRADESH",Agriculture,"Sowing(including Planting/Transplanting/ Weeding) workers)
",580,568.89
3483,2025-2026,Jun,"HIMACHAL PRADESH",Agriculture,"Harvesting/Winnowing/Threshing workers
",532.5,511.43
3484,2025-2026,Jun,"HIMACHAL PRADESH",Agriculture,"Picking workers (including Tea, Cotton, Tobacco and other commercial crops)
",-,-
3485,2025-2026,Jun,"HIMACHAL PRADESH",Agriculture,"Horticulture workers (including nursery growers)
",538,538
3486,2025-2026,Jun,"HIMACHAL PRADESH",Agriculture,"Fishermen-inland
",@,-
3487,2025-2026,Jun,"HIMACHAL PRADESH",Agriculture,"Fishermen-coastal/deep-sea
",-,-
3488,2025-2026,Jun,"HIMACHAL PRADESH",Agriculture,"Loggers and wood cutters
",661.25,@
3489,2025-2026,Jun,"HIMACHAL PRADESH",Agriculture,"Animal husbandry workers (including poultry workers, dairy workers & herdsman)
",@,@
3490,2025-2026,Jun,"HIMACHAL PRADESH",Agriculture,"Packaging labourers, agriculture
",@,@
3491,2025-2026,Jun,"HIMACHAL PRADESH",Agriculture,"General agricultural labourers (including watering/irrigation workers, etc.)
",532.73,540
3492,2025-2026,Jun,"HIMACHAL PRADESH",Agriculture,"Plant protection workers (applying pesticides, treating seeds, etc.
",691.67,@
3493,2024-2025,Jun,"HIMACHAL PRADESH",Agriculture,"Ploughing/Tilling workers",618.57,-
3494,2024-2025,Jun,"HIMACHAL PRADESH",Agriculture,"Sowing(including Planting/Transplanting/ Weeding) workers)
",518.33,@
3495,2024-2025,Jun,"HIMACHAL PRADESH",Agriculture,"Harvesting/Winnowing/Threshing workers
",538.00,@
3496,2024-2025,Jun,"HIMACHAL PRADESH",Agriculture,"Picking workers (including Tea, Cotton, Tobacco and other commercial crops)
",-,-
3497,2024-2025,Jun,"HIMACHAL PRADESH",Agriculture,"Horticulture workers (including nursery growers)
",506.00,@
3498,2024-2025,Jun,"HIMACHAL PRADESH",Agriculture,"Fishermen-inland
",-,-
3499,2024-2025,Jun,"HIMACHAL PRADESH",Agriculture,"Fishermen-coastal/deep-sea
",-,-
3500,2024-2025,Jun,"HIMACHAL PRADESH",Agriculture,"Loggers and wood cutters
",578.00,-
3501,2024-2025,Jun,"HIMACHAL PRADESH",Agriculture,"Animal husbandry workers (including poultry workers, dairy workers & herdsman)
",@,@
3502,2024-2025,Jun,"HIMACHAL PRADESH",Agriculture,"Packaging labourers, agriculture
",@,@
3503,2024-2025,Jun,"HIMACHAL PRADESH",Agriculture,"General agricultural labourers (including watering/irrigation workers, etc.)
",516.00,@
3504,2024-2025,Jun,"HIMACHAL PRADESH",Agriculture,"Plant protection workers (applying pesticides, treating seeds, etc.
",@,-
3505,2024-2025,Jun,"JAMMU & KASHMIR
",Agriculture,"Ploughing/Tilling workers",731.82,-
3506,2024-2025,Jun,"JAMMU & KASHMIR
",Agriculture,"Sowing(including Planting/Transplanting/ Weeding) workers)
",645.26,@
3507,2024-2025,Jun,"JAMMU & KASHMIR
",Agriculture,"Harvesting/Winnowing/Threshing workers
",649.41,@
3508,2024-2025,Jun,"JAMMU & KASHMIR
",Agriculture,"Picking workers (including Tea, Cotton, Tobacco and other commercial crops)
",@,-
3509,2024-2025,Jun,"JAMMU & KASHMIR
",Agriculture,"Horticulture workers (including nursery growers)
",648.75,-
3510,2024-2025,Jun,"JAMMU & KASHMIR
",Agriculture,"Fishermen-inland
",-,-
3511,2024-2025,Jun,"JAMMU & KASHMIR
",Agriculture,"Fishermen-coastal/deep-sea
",-,-
3512,2024-2025,Jun,"JAMMU & KASHMIR
",Agriculture,"Loggers and wood cutters
",644.50,-
3513,2024-2025,Jun,"JAMMU & KASHMIR
",Agriculture,"Animal husbandry workers (including poultry workers, dairy workers & herdsman)
",570.00,-
3514,2024-2025,Jun,"JAMMU & KASHMIR
",Agriculture,"Packaging labourers, agriculture
",668.57,-
3515,2024-2025,Jun,"JAMMU & KASHMIR
",Agriculture,"General agricultural labourers (including watering/irrigation workers, etc.)
",609.00,@
3516,2024-2025,Jun,"JAMMU & KASHMIR
",Agriculture,"Plant protection workers (applying pesticides, treating seeds, etc.
",656.67,-
3517,2025-2026,Jun,"JAMMU & KASHMIR
",Agriculture,"Ploughing/Tilling workers",749.55,-
3518,2025-2026,Jun,"JAMMU & KASHMIR
",Agriculture,"Sowing(including Planting/Transplanting/ Weeding) workers)
",672,@
3519,2025-2026,Jun,"JAMMU & KASHMIR
",Agriculture,"Harvesting/Winnowing/Threshing workers
",677,640
3520,2025-2026,Jun,"JAMMU & KASHMIR
",Agriculture,"Picking workers (including Tea, Cotton, Tobacco and other commercial crops)
",692.86,-
3521,2025-2026,Jun,"JAMMU & KASHMIR
",Agriculture,"Horticulture workers (including nursery growers)
",660.77,-
3522,2025-2026,Jun,"JAMMU & KASHMIR
",Agriculture,"Fishermen-inland
",-,-
3523,2025-2026,Jun,"JAMMU & KASHMIR
",Agriculture,"Fishermen-coastal/deep-sea
",-,-
3524,2025-2026,Jun,"JAMMU & KASHMIR
",Agriculture,"Loggers and wood cutters
",776,-
3525,2025-2026,Jun,"JAMMU & KASHMIR
",Agriculture,"Animal husbandry workers (including poultry workers, dairy workers & herdsman)
",467.9,-
3526,2025-2026,Jun,"JAMMU & KASHMIR
",Agriculture,"Packaging labourers, agriculture
",718.1799999999999,-
3527,2025-2026,Jun,"JAMMU & KASHMIR
",Agriculture,"General agricultural labourers (including watering/irrigation workers, etc.)
",608.33,-
3528,2025-2026,Jun,"JAMMU & KASHMIR
",Agriculture,"Plant protection workers (applying pesticides, treating seeds, etc.
",687.5,-
3529,2025-2026,Jun,KARNATAKA,Agriculture,"Ploughing/Tilling workers",637.33,@
3530,2025-2026,Jun,KARNATAKA,Agriculture,"Sowing(including Planting/Transplanting/ Weeding) workers)
",581.08,435.9
3531,2025-2026,Jun,KARNATAKA,Agriculture,"Harvesting/Winnowing/Threshing workers
",558.08,418.79
3532,2025-2026,Jun,KARNATAKA,Agriculture,"Picking workers (including Tea, Cotton, Tobacco and other commercial crops)
",486.43,354
3533,2025-2026,Jun,KARNATAKA,Agriculture,"Horticulture workers (including nursery growers)
",546.3,350.91
3534,2025-2026,Jun,KARNATAKA,Agriculture,"Fishermen-inland
",@,-
3535,2025-2026,Jun,KARNATAKA,Agriculture,"Fishermen-coastal/deep-sea
",-,-
3536,2025-2026,Jun,KARNATAKA,Agriculture,"Loggers and wood cutters
",622.75,-
3537,2025-2026,Jun,KARNATAKA,Agriculture,"Animal husbandry workers (including poultry workers, dairy workers & herdsman)
",536.92,@
3538,2025-2026,Jun,KARNATAKA,Agriculture,"Packaging labourers, agriculture
",508.75,402
3539,2025-2026,Jun,KARNATAKA,Agriculture,"General agricultural labourers (including watering/irrigation workers, etc.)
",526.72,406.68
3540,2025-2026,Jun,KARNATAKA,Agriculture,"Plant protection workers (applying pesticides, treating seeds, etc.
",489.06,423.33
3541,2024-2025,Jun,KARNATAKA,Agriculture,"Ploughing/Tilling workers",534.49,283.33
3542,2024-2025,Jun,KARNATAKA,Agriculture,"Sowing(including Planting/Transplanting/ Weeding) workers)
",489.26,365.62
3543,2024-2025,Jun,KARNATAKA,Agriculture,"Harvesting/Winnowing/Threshing workers
",485.00,350.33
3544,2024-2025,Jun,KARNATAKA,Agriculture,"Picking workers (including Tea, Cotton, Tobacco and other commercial crops)
",470.00,319.29
3545,2024-2025,Jun,KARNATAKA,Agriculture,"Horticulture workers (including nursery growers)
",505.38,372.00
3546,2024-2025,Jun,KARNATAKA,Agriculture,"Fishermen-inland
",@,-
3547,2024-2025,Jun,KARNATAKA,Agriculture,"Fishermen-coastal/deep-sea
",@,-
3548,2024-2025,Jun,KARNATAKA,Agriculture,"Loggers and wood cutters
",560.59,-
3549,2024-2025,Jun,KARNATAKA,Agriculture,"Animal husbandry workers (including poultry workers, dairy workers & herdsman)
",427.00,344.29
3550,2024-2025,Jun,KARNATAKA,Agriculture,"Packaging labourers, agriculture
",479.17,@
3551,2024-2025,Jun,KARNATAKA,Agriculture,"General agricultural labourers (including watering/irrigation workers, etc.)
",482.22,353.50
3552,2024-2025,Jun,KARNATAKA,Agriculture,"Plant protection workers (applying pesticides, treating seeds, etc.
",463.85,-
3553,2024-2025,Jun,KERALA,Agriculture,"Ploughing/Tilling workers",946.03,@
3554,2024-2025,Jun,KERALA,Agriculture,"Sowing(including Planting/Transplanting/ Weeding) workers)
",948.52,661.92
3555,2024-2025,Jun,KERALA,Agriculture,"Harvesting/Winnowing/Threshing workers
",840.00,674.58
3556,2024-2025,Jun,KERALA,Agriculture,"Picking workers (including Tea, Cotton, Tobacco and other commercial crops)
",-,@
3557,2024-2025,Jun,KERALA,Agriculture,"Horticulture workers (including nursery growers)
",@,@
3558,2024-2025,Jun,KERALA,Agriculture,"Fishermen-inland
",-,-
3559,2024-2025,Jun,KERALA,Agriculture,"Fishermen-coastal/deep-sea
",-,-
3560,2024-2025,Jun,KERALA,Agriculture,"Loggers and wood cutters
",1128.57,-
3561,2024-2025,Jun,KERALA,Agriculture,"Animal husbandry workers (including poultry workers, dairy workers & herdsman)
",699.62,-
3562,2024-2025,Jun,KERALA,Agriculture,"Packaging labourers, agriculture
",-,-
3563,2024-2025,Jun,KERALA,Agriculture,"General agricultural labourers (including watering/irrigation workers, etc.)
",880.36,637.50
3564,2024-2025,Jun,KERALA,Agriculture,"Plant protection workers (applying pesticides, treating seeds, etc.
",767.00,-
3565,2025-2026,Jun,KERALA,Agriculture,"Ploughing/Tilling workers",1033.33,-
3566,2025-2026,Jun,KERALA,Agriculture,"Sowing(including Planting/Transplanting/ Weeding) workers)
",871.15,645.83
3567,2025-2026,Jun,KERALA,Agriculture,"Harvesting/Winnowing/Threshing workers
",870.98,735.39
3568,2025-2026,Jun,KERALA,Agriculture,"Picking workers (including Tea, Cotton, Tobacco and other commercial crops)
",-,@
3569,2025-2026,Jun,KERALA,Agriculture,"Horticulture workers (including nursery growers)
",775,@
3570,2025-2026,Jun,KERALA,Agriculture,"Fishermen-inland
",-,-
3571,2025-2026,Jun,KERALA,Agriculture,"Fishermen-coastal/deep-sea
",-,-
3572,2025-2026,Jun,KERALA,Agriculture,"Loggers and wood cutters
",1062.7,-
3573,2025-2026,Jun,KERALA,Agriculture,"Animal husbandry workers (including poultry workers, dairy workers & herdsman)
",695.83,-
3574,2025-2026,Jun,KERALA,Agriculture,"Packaging labourers, agriculture
",902.5,693.75
3575,2025-2026,Jun,KERALA,Agriculture,"General agricultural labourers (including watering/irrigation workers, etc.)
",862.8099999999999,677.27
3576,2025-2026,Jun,KERALA,Agriculture,"Plant protection workers (applying pesticides, treating seeds, etc.
",824.49,@
3577,2025-2026,Jun,"MADHYA PRADESH",Agriculture,"Ploughing/Tilling workers",385.98,307.14
3578,2025-2026,Jun,"MADHYA PRADESH",Agriculture,"Sowing(including Planting/Transplanting/ Weeding) workers)
",367.56,307.58
3579,2025-2026,Jun,"MADHYA PRADESH",Agriculture,"Harvesting/Winnowing/Threshing workers
",367.33,321.93
3580,2025-2026,Jun,"MADHYA PRADESH",Agriculture,"Picking workers (including Tea, Cotton, Tobacco and other commercial crops)
",397.92,357.71
3581,2025-2026,Jun,"MADHYA PRADESH",Agriculture,"Horticulture workers (including nursery growers)
",306.25,292.86
3582,2025-2026,Jun,"MADHYA PRADESH",Agriculture,"Fishermen-inland
",-,-
3583,2025-2026,Jun,"MADHYA PRADESH",Agriculture,"Fishermen-coastal/deep-sea
",-,-
3584,2025-2026,Jun,"MADHYA PRADESH",Agriculture,"Loggers and wood cutters
",419.44,300
3585,2025-2026,Jun,"MADHYA PRADESH",Agriculture,"Animal husbandry workers (including poultry workers, dairy workers & herdsman)
",276.13,256.67
3586,2025-2026,Jun,"MADHYA PRADESH",Agriculture,"Packaging labourers, agriculture
",@,@
3587,2025-2026,Jun,"MADHYA PRADESH",Agriculture,"General agricultural labourers (including watering/irrigation workers, etc.)
",338.04,294.44
3588,2025-2026,Jun,"MADHYA PRADESH",Agriculture,"Plant protection workers (applying pesticides, treating seeds, etc.
",386.46,360
3589,2024-2025,Jun,"MADHYA PRADESH",Agriculture,"Ploughing/Tilling workers",321.15,244.29
3590,2024-2025,Jun,"MADHYA PRADESH",Agriculture,"Sowing(including Planting/Transplanting/ Weeding) workers)
",294.47,260.08
3591,2024-2025,Jun,"MADHYA PRADESH",Agriculture,"Harvesting/Winnowing/Threshing workers
",302.69,262.24
3592,2024-2025,Jun,"MADHYA PRADESH",Agriculture,"Picking workers (including Tea, Cotton, Tobacco and other commercial crops)
",295.45,256.36
3593,2024-2025,Jun,"MADHYA PRADESH",Agriculture,"Horticulture workers (including nursery growers)
",257.00,230.00
3594,2024-2025,Jun,"MADHYA PRADESH",Agriculture,"Fishermen-inland
",@,-
3595,2024-2025,Jun,"MADHYA PRADESH",Agriculture,"Fishermen-coastal/deep-sea
",-,-
3596,2024-2025,Jun,"MADHYA PRADESH",Agriculture,"Loggers and wood cutters
",268.57,@
3597,2024-2025,Jun,"MADHYA PRADESH",Agriculture,"Animal husbandry workers (including poultry workers, dairy workers & herdsman)
",234.35,202.86
3598,2024-2025,Jun,"MADHYA PRADESH",Agriculture,"Packaging labourers, agriculture
",257.22,226.67
3599,2024-2025,Jun,"MADHYA PRADESH",Agriculture,"General agricultural labourers (including watering/irrigation workers, etc.)
",266.35,230.49
3600,2024-2025,Jun,"MADHYA PRADESH",Agriculture,"Plant protection workers (applying pesticides, treating seeds, etc.
",301.14,250.00
3601,2024-2025,Jun,MAHARASHTRA,Agriculture,"Ploughing/Tilling workers",433.48,325.45
3602,2024-2025,Jun,MAHARASHTRA,Agriculture,"Sowing(including Planting/Transplanting/ Weeding) workers)
",405.51,297.85
3603,2024-2025,Jun,MAHARASHTRA,Agriculture,"Harvesting/Winnowing/Threshing workers
",421.60,303.33
3604,2024-2025,Jun,MAHARASHTRA,Agriculture,"Picking workers (including Tea, Cotton, Tobacco and other commercial crops)
",347.96,298.74
3605,2024-2025,Jun,MAHARASHTRA,Agriculture,"Horticulture workers (including nursery growers)
",420.00,303.85
3606,2024-2025,Jun,MAHARASHTRA,Agriculture,"Fishermen-inland
",@,-
3607,2024-2025,Jun,MAHARASHTRA,Agriculture,"Fishermen-coastal/deep-sea
",@,@
3608,2024-2025,Jun,MAHARASHTRA,Agriculture,"Loggers and wood cutters
",470.11,@
3609,2024-2025,Jun,MAHARASHTRA,Agriculture,"Animal husbandry workers (including poultry workers, dairy workers & herdsman)
",326.02,296.67
3610,2024-2025,Jun,MAHARASHTRA,Agriculture,"Packaging labourers, agriculture
",358.00,271.43
3611,2024-2025,Jun,MAHARASHTRA,Agriculture,"General agricultural labourers (including watering/irrigation workers, etc.)
",364.39,258.57
3612,2024-2025,Jun,MAHARASHTRA,Agriculture,"Plant protection workers (applying pesticides, treating seeds, etc.
",405.50,274.00
3613,2025-2026,Jun,MAHARASHTRA,Agriculture,"Ploughing/Tilling workers",438.7,360
3614,2025-2026,Jun,MAHARASHTRA,Agriculture,"Sowing(including Planting/Transplanting/ Weeding) workers)
",409.78,314.44
3615,2025-2026,Jun,MAHARASHTRA,Agriculture,"Harvesting/Winnowing/Threshing workers
",428.95,325
3616,2025-2026,Jun,MAHARASHTRA,Agriculture,"Picking workers (including Tea, Cotton, Tobacco and other commercial crops)
",361.9,310.42
3617,2025-2026,Jun,MAHARASHTRA,Agriculture,"Horticulture workers (including nursery growers)
",441.95,324.89
3618,2025-2026,Jun,MAHARASHTRA,Agriculture,"Fishermen-inland
",508.33,@
3619,2025-2026,Jun,MAHARASHTRA,Agriculture,"Fishermen-coastal/deep-sea
",-,-
3620,2025-2026,Jun,MAHARASHTRA,Agriculture,"Loggers and wood cutters
",505.48,-
3621,2025-2026,Jun,MAHARASHTRA,Agriculture,"Animal husbandry workers (including poultry workers, dairy workers & herdsman)
",342.29,325
3622,2025-2026,Jun,MAHARASHTRA,Agriculture,"Packaging labourers, agriculture
",395.83,331.82
3623,2025-2026,Jun,MAHARASHTRA,Agriculture,"General agricultural labourers (including watering/irrigation workers, etc.)
",386.11,269
3624,2025-2026,Jun,MAHARASHTRA,Agriculture,"Plant protection workers (applying pesticides, treating seeds, etc.
",462.71,344
3625,2025-2026,Jun,"MANIPUR
",Agriculture,"Ploughing/Tilling workers",656,@
3626,2025-2026,Jun,"MANIPUR
",Agriculture,"Sowing(including Planting/Transplanting/ Weeding) workers)
",642.14,532.14
3627,2025-2026,Jun,"MANIPUR
",Agriculture,"Harvesting/Winnowing/Threshing workers
",637.14,532.14
3628,2025-2026,Jun,"MANIPUR
",Agriculture,"Picking workers (including Tea, Cotton, Tobacco and other commercial crops)
",432.14,402.14
3629,2025-2026,Jun,"MANIPUR
",Agriculture,"Horticulture workers (including nursery growers)
",428.57,398.57
3630,2025-2026,Jun,"MANIPUR
",Agriculture,"Fishermen-inland
",393.57,363.57
3631,2025-2026,Jun,"MANIPUR
",Agriculture,"Fishermen-coastal/deep-sea
",-,-
3632,2025-2026,Jun,"MANIPUR
",Agriculture,"Loggers and wood cutters
",493.57,-
3633,2025-2026,Jun,"MANIPUR
",Agriculture,"Packaging labourers, agriculture
",-,-
3634,2025-2026,Jun,"MANIPUR
",Agriculture,"General agricultural labourers (including watering/irrigation workers, etc.)
",-,-
3635,2025-2026,Jun,"MANIPUR
",Agriculture,"Plant protection workers (applying pesticides, treating seeds, etc.
",657.14,657.14
3636,2025-2026,Jun,"MANIPUR
",Agriculture,"Animal husbandry workers (including poultry workers, dairy workers & herdsman)
",428.57,418.57
3637,2024-2025,Jun,"MANIPUR
",Agriculture,"Ploughing/Tilling workers",378.57,-
3638,2024-2025,Jun,"MANIPUR
",Agriculture,"Sowing(including Planting/Transplanting/ Weeding) workers)
",365.00,338.12
3639,2024-2025,Jun,"MANIPUR
",Agriculture,"Harvesting/Winnowing/Threshing workers
",354.29,345.71
3640,2024-2025,Jun,"MANIPUR
",Agriculture,"Picking workers (including Tea, Cotton, Tobacco and other commercial crops)
",-,-
3641,2024-2025,Jun,"MANIPUR
",Agriculture,"Horticulture workers (including nursery growers)
",@,@
3642,2024-2025,Jun,"MANIPUR
",Agriculture,"Fishermen-inland
",-,-
3643,2024-2025,Jun,"MANIPUR
",Agriculture,"Fishermen-coastal/deep-sea
",-,-
3644,2024-2025,Jun,"MANIPUR
",Agriculture,"Loggers and wood cutters
",@,-
3645,2024-2025,Jun,"MANIPUR
",Agriculture,"Animal husbandry workers (including poultry workers, dairy workers & herdsman)
",364.00,-
3646,2024-2025,Jun,"MANIPUR
",Agriculture,"Packaging labourers, agriculture
",@,-
3647,2024-2025,Jun,"MANIPUR
",Agriculture,"General agricultural labourers (including watering/irrigation workers, etc.)
",@,-
3648,2024-2025,Jun,"MANIPUR
",Agriculture,"Plant protection workers (applying pesticides, treating seeds, etc.
",@,-
3649,2024-2025,Jun,"MEGHALAYA
",Agriculture,"Ploughing/Tilling workers",374.29,204.00
3650,2024-2025,Jun,"MEGHALAYA
",Agriculture,"Sowing(including Planting/Transplanting/ Weeding) workers)
",343.50,210.75
3651,2024-2025,Jun,"MEGHALAYA
",Agriculture,"Harvesting/Winnowing/Threshing workers
",353.88,204.88
3652,2024-2025,Jun,"MEGHALAYA
",Agriculture,"Picking workers (including Tea, Cotton, Tobacco and other commercial crops)
",@,@
3653,2024-2025,Jun,"MEGHALAYA
",Agriculture,"Horticulture workers (including nursery growers)
",@,@
3654,2024-2025,Jun,"MEGHALAYA
",Agriculture,"Fishermen-inland
",-,-
3655,2024-2025,Jun,"MEGHALAYA
",Agriculture,"Fishermen-coastal/deep-sea
",-,-
3656,2024-2025,Jun,"MEGHALAYA
",Agriculture,"Loggers and wood cutters
",@,-
3657,2024-2025,Jun,"MEGHALAYA
",Agriculture,"Animal husbandry workers (including poultry workers, dairy workers & herdsman)
",313.88,@
3658,2024-2025,Jun,"MEGHALAYA
",Agriculture,"Packaging labourers, agriculture
",@,-
3659,2024-2025,Jun,"MEGHALAYA
",Agriculture,"General agricultural labourers (including watering/irrigation workers, etc.)
",335.17,203.17
3660,2024-2025,Jun,"MEGHALAYA
",Agriculture,"Plant protection workers (applying pesticides, treating seeds, etc.
",-,-
3661,2025-2026,Jun,"MEGHALAYA
",Agriculture,"Ploughing/Tilling workers",543.75,@
3662,2025-2026,Jun,"MEGHALAYA
",Agriculture,"Sowing(including Planting/Transplanting/ Weeding) workers)
",489.29,337.86
3663,2025-2026,Jun,"MEGHALAYA
",Agriculture,"Harvesting/Winnowing/Threshing workers
",487.3,323.21
3664,2025-2026,Jun,"MEGHALAYA
",Agriculture,"Picking workers (including Tea, Cotton, Tobacco and other commercial crops)
",-,-
3665,2025-2026,Jun,"MEGHALAYA
",Agriculture,"Horticulture workers (including nursery growers)
",@,@
3666,2025-2026,Jun,"MEGHALAYA
",Agriculture,"Fishermen-inland
",-,-
3667,2025-2026,Jun,"MEGHALAYA
",Agriculture,"Fishermen-coastal/deep-sea
",-,-
3668,2025-2026,Jun,"MEGHALAYA
",Agriculture,"Loggers and wood cutters
",452.04,-
3669,2025-2026,Jun,"MEGHALAYA
",Agriculture,"Packaging labourers, agriculture
",-,-
3670,2025-2026,Jun,"MEGHALAYA
",Agriculture,"General agricultural labourers (including watering/irrigation workers, etc.)
",@,@
3671,2025-2026,Jun,"MEGHALAYA
",Agriculture,"Plant protection workers (applying pesticides, treating seeds, etc.
",-,-
3672,2025-2026,Jun,"MEGHALAYA
",Agriculture,"Animal husbandry workers (including poultry workers, dairy workers & herdsman)
",@,@
3673,2025-2026,Jun,"ODISHA
",Agriculture,"Ploughing/Tilling workers",524.03,-
3674,2025-2026,Jun,"ODISHA
",Agriculture,"Sowing(including Planting/Transplanting/ Weeding) workers)
",486.92,411.18
3675,2025-2026,Jun,"ODISHA
",Agriculture,"Harvesting/Winnowing/Threshing workers
",411.11,334.52
3676,2025-2026,Jun,"ODISHA
",Agriculture,"Picking workers (including Tea, Cotton, Tobacco and other commercial crops)
",-,-
3677,2025-2026,Jun,"ODISHA
",Agriculture,"Horticulture workers (including nursery growers)
",378.89,300.48
3678,2025-2026,Jun,"ODISHA
",Agriculture,"Fishermen-inland
",412.5,-
3679,2025-2026,Jun,"ODISHA
",Agriculture,"Fishermen-coastal/deep-sea
",-,-
3680,2025-2026,Jun,"ODISHA
",Agriculture,"Loggers and wood cutters
",498.51,-
3681,2025-2026,Jun,"ODISHA
",Agriculture,"Packaging labourers, agriculture
",341.18,@
3682,2025-2026,Jun,"ODISHA
",Agriculture,"General agricultural labourers (including watering/irrigation workers, etc.)
",420.11,396.17
3683,2025-2026,Jun,"ODISHA
",Agriculture,"Plant protection workers (applying pesticides, treating seeds, etc.
",420,-
3684,2025-2026,Jun,"ODISHA
",Agriculture,"Animal husbandry workers (including poultry workers, dairy workers & herdsman)
",354.21,329.17
3685,2024-2025,Jun,"ODISHA
",Agriculture,"Ploughing/Tilling workers",399.62,327.62
3686,2024-2025,Jun,"ODISHA
",Agriculture,"Sowing(including Planting/Transplanting/ Weeding) workers)
",405.27,347.93
3687,2024-2025,Jun,"ODISHA
",Agriculture,"Harvesting/Winnowing/Threshing workers
",399.08,353.10
3688,2024-2025,Jun,"ODISHA
",Agriculture,"Picking workers (including Tea, Cotton, Tobacco and other commercial crops)
",320.00,@
3689,2024-2025,Jun,"ODISHA
",Agriculture,"Horticulture workers (including nursery growers)
",@,@
3690,2024-2025,Jun,"ODISHA
",Agriculture,"Fishermen-inland
",254.00,-
3691,2024-2025,Jun,"ODISHA
",Agriculture,"Fishermen-coastal/deep-sea
",@,-
3692,2024-2025,Jun,"ODISHA
",Agriculture,"Loggers and wood cutters
",338.10,-
3693,2024-2025,Jun,"ODISHA
",Agriculture,"Animal husbandry workers (including poultry workers, dairy workers & herdsman)
",274.67,207.50
3694,2024-2025,Jun,"ODISHA
",Agriculture,"Packaging labourers, agriculture
",@,-
3695,2024-2025,Jun,"ODISHA
",Agriculture,"General agricultural labourers (including watering/irrigation workers, etc.)
",401.54,349.78
3696,2024-2025,Jun,"ODISHA
",Agriculture,"Plant protection workers (applying pesticides, treating seeds, etc.
",302.22,@
3697,2024-2025,Jun,"PUNJAB
",Agriculture,"Ploughing/Tilling workers",465.11,@
3698,2024-2025,Jun,"PUNJAB
",Agriculture,"Sowing(including Planting/Transplanting/ Weeding) workers)
",458.00,399.33
3699,2024-2025,Jun,"PUNJAB
",Agriculture,"Harvesting/Winnowing/Threshing workers
",459.67,@
3700,2024-2025,Jun,"PUNJAB
",Agriculture,"Picking workers (including Tea, Cotton, Tobacco and other commercial crops)
",404.00,@
3701,2024-2025,Jun,"PUNJAB
",Agriculture,"Horticulture workers (including nursery growers)
",@,-
3702,2024-2025,Jun,"PUNJAB
",Agriculture,"Fishermen-inland
",-,-
3703,2024-2025,Jun,"PUNJAB
",Agriculture,"Fishermen-coastal/deep-sea
",-,-
3704,2024-2025,Jun,"PUNJAB
",Agriculture,"Loggers and wood cutters
",@,-
3705,2024-2025,Jun,"PUNJAB
",Agriculture,"Animal husbandry workers (including poultry workers, dairy workers & herdsman)
",366.45,@
3706,2024-2025,Jun,"PUNJAB
",Agriculture,"Packaging labourers, agriculture
",420.00,@
3707,2024-2025,Jun,"PUNJAB
",Agriculture,"General agricultural labourers (including watering/irrigation workers, etc.)
",448.00,-
3708,2024-2025,Jun,"PUNJAB
",Agriculture,"Plant protection workers (applying pesticides, treating seeds, etc.
",414.29,-
3709,2025-2026,Jun,"PUNJAB
",Agriculture,"Ploughing/Tilling workers",487.5,@
3710,2025-2026,Jun,"PUNJAB
",Agriculture,"Sowing(including Planting/Transplanting/ Weeding) workers)
",478.18,438.75
3711,2025-2026,Jun,"PUNJAB
",Agriculture,"Harvesting/Winnowing/Threshing workers
",492.78,441.43
3712,2025-2026,Jun,"PUNJAB
",Agriculture,"Picking workers (including Tea, Cotton, Tobacco and other commercial crops)
",430,@
3713,2025-2026,Jun,"PUNJAB
",Agriculture,"Horticulture workers (including nursery growers)
",@,-
3714,2025-2026,Jun,"PUNJAB
",Agriculture,"Fishermen-inland
",-,-
3715,2025-2026,Jun,"PUNJAB
",Agriculture,"Fishermen-coastal/deep-sea
",-,-
3716,2025-2026,Jun,"PUNJAB
",Agriculture,"Loggers and wood cutters
",494,-
3717,2025-2026,Jun,"PUNJAB
",Agriculture,"Packaging labourers, agriculture
",458.75,@
3718,2025-2026,Jun,"PUNJAB
",Agriculture,"General agricultural labourers (including watering/irrigation workers, etc.)
",456.67,@
3719,2025-2026,Jun,"PUNJAB
",Agriculture,"Plant protection workers (applying pesticides, treating seeds, etc.
",483.68,-
3720,2025-2026,Jun,"PUNJAB
",Agriculture,"Animal husbandry workers (including poultry workers, dairy workers & herdsman)
",427.22,@
3721,2025-2026,Jun,RAJASTHAN,Agriculture,"Ploughing/Tilling workers",542,412.86
3722,2025-2026,Jun,RAJASTHAN,Agriculture,"Sowing(including Planting/Transplanting/ Weeding) workers)
",462.58,385.56
3723,2025-2026,Jun,RAJASTHAN,Agriculture,"Harvesting/Winnowing/Threshing workers
",487.47,446.77
3724,2025-2026,Jun,RAJASTHAN,Agriculture,"Picking workers (including Tea, Cotton, Tobacco and other commercial crops)
",428,396
3725,2025-2026,Jun,RAJASTHAN,Agriculture,"Horticulture workers (including nursery growers)
",426,@
3726,2025-2026,Jun,RAJASTHAN,Agriculture,"Fishermen-inland
",-,-
3727,2025-2026,Jun,RAJASTHAN,Agriculture,"Fishermen-coastal/deep-sea
",-,-
3728,2025-2026,Jun,RAJASTHAN,Agriculture,"Loggers and wood cutters
",506.32,-
3729,2025-2026,Jun,RAJASTHAN,Agriculture,"Packaging labourers, agriculture
",405,416.67
3730,2025-2026,Jun,RAJASTHAN,Agriculture,"General agricultural labourers (including watering/irrigation workers, etc.)
",443.21,369.09
3731,2025-2026,Jun,RAJASTHAN,Agriculture,"Plant protection workers (applying pesticides, treating seeds, etc.
",477.88,-
3732,2025-2026,Jun,RAJASTHAN,Agriculture,"Animal husbandry workers (including poultry workers, dairy workers & herdsman)
",415.38,@
3733,2024-2025,Jun,RAJASTHAN,Agriculture,"Ploughing/Tilling workers",414.29,@
3734,2024-2025,Jun,RAJASTHAN,Agriculture,"Sowing(including Planting/Transplanting/ Weeding) workers)
",436.67,395.56
3735,2024-2025,Jun,RAJASTHAN,Agriculture,"Harvesting/Winnowing/Threshing workers
",486.15,439.17
3736,2024-2025,Jun,RAJASTHAN,Agriculture,"Picking workers (including Tea, Cotton, Tobacco and other commercial crops)
",@,@
3737,2024-2025,Jun,RAJASTHAN,Agriculture,"Horticulture workers (including nursery growers)
",@,-
3738,2024-2025,Jun,RAJASTHAN,Agriculture,"Fishermen-inland
",-,-
3739,2024-2025,Jun,RAJASTHAN,Agriculture,"Fishermen-coastal/deep-sea
",-,-
3740,2024-2025,Jun,RAJASTHAN,Agriculture,"Loggers and wood cutters
",408.33,-
3741,2024-2025,Jun,RAJASTHAN,Agriculture,"Animal husbandry workers (including poultry workers, dairy workers & herdsman)
",@,@
3742,2024-2025,Jun,RAJASTHAN,Agriculture,"Packaging labourers, agriculture
",@,@
3743,2024-2025,Jun,RAJASTHAN,Agriculture,"General agricultural labourers (including watering/irrigation workers, etc.)
",423.12,373.08
3744,2024-2025,Jun,RAJASTHAN,Agriculture,"Plant protection workers (applying pesticides, treating seeds, etc.
",458.11,@
3745,2024-2025,Jun,"TAMIL NADU",Agriculture,"Ploughing/Tilling workers",718.96,@
3746,2024-2025,Jun,"TAMIL NADU",Agriculture,"Sowing(including Planting/Transplanting/ Weeding) workers)
",614.52,404.54
3747,2024-2025,Jun,"TAMIL NADU",Agriculture,"Harvesting/Winnowing/Threshing workers
",585.28,401.40
3748,2024-2025,Jun,"TAMIL NADU",Agriculture,"Picking workers (including Tea, Cotton, Tobacco and other commercial crops)
",@,363.33
3749,2024-2025,Jun,"TAMIL NADU",Agriculture,"Horticulture workers (including nursery growers)
",@,@
3750,2024-2025,Jun,"TAMIL NADU",Agriculture,"Fishermen-inland
",-,-
3751,2024-2025,Jun,"TAMIL NADU",Agriculture,"Fishermen-coastal/deep-sea
",-,-
3752,2024-2025,Jun,"TAMIL NADU",Agriculture,"Loggers and wood cutters
",657.33,@
3753,2024-2025,Jun,"TAMIL NADU",Agriculture,"Animal husbandry workers (including poultry workers, dairy workers & herdsman)
",701.81,@
3754,2024-2025,Jun,"TAMIL NADU",Agriculture,"Packaging labourers, agriculture
",@,@
3755,2024-2025,Jun,"TAMIL NADU",Agriculture,"General agricultural labourers (including watering/irrigation workers, etc.)
",587.36,381.19
3756,2024-2025,Jun,"TAMIL NADU",Agriculture,"Plant protection workers (applying pesticides, treating seeds, etc.
",718.57,@
3757,2025-2026,Jun,"TAMIL NADU",Agriculture,"Ploughing/Tilling workers",753.89,@
3758,2025-2026,Jun,"TAMIL NADU",Agriculture,"Sowing(including Planting/Transplanting/ Weeding) workers)
",728.1,470.62
3759,2025-2026,Jun,"TAMIL NADU",Agriculture,"Harvesting/Winnowing/Threshing workers
",660.99,433.65
3760,2025-2026,Jun,"TAMIL NADU",Agriculture,"Picking workers (including Tea, Cotton, Tobacco and other commercial crops)
",@,520.71
3761,2025-2026,Jun,"TAMIL NADU",Agriculture,"Horticulture workers (including nursery growers)
",@,453.89
3762,2025-2026,Jun,"TAMIL NADU",Agriculture,"Fishermen-inland
",@,-
3763,2025-2026,Jun,"TAMIL NADU",Agriculture,"Fishermen-coastal/deep-sea
",-,-
3764,2025-2026,Jun,"TAMIL NADU",Agriculture,"Loggers and wood cutters
",736.9,-
3765,2025-2026,Jun,"TAMIL NADU",Agriculture,"Packaging labourers, agriculture
",@,@
3766,2025-2026,Jun,"TAMIL NADU",Agriculture,"General agricultural labourers (including watering/irrigation workers, etc.)
",639.66,395.73
3767,2025-2026,Jun,"TAMIL NADU",Agriculture,"Plant protection workers (applying pesticides, treating seeds, etc.
",902.6799999999999,-
3768,2025-2026,Jun,"TAMIL NADU",Agriculture,"Animal husbandry workers (including poultry workers, dairy workers & herdsman)
",622.68,386.90
3769,2025-2026,Jun,TRIPURA,Agriculture,"Ploughing/Tilling workers",520,-
3770,2025-2026,Jun,TRIPURA,Agriculture,"Sowing(including Planting/Transplanting/ Weeding) workers)
",520,-
3771,2025-2026,Jun,TRIPURA,Agriculture,"Harvesting/Winnowing/Threshing workers
",520,-
3772,2025-2026,Jun,TRIPURA,Agriculture,"Picking workers (including Tea, Cotton, Tobacco and other commercial crops)
",-,-
3773,2025-2026,Jun,TRIPURA,Agriculture,"Horticulture workers (including nursery growers)
",@,-
3774,2025-2026,Jun,TRIPURA,Agriculture,"Fishermen-inland
",-,-
3775,2025-2026,Jun,TRIPURA,Agriculture,"Fishermen-coastal/deep-sea
",-,-
3776,2025-2026,Jun,TRIPURA,Agriculture,"Loggers and wood cutters
",590,-
3777,2025-2026,Jun,TRIPURA,Agriculture,"Packaging labourers, agriculture
",-,-
3778,2025-2026,Jun,TRIPURA,Agriculture,"General agricultural labourers (including watering/irrigation workers, etc.)
",490,-
3779,2025-2026,Jun,TRIPURA,Agriculture,"Plant protection workers (applying pesticides, treating seeds, etc.
",-,-
3780,2025-2026,Jun,TRIPURA,Agriculture,"Animal husbandry workers (including poultry workers, dairy workers & herdsman)
",420.00,-
3781,2024-2025,Jun,TRIPURA,Agriculture,"Ploughing/Tilling workers",420.00,-
3782,2024-2025,Jun,TRIPURA,Agriculture,"Sowing(including Planting/Transplanting/ Weeding) workers)
",420.00,-
3783,2024-2025,Jun,TRIPURA,Agriculture,"Harvesting/Winnowing/Threshing workers
",431.11,-
3784,2024-2025,Jun,TRIPURA,Agriculture,"Picking workers (including Tea, Cotton, Tobacco and other commercial crops)
",-,-
3785,2024-2025,Jun,TRIPURA,Agriculture,"Horticulture workers (including nursery growers)
",-,-
3786,2024-2025,Jun,TRIPURA,Agriculture,"Fishermen-inland
",-,-
3787,2024-2025,Jun,TRIPURA,Agriculture,"Fishermen-coastal/deep-sea
",-,-
3788,2024-2025,Jun,TRIPURA,Agriculture,"Loggers and wood cutters
",502.22,-
3789,2024-2025,Jun,TRIPURA,Agriculture,"Animal husbandry workers (including poultry workers, dairy workers & herdsman)
",320.00,-
3790,2024-2025,Jun,TRIPURA,Agriculture,"Packaging labourers, agriculture
",-,-
3791,2024-2025,Jun,TRIPURA,Agriculture,"General agricultural labourers (including watering/irrigation workers, etc.)
",401.11,-
3792,2024-2025,Jun,TRIPURA,Agriculture,"Plant protection workers (applying pesticides, treating seeds, etc.
",-,-
3793,2024-2025,Jun,"UTTAR PRADESH",Agriculture,"Ploughing/Tilling workers",374.47,337.31
3794,2024-2025,Jun,"UTTAR PRADESH",Agriculture,"Sowing(including Planting/Transplanting/ Weeding) workers)
",383.33,338.33
3795,2024-2025,Jun,"UTTAR PRADESH",Agriculture,"Harvesting/Winnowing/Threshing workers
",396.70,354.59
3796,2024-2025,Jun,"UTTAR PRADESH",Agriculture,"Picking workers (including Tea, Cotton, Tobacco and other commercial crops)
",360.00,312.50
3797,2024-2025,Jun,"UTTAR PRADESH",Agriculture,"Horticulture workers (including nursery growers)
",@,@
3798,2024-2025,Jun,"UTTAR PRADESH",Agriculture,"Fishermen-inland
",-,-
3799,2024-2025,Jun,"UTTAR PRADESH",Agriculture,"Fishermen-coastal/deep-sea
",-,-
3800,2024-2025,Jun,"UTTAR PRADESH",Agriculture,"Loggers and wood cutters
",407.06,@
3801,2024-2025,Jun,"UTTAR PRADESH",Agriculture,"Animal husbandry workers (including poultry workers, dairy workers & herdsman)
",331.67,@
3802,2024-2025,Jun,"UTTAR PRADESH",Agriculture,"Packaging labourers, agriculture
",330.00,304.00
3803,2024-2025,Jun,"UTTAR PRADESH",Agriculture,"General agricultural labourers (including watering/irrigation workers, etc.)
",367.39,308.26
3804,2024-2025,Jun,"UTTAR PRADESH",Agriculture,"Plant protection workers (applying pesticides, treating seeds, etc.
",410.00,@
3805,2025-2026,Jun,"UTTAR PRADESH",Agriculture,"Ploughing/Tilling workers",448.61,452.5
3806,2025-2026,Jun,"UTTAR PRADESH",Agriculture,"Sowing(including Planting/Transplanting/ Weeding) workers)
",400.49,342.46
3807,2025-2026,Jun,"UTTAR PRADESH",Agriculture,"Harvesting/Winnowing/Threshing workers
",399.82,337.84
3808,2025-2026,Jun,"UTTAR PRADESH",Agriculture,"Picking workers (including Tea, Cotton, Tobacco and other commercial crops)
",340,290
3809,2025-2026,Jun,"UTTAR PRADESH",Agriculture,"Horticulture workers (including nursery growers)
",437.14,365.71
3810,2025-2026,Jun,"UTTAR PRADESH",Agriculture,"Fishermen-inland
",580.83,-
3811,2025-2026,Jun,"UTTAR PRADESH",Agriculture,"Fishermen-coastal/deep-sea
",-,-
3812,2025-2026,Jun,"UTTAR PRADESH",Agriculture,"Loggers and wood cutters
",530.51,-
3813,2025-2026,Jun,"UTTAR PRADESH",Agriculture,"Packaging labourers, agriculture
",428.95,377.78
3814,2025-2026,Jun,"UTTAR PRADESH",Agriculture,"General agricultural labourers (including watering/irrigation workers, etc.)
",406.88,339.14
3815,2025-2026,Jun,"UTTAR PRADESH",Agriculture,"Plant protection workers (applying pesticides, treating seeds, etc.
",496.67,@
3816,2025-2026,Jun,"UTTAR PRADESH",Agriculture,"Animal husbandry workers (including poultry workers, dairy workers & herdsman)
",421.25,414.17
3817,2025-2026,Jun,"WEST BENGAL",Agriculture,"Ploughing/Tilling workers",476.54,347.52
3818,2025-2026,Jun,"WEST BENGAL",Agriculture,"Sowing(including Planting/Transplanting/ Weeding) workers)
",425.19,388.15
3819,2025-2026,Jun,"WEST BENGAL",Agriculture,"Harvesting/Winnowing/Threshing workers
",428.6,390.69
3820,2025-2026,Jun,"WEST BENGAL",Agriculture,"Picking workers (including Tea, Cotton, Tobacco and other commercial crops)
",343.24,@
3821,2025-2026,Jun,"WEST BENGAL",Agriculture,"Horticulture workers (including nursery growers)
",384.87,309.71
3822,2025-2026,Jun,"WEST BENGAL",Agriculture,"Fishermen-inland
",613.41,-
3823,2025-2026,Jun,"WEST BENGAL",Agriculture,"Fishermen-coastal/deep-sea
",-,-
3824,2025-2026,Jun,"WEST BENGAL",Agriculture,"Loggers and wood cutters
",534.98,-
3825,2025-2026,Jun,"WEST BENGAL",Agriculture,"Packaging labourers, agriculture
",422.26,338.53
3826,2025-2026,Jun,"WEST BENGAL",Agriculture,"General agricultural labourers (including watering/irrigation workers, etc.)
",429.14,364.29
3827,2025-2026,Jun,"WEST BENGAL",Agriculture,"Plant protection workers (applying pesticides, treating seeds, etc.
",480.65,313.33
3828,2025-2026,Jun,"WEST BENGAL",Agriculture,"Animal husbandry workers (including poultry workers, dairy workers & herdsman)
",373.23,@
3829,2024-2025,Jun,"WEST BENGAL",Agriculture,"Ploughing/Tilling workers",467.89,@
3830,2024-2025,Jun,"WEST BENGAL",Agriculture,"Sowing(including Planting/Transplanting/ Weeding) workers)
",382.83,337.18
3831,2024-2025,Jun,"WEST BENGAL",Agriculture,"Harvesting/Winnowing/Threshing workers
",390.33,343.90
3832,2024-2025,Jun,"WEST BENGAL",Agriculture,"Picking workers (including Tea, Cotton, Tobacco and other commercial crops)
",-,@
3833,2024-2025,Jun,"WEST BENGAL",Agriculture,"Horticulture workers (including nursery growers)
",426.00,412.00
3834,2024-2025,Jun,"WEST BENGAL",Agriculture,"Fishermen-inland
",574.60,-
3835,2024-2025,Jun,"WEST BENGAL",Agriculture,"Fishermen-coastal/deep-sea
",@,-
3836,2024-2025,Jun,"WEST BENGAL",Agriculture,"Loggers and wood cutters
",504.75,-
3837,2024-2025,Jun,"WEST BENGAL",Agriculture,"Animal husbandry workers (including poultry workers, dairy workers & herdsman)
",336.80,280.37
3838,2024-2025,Jun,"WEST BENGAL",Agriculture,"Packaging labourers, agriculture
",431.03,@
3839,2024-2025,Jun,"WEST BENGAL",Agriculture,"General agricultural labourers (including watering/irrigation workers, etc.)
",395.74,363.39
3840,2024-2025,Jun,"WEST BENGAL",Agriculture,"Plant protection workers (applying pesticides, treating seeds, etc.
",446.79,313.83
3841,2025-2026,Jun,"Andaman and Nicobar Islands",Agriculture,"Ploughing/Tilling workers",680,680
3842,2025-2026,Jun,"Andaman and Nicobar Islands",Agriculture,"Sowing(including Planting/Transplanting/ Weeding) workers)
",800,800
3843,2025-2026,Jun,"Andaman and Nicobar Islands",Agriculture,"Harvesting/Winnowing/Threshing workers
",840,853.33
3844,2025-2026,Jun,"Andaman and Nicobar Islands",Agriculture,"Picking workers (including Tea, Cotton, Tobacco and other commercial crops)
",-,-
3845,2025-2026,Jun,"Andaman and Nicobar Islands",Agriculture,"Horticulture workers (including nursery growers)
",@,-
3846,2025-2026,Jun,"Andaman and Nicobar Islands",Agriculture,"Fishermen-inland
",-,-
3847,2025-2026,Jun,"Andaman and Nicobar Islands",Agriculture,"Fishermen-coastal/deep-sea
",822.86,-
3848,2025-2026,Jun,"Andaman and Nicobar Islands",Agriculture,"Loggers and wood cutters
",-,-
3849,2025-2026,Jun,"Andaman and Nicobar Islands",Agriculture,"Animal husbandry workers (including poultry workers, dairy workers & herdsman)
",638.1,-
3850,2025-2026,Jun,"Andaman and Nicobar Islands",Agriculture,"Packaging labourers, agriculture
",-,-
3851,2025-2026,Jun,"Andaman and Nicobar Islands",Agriculture,"General agricultural labourers (including watering/irrigation workers, etc.)
",-,-
3852,2025-2026,Jun,"Andaman and Nicobar Islands",Agriculture,"Plant protection workers (applying pesticides, treating seeds, etc.
",-,-
3853,2025-2026,Jun,"Arunachal Pradesh",Agriculture,"Ploughing/Tilling workers",521.4299999999999,450
3854,2025-2026,Jun,"Arunachal Pradesh",Agriculture,"Sowing(including Planting/Transplanting/ Weeding) workers)
",528.5700000000001,428.57
3855,2025-2026,Jun,"Arunachal Pradesh",Agriculture,"Harvesting/Winnowing/Threshing workers
",500,425
3856,2025-2026,Jun,"Arunachal Pradesh",Agriculture,"Picking workers (including Tea, Cotton, Tobacco and other commercial crops)
",450,362.5
3857,2025-2026,Jun,"Arunachal Pradesh",Agriculture,"Horticulture workers (including nursery growers)
",570,@
3858,2025-2026,Jun,"Arunachal Pradesh",Agriculture,"Fishermen-inland
",-,-
3859,2025-2026,Jun,"Arunachal Pradesh",Agriculture,"Fishermen-coastal/deep-sea
",-,-
3860,2025-2026,Jun,"Arunachal Pradesh",Agriculture,"Loggers and wood cutters
",628.5700000000001,-
3861,2025-2026,Jun,"Arunachal Pradesh",Agriculture,"Animal husbandry workers (including poultry workers, dairy workers & herdsman)
",@,@
3862,2025-2026,Jun,"Arunachal Pradesh",Agriculture,"Packaging labourers, agriculture
",@,@
3863,2025-2026,Jun,"Arunachal Pradesh",Agriculture,"General agricultural labourers (including watering/irrigation workers, etc.)
",471.43,@
3864,2025-2026,Jun,"Arunachal Pradesh",Agriculture,"Plant protection workers (applying pesticides, treating seeds, etc.
",728.5700000000001,@
3865,2025-2026,Jun,Chhattisgarh,Agriculture,"Ploughing/Tilling workers",361.76,292
3866,2025-2026,Jun,Chhattisgarh,Agriculture,"Sowing(including Planting/Transplanting/ Weeding) workers)
",300.37,244.81
3867,2025-2026,Jun,Chhattisgarh,Agriculture,"Harvesting/Winnowing/Threshing workers
",280,231
3868,2025-2026,Jun,Chhattisgarh,Agriculture,"Picking workers (including Tea, Cotton, Tobacco and other commercial crops)
",@,@
3869,2025-2026,Jun,Chhattisgarh,Agriculture,"Horticulture workers (including nursery growers)
",264.29,@
3870,2025-2026,Jun,Chhattisgarh,Agriculture,"Fishermen-inland
",@,-
3871,2025-2026,Jun,Chhattisgarh,Agriculture,"Fishermen-coastal/deep-sea
",-,-
3872,2025-2026,Jun,Chhattisgarh,Agriculture,"Loggers and wood cutters
",370,@
3873,2025-2026,Jun,Chhattisgarh,Agriculture,"Animal husbandry workers (including poultry workers, dairy workers & herdsman)
",291.82,225.38
3874,2025-2026,Jun,Chhattisgarh,Agriculture,"Packaging labourers, agriculture
",@,@
3875,2025-2026,Jun,Chhattisgarh,Agriculture,"General agricultural labourers (including watering/irrigation workers, etc.)
",280,228.33
3876,2025-2026,Jun,Chhattisgarh,Agriculture,"Plant protection workers (applying pesticides, treating seeds, etc.
",279.05,220
3877,2025-2026,Jun,"Daman and Diu, Dadra Nagar and Haveli",Agriculture,"Ploughing/Tilling workers",526.67,@
3878,2025-2026,Jun,"Daman and Diu, Dadra Nagar and Haveli",Agriculture,"Sowing(including Planting/Transplanting/ Weeding) workers)
",416.88,441.11
3879,2025-2026,Jun,"Daman and Diu, Dadra Nagar and Haveli",Agriculture,"Harvesting/Winnowing/Threshing workers
",416.88,441.11
3880,2025-2026,Jun,"Daman and Diu, Dadra Nagar and Haveli",Agriculture,"Picking workers (including Tea, Cotton, Tobacco and other commercial crops)
",-,-
3881,2025-2026,Jun,"Daman and Diu, Dadra Nagar and Haveli",Agriculture,"Horticulture workers (including nursery growers)
",@,-
3882,2025-2026,Jun,"Daman and Diu, Dadra Nagar and Haveli",Agriculture,"Fishermen-inland
",@,-
3883,2025-2026,Jun,"Daman and Diu, Dadra Nagar and Haveli",Agriculture,"Fishermen-coastal/deep-sea
",652,-
3884,2025-2026,Jun,"Daman and Diu, Dadra Nagar and Haveli",Agriculture,"Loggers and wood cutters
",535,-
3885,2025-2026,Jun,"Daman and Diu, Dadra Nagar and Haveli",Agriculture,"Animal husbandry workers (including poultry workers, dairy workers & herdsman)
",@,@
3886,2025-2026,Jun,"Daman and Diu, Dadra Nagar and Haveli",Agriculture,"Packaging labourers, agriculture
",@,@
3887,2025-2026,Jun,"Daman and Diu, Dadra Nagar and Haveli",Agriculture,"General agricultural labourers (including watering/irrigation workers, etc.)
",395.71,@
3888,2025-2026,Jun,"Daman and Diu, Dadra Nagar and Haveli",Agriculture,"Plant protection workers (applying pesticides, treating seeds, etc.
",@,-
3889,2025-2026,Jun,Delhi,Agriculture,"Ploughing/Tilling workers",712.5,-
3890,2025-2026,Jun,Delhi,Agriculture,"Sowing(including Planting/Transplanting/ Weeding) workers)
",550,500
3891,2025-2026,Jun,Delhi,Agriculture,"Harvesting/Winnowing/Threshing workers
",537.5,500
3892,2025-2026,Jun,Delhi,Agriculture,"Picking workers (including Tea, Cotton, Tobacco and other commercial crops)
",-,-
3893,2025-2026,Jun,Delhi,Agriculture,"Horticulture workers (including nursery growers)
",-,-
3894,2025-2026,Jun,Delhi,Agriculture,"Fishermen-inland
",-,-
3895,2025-2026,Jun,Delhi,Agriculture,"Fishermen-coastal/deep-sea
",-,-
3896,2025-2026,Jun,Delhi,Agriculture,"Loggers and wood cutters
",-,-
3897,2025-2026,Jun,Delhi,Agriculture,"Animal husbandry workers (including poultry workers, dairy workers & herdsman)
",-,-
3898,2025-2026,Jun,Delhi,Agriculture,"Packaging labourers, agriculture
",-,-
3899,2025-2026,Jun,Delhi,Agriculture,"General agricultural labourers (including watering/irrigation workers, etc.)
",-,-
3900,2025-2026,Jun,Delhi,Agriculture,"Plant protection workers (applying pesticides, treating seeds, etc.
",-,-
3901,2025-2026,Jun,Goa,Agriculture,"Ploughing/Tilling workers",650,-
3902,2025-2026,Jun,Goa,Agriculture,"Sowing(including Planting/Transplanting/ Weeding) workers)
",-,-
3903,2025-2026,Jun,Goa,Agriculture,"Harvesting/Winnowing/Threshing workers
",812.5,575
3904,2025-2026,Jun,Goa,Agriculture,"Picking workers (including Tea, Cotton, Tobacco and other commercial crops)
",575,387.5
3905,2025-2026,Jun,Goa,Agriculture,"Horticulture workers (including nursery growers)
",-,-
3906,2025-2026,Jun,Goa,Agriculture,"Fishermen-inland
",-,-
3907,2025-2026,Jun,Goa,Agriculture,"Fishermen-coastal/deep-sea
",-,-
3908,2025-2026,Jun,Goa,Agriculture,"Loggers and wood cutters
",-,-
3909,2025-2026,Jun,Goa,Agriculture,"Animal husbandry workers (including poultry workers, dairy workers & herdsman)
",-,-
3910,2025-2026,Jun,Goa,Agriculture,"Packaging labourers, agriculture
",-,-
3911,2025-2026,Jun,Goa,Agriculture,"General agricultural labourers (including watering/irrigation workers, etc.)
",575,400
3912,2025-2026,Jun,Goa,Agriculture,"Plant protection workers (applying pesticides, treating seeds, etc.
",437.5,-
3913,2025-2026,Jun,Jharkhand,Agriculture,"Ploughing/Tilling workers",386.25,@
3914,2025-2026,Jun,Jharkhand,Agriculture,"Sowing(including Planting/Transplanting/ Weeding) workers)
",349.44,326.11
3915,2025-2026,Jun,Jharkhand,Agriculture,"Harvesting/Winnowing/Threshing workers
",348.5,298.47
3916,2025-2026,Jun,Jharkhand,Agriculture,"Picking workers (including Tea, Cotton, Tobacco and other commercial crops)
",@,-
3917,2025-2026,Jun,Jharkhand,Agriculture,"Horticulture workers (including nursery growers)
",@,@
3918,2025-2026,Jun,Jharkhand,Agriculture,"Fishermen-inland
",489,-
3919,2025-2026,Jun,Jharkhand,Agriculture,"Fishermen-coastal/deep-sea
",-,-
3920,2025-2026,Jun,Jharkhand,Agriculture,"Loggers and wood cutters
",394,@
3921,2025-2026,Jun,Jharkhand,Agriculture,"Animal husbandry workers (including poultry workers, dairy workers & herdsman)
",348.22,-
3922,2025-2026,Jun,Jharkhand,Agriculture,"Packaging labourers, agriculture
",@,@
3923,2025-2026,Jun,Jharkhand,Agriculture,"General agricultural labourers (including watering/irrigation workers, etc.)
",319.47,295.29
3924,2025-2026,Jun,Jharkhand,Agriculture,"Plant protection workers (applying pesticides, treating seeds, etc.
",398.79,@
3925,2025-2026,Jun,Lakshadweep,Agriculture,"Ploughing/Tilling workers",@,-
3926,2025-2026,Jun,Lakshadweep,Agriculture,"Sowing(including Planting/Transplanting/ Weeding) workers)
",-,-
3927,2025-2026,Jun,Lakshadweep,Agriculture,"Harvesting/Winnowing/Threshing workers
",870,-
3928,2025-2026,Jun,Lakshadweep,Agriculture,"Picking workers (including Tea, Cotton, Tobacco and other commercial crops)
",-,-
3929,2025-2026,Jun,Lakshadweep,Agriculture,"Horticulture workers (including nursery growers)
",-,-
3930,2025-2026,Jun,Lakshadweep,Agriculture,"Fishermen-inland
",-,-
3931,2025-2026,Jun,Lakshadweep,Agriculture,"Fishermen-coastal/deep-sea
",746,-
3932,2025-2026,Jun,Lakshadweep,Agriculture,"Loggers and wood cutters
",431,-
3933,2025-2026,Jun,Lakshadweep,Agriculture,"Animal husbandry workers (including poultry workers, dairy workers & herdsman)
",550,-
3934,2025-2026,Jun,Lakshadweep,Agriculture,"Packaging labourers, agriculture
",-,-
3935,2025-2026,Jun,Lakshadweep,Agriculture,"General agricultural labourers (including watering/irrigation workers, etc.)
",-,-
3936,2025-2026,Jun,Lakshadweep,Agriculture,"Plant protection workers (applying pesticides, treating seeds, etc.
",-,-
3937,2025-2026,Jun,Mizoram,Agriculture,"Ploughing/Tilling workers",587.5,487.5
3938,2025-2026,Jun,Mizoram,Agriculture,"Sowing(including Planting/Transplanting/ Weeding) workers)
",587.5,487.5
3939,2025-2026,Jun,Mizoram,Agriculture,"Harvesting/Winnowing/Threshing workers
",587.5,487.5
3940,2025-2026,Jun,Mizoram,Agriculture,"Picking workers (including Tea, Cotton, Tobacco and other commercial crops)
",587.5,487.5
3941,2025-2026,Jun,Mizoram,Agriculture,"Horticulture workers (including nursery growers)
",587.5,503.75
3942,2025-2026,Jun,Mizoram,Agriculture,"Fishermen-inland
",587.5,-
3943,2025-2026,Jun,Mizoram,Agriculture,"Fishermen-coastal/deep-sea
",-,-
3944,2025-2026,Jun,Mizoram,Agriculture,"Loggers and wood cutters
",818.75,-
3945,2025-2026,Jun,Mizoram,Agriculture,"Packaging labourers, agriculture
",575,468.75
3946,2025-2026,Jun,Mizoram,Agriculture,"General agricultural labourers (including watering/irrigation workers, etc.)
",587.5,487.5
3947,2025-2026,Jun,Mizoram,Agriculture,"Plant protection workers (applying pesticides, treating seeds, etc.
",587.5,487.5
3948,2025-2026,Jun,Mizoram,Agriculture,"Animal husbandry workers (including poultry workers, dairy workers & herdsman)
",587.50,500.00
3949,2025-2026,Jun,Nagaland,Agriculture,"Ploughing/Tilling workers",502.08,429.17
3950,2025-2026,Jun,Nagaland,Agriculture,"Sowing(including Planting/Transplanting/ Weeding) workers)
",502.08,429.17
3951,2025-2026,Jun,Nagaland,Agriculture,"Harvesting/Winnowing/Threshing workers
",536.01,458.04
3952,2025-2026,Jun,Nagaland,Agriculture,"Picking workers (including Tea, Cotton, Tobacco and other commercial crops)
",@,@
3953,2025-2026,Jun,Nagaland,Agriculture,"Horticulture workers (including nursery growers)
",560.54,483.67
3954,2025-2026,Jun,Nagaland,Agriculture,"Fishermen-inland
",@,-
3955,2025-2026,Jun,Nagaland,Agriculture,"Fishermen-coastal/deep-sea
",-,-
3956,2025-2026,Jun,Nagaland,Agriculture,"Loggers and wood cutters
",937.5,-
3957,2025-2026,Jun,Nagaland,Agriculture,"Packaging labourers, agriculture
",@,@
3958,2025-2026,Jun,Nagaland,Agriculture,"General agricultural labourers (including watering/irrigation workers, etc.)
",@,@
3959,2025-2026,Jun,Nagaland,Agriculture,"Plant protection workers (applying pesticides, treating seeds, etc.
",673.21,-
3960,2025-2026,Jun,Nagaland,Agriculture,"Animal husbandry workers (including poultry workers, dairy workers & herdsman)
",@,-
3961,2025-2026,Jun,Puducerry,Agriculture,"Ploughing/Tilling workers",-,-
3962,2025-2026,Jun,Puducerry,Agriculture,"Sowing(including Planting/Transplanting/ Weeding) workers)
",865,451.43
3963,2025-2026,Jun,Puducerry,Agriculture,"Harvesting/Winnowing/Threshing workers
",966.25,492
3964,2025-2026,Jun,Puducerry,Agriculture,"Picking workers (including Tea, Cotton, Tobacco and other commercial crops)
",-,333.33
3965,2025-2026,Jun,Puducerry,Agriculture,"Horticulture workers (including nursery growers)
",-,-
3966,2025-2026,Jun,Puducerry,Agriculture,"Fishermen-inland
",-,-
3967,2025-2026,Jun,Puducerry,Agriculture,"Fishermen-coastal/deep-sea
",-,-
3968,2025-2026,Jun,Puducerry,Agriculture,"Loggers and wood cutters
",906.25,-
3969,2025-2026,Jun,Puducerry,Agriculture,"Packaging labourers, agriculture
",604,302
3970,2025-2026,Jun,Puducerry,Agriculture,"General agricultural labourers (including watering/irrigation workers, etc.)
",691.67,352
3971,2025-2026,Jun,Puducerry,Agriculture,"Plant protection workers (applying pesticides, treating seeds, etc.
",615,@
3972,2025-2026,Jun,Puducerry,Agriculture,"Animal husbandry workers (including poultry workers, dairy workers & herdsman)
",-,-
3973,2025-2026,Jun,Sikkim,Agriculture,"Ploughing/Tilling workers",1544.64,-
3974,2025-2026,Jun,Sikkim,Agriculture,"Sowing(including Planting/Transplanting/ Weeding) workers)
",597.62,535.71
3975,2025-2026,Jun,Sikkim,Agriculture,"Harvesting/Winnowing/Threshing workers
",478.57,478.57
3976,2025-2026,Jun,Sikkim,Agriculture,"Picking workers (including Tea, Cotton, Tobacco and other commercial crops)
",-,-
3977,2025-2026,Jun,Sikkim,Agriculture,"Horticulture workers (including nursery growers)
",476.19,476.19
3978,2025-2026,Jun,Sikkim,Agriculture,"Fishermen-inland
",-,-
3979,2025-2026,Jun,Sikkim,Agriculture,"Fishermen-coastal/deep-sea
",-,-
3980,2025-2026,Jun,Sikkim,Agriculture,"Loggers and wood cutters
",855.36,-
3981,2025-2026,Jun,Sikkim,Agriculture,"Packaging labourers, agriculture
",-,-
3982,2025-2026,Jun,Sikkim,Agriculture,"General agricultural labourers (including watering/irrigation workers, etc.)
",478.57,468.57
3983,2025-2026,Jun,Sikkim,Agriculture,"Plant protection workers (applying pesticides, treating seeds, etc.
",-,-
3984,2025-2026,Jun,Sikkim,Agriculture,"Animal husbandry workers (including poultry workers, dairy workers & herdsman)
",-,-
3985,2025-2026,Jun,Telangana,Agriculture,"Ploughing/Tilling workers",682.59,@
3986,2025-2026,Jun,Telangana,Agriculture,"Sowing(including Planting/Transplanting/ Weeding) workers)
",567.33,385.67
3987,2025-2026,Jun,Telangana,Agriculture,"Harvesting/Winnowing/Threshing workers
",576.55,447.65
3988,2025-2026,Jun,Telangana,Agriculture,"Picking workers (including Tea, Cotton, Tobacco and other commercial crops)
",493.57,364.29
3989,2025-2026,Jun,Telangana,Agriculture,"Horticulture workers (including nursery growers)
",@,337.5
3990,2025-2026,Jun,Telangana,Agriculture,"Fishermen-inland
",-,-
3991,2025-2026,Jun,Telangana,Agriculture,"Fishermen-coastal/deep-sea
",-,-
3992,2025-2026,Jun,Telangana,Agriculture,"Loggers and wood cutters
",383.33,-
3993,2025-2026,Jun,Telangana,Agriculture,"Packaging labourers, agriculture
",@,-
3994,2025-2026,Jun,Telangana,Agriculture,"General agricultural labourers (including watering/irrigation workers, etc.)
",431.38,366.96
3995,2025-2026,Jun,Telangana,Agriculture,"Plant protection workers (applying pesticides, treating seeds, etc.
",400,-
3996,2025-2026,Jun,Telangana,Agriculture,"Animal husbandry workers (including poultry workers, dairy workers & herdsman)
",325.00,-
3997,2025-2026,Jun,Uttarakhand,Agriculture,"Ploughing/Tilling workers",611.11,480
3998,2025-2026,Jun,Uttarakhand,Agriculture,"Sowing(including Planting/Transplanting/ Weeding) workers)
",583.33,487.5
3999,2025-2026,Jun,Uttarakhand,Agriculture,"Harvesting/Winnowing/Threshing workers
",595,544.4400000000001
4000,2025-2026,Jun,Uttarakhand,Agriculture,"Picking workers (including Tea, Cotton, Tobacco and other commercial crops)
",-,-
4001,2025-2026,Jun,Uttarakhand,Agriculture,"Horticulture workers (including nursery growers)
",530,@
4002,2025-2026,Jun,Uttarakhand,Agriculture,"Fishermen-inland
",-,-
4003,2025-2026,Jun,Uttarakhand,Agriculture,"Fishermen-coastal/deep-sea
",-,-
4004,2025-2026,Jun,Uttarakhand,Agriculture,"Loggers and wood cutters
",655,-
4005,2025-2026,Jun,Uttarakhand,Agriculture,"Packaging labourers, agriculture
",@,@
4006,2025-2026,Jun,Uttarakhand,Agriculture,"General agricultural labourers (including watering/irrigation workers, etc.)
",511.11,391.67
4007,2025-2026,Jun,Uttarakhand,Agriculture,"Plant protection workers (applying pesticides, treating seeds, etc.
",@,-
4008,2025-2026,Jun,Uttarakhand,Agriculture,"Animal husbandry workers (including poultry workers, dairy workers & herdsman)
",478.57,@
4009,2025-2026,Jun,"All India",Agriculture,"Ploughing/Tilling workers",548.58,415.90
4010,2025-2026,Jun,"All India",Agriculture,"Sowing(including Planting/Transplanting/ Weeding) workers)
",483.74,395.53
4011,2025-2026,Jun,"All India",Agriculture,"Harvesting/Winnowing/Threshing workers
",491.16,398.94
4012,2025-2026,Jun,"All India",Agriculture,"Picking workers (including Tea, Cotton, Tobacco and other commercial crops)
",441.28,372.47
4013,2025-2026,Jun,"All India",Agriculture,"Horticulture workers (including nursery growers)
",466.08,375.63
4014,2025-2026,Jun,"All India",Agriculture,"Fishermen-inland
",513.95,341.18
4015,2025-2026,Jun,"All India",Agriculture,"Fishermen-coastal/deep-sea
",750.00,-
4016,2025-2026,Jun,"All India",Agriculture,"Loggers and wood cutters
",570.89,358.12
4017,2025-2026,Jun,"All India",Agriculture,"Animal husbandry workers (including poultry workers, dairy workers & herdsman)
",410.71,362.52
4018,2025-2026,Jun,"All India",Agriculture,"Packaging labourers, agriculture
",469.11,396.03
4019,2025-2026,Jun,"All India",Agriculture,"General agricultural labourers (including watering/irrigation workers, etc.)
",457.61,375.65
4020,2025-2026,Jun,"All India",Agriculture,"Plant protection workers (applying pesticides, treating seeds, etc.
",505.90,421.08
4021,2024-2025,Jun,"All India",Agriculture,"Ploughing/Tilling workers",464.94,326.70
4022,2024-2025,Jun,"All India",Agriculture,"Sowing(including Planting/Transplanting/ Weeding) workers)
",426.33,354.36
4023,2024-2025,Jun,"All India",Agriculture,"Harvesting/Winnowing/Threshing workers
",429.36,356.84
4024,2024-2025,Jun,"All India",Agriculture,"Picking workers (including Tea, Cotton, Tobacco and other commercial crops)
",393.90,344.87
4025,2024-2025,Jun,"All India",Agriculture,"Horticulture workers (including nursery growers)
",429.87,328.89
4026,2024-2025,Jun,"All India",Agriculture,"Fishermen-inland
",483.27,@
4027,2024-2025,Jun,"All India",Agriculture,"Fishermen-coastal/deep-sea
",458.00,@
4028,2024-2025,Jun,"All India",Agriculture,"Loggers and wood cutters
",509.47,312.58
4029,2024-2025,Jun,"All India",Agriculture,"Animal husbandry workers (including poultry workers, dairy workers & herdsman)
",338.15,269.91
4030,2024-2025,Jun,"All India",Agriculture,"Packaging labourers, agriculture
",393.81,333.30
4031,2024-2025,Jun,"All India",Agriculture,"General agricultural labourers (including watering/irrigation workers, etc.)
",418.40,334.25
4032,2024-2025,Jun,"All India",Agriculture,"Plant protection workers (applying pesticides, treating seeds, etc.
",466.22,312.64
4033,2025-2026,Jul,"ANDHRA PRADESH",Agriculture,"Ploughing/Tilling workers",693.49,@
4034,2025-2026,Jul,"ANDHRA PRADESH",Agriculture,"Sowing(including Planting/Transplanting/ Weeding) workers)
",595.66,419.64
4035,2025-2026,Jul,"ANDHRA PRADESH",Agriculture,"Harvesting/Winnowing/Threshing workers
",628.29,451.29
4036,2025-2026,Jul,"ANDHRA PRADESH",Agriculture,"Picking workers (including Tea, Cotton, Tobacco and other commercial crops)
",@,453.33
4037,2025-2026,Jul,"ANDHRA PRADESH",Agriculture,"Horticulture workers (including nursery growers)
",611.14,444.95
4038,2025-2026,Jul,"ANDHRA PRADESH",Agriculture,"Fishermen-inland
",-,-
4039,2025-2026,Jul,"ANDHRA PRADESH",Agriculture,"Fishermen-coastal/deep-sea
",-,-
4040,2024-2025,Jul,"ANDHRA PRADESH",Agriculture,"Ploughing/Tilling workers",629.30,@
4041,2024-2025,Jul,"ANDHRA PRADESH",Agriculture,"Sowing(including Planting/Transplanting/ Weeding) workers)
",523.77,403.90
4042,2024-2025,Jul,"ANDHRA PRADESH",Agriculture,"Harvesting/Winnowing/Threshing workers
",534.64,399.51
4043,2024-2025,Jul,"ANDHRA PRADESH",Agriculture,"Picking workers (including Tea, Cotton, Tobacco and other commercial crops)
",441.25,376.88
4044,2024-2025,Jul,"ANDHRA PRADESH",Agriculture,"Horticulture workers (including nursery growers)
",@,316.00
4045,2024-2025,Jul,"ANDHRA PRADESH",Agriculture,"Fishermen-inland
",@,@
4046,2024-2025,Jul,"ANDHRA PRADESH",Agriculture,"Fishermen-coastal/deep-sea
",-,-
4047,2024-2025,Jul,"ANDHRA PRADESH",Agriculture,"Loggers and wood cutters
",482.57,-
4048,2024-2025,Jul,"ANDHRA PRADESH",Agriculture,"Animal husbandry workers (including poultry workers, dairy workers & herdsman)
",339.23,@
4049,2024-2025,Jul,"ANDHRA PRADESH",Agriculture,"Packaging labourers, agriculture
",@,@
4050,2024-2025,Jul,"ANDHRA PRADESH",Agriculture,"General agricultural labourers (including watering/irrigation workers, etc.)
",463.76,337.16
4051,2024-2025,Jul,"ANDHRA PRADESH",Agriculture,"Plant protection workers (applying pesticides, treating seeds, etc.
",703.19,@
4052,2025-2026,Jul,"ANDHRA PRADESH",Agriculture,"Loggers and wood cutters
",568.29,-
4053,2025-2026,Jul,"ANDHRA PRADESH",Agriculture,"Animal husbandry workers (including poultry workers, dairy workers & herdsman)
",@,-
4054,2025-2026,Jul,"ANDHRA PRADESH",Agriculture,"Packaging labourers, agriculture
",@,@
4055,2025-2026,Jul,"ANDHRA PRADESH",Agriculture,"General agricultural labourers (including watering/irrigation workers, etc.)
",555.28,422.38
4056,2025-2026,Jul,"ANDHRA PRADESH",Agriculture,"Plant protection workers (applying pesticides, treating seeds, etc.
",873.61,-
4057,2025-2026,Jul,ASSAM,Agriculture,"Loggers and wood cutters
",484.76,-
4058,2025-2026,Jul,ASSAM,Agriculture,"Animal husbandry workers (including poultry workers, dairy workers & herdsman)
",456.49,355.33
4059,2025-2026,Jul,ASSAM,Agriculture,"Packaging labourers, agriculture
",@,@
4060,2025-2026,Jul,ASSAM,Agriculture,"General agricultural labourers (including watering/irrigation workers, etc.)
",385.62,337.32
4061,2025-2026,Jul,ASSAM,Agriculture,"Plant protection workers (applying pesticides, treating seeds, etc.
",392,@
4062,2025-2026,Jul,ASSAM,Agriculture,"Ploughing/Tilling workers",515,-
4063,2025-2026,Jul,ASSAM,Agriculture,"Sowing(including Planting/Transplanting/ Weeding) workers)
",424.62,367.19
4064,2025-2026,Jul,ASSAM,Agriculture,"Harvesting/Winnowing/Threshing workers
",467,393
4065,2025-2026,Jul,ASSAM,Agriculture,"Picking workers (including Tea, Cotton, Tobacco and other commercial crops)
",@,@
4066,2025-2026,Jul,ASSAM,Agriculture,"Horticulture workers (including nursery growers)
",435.61,305
4067,2025-2026,Jul,ASSAM,Agriculture,"Fishermen-inland
",-,-
4068,2025-2026,Jul,ASSAM,Agriculture,"Fishermen-coastal/deep-sea
",-,-
4069,2024-2025,Jul,ASSAM,Agriculture,"Ploughing/Tilling workers",414.32,@
4070,2024-2025,Jul,ASSAM,Agriculture,"Sowing(including Planting/Transplanting/ Weeding) workers)
",393.61,313.33
4071,2024-2025,Jul,ASSAM,Agriculture,"Harvesting/Winnowing/Threshing workers
",393.33,308.52
4072,2024-2025,Jul,ASSAM,Agriculture,"Picking workers (including Tea, Cotton, Tobacco and other commercial crops)
",@,@
4073,2024-2025,Jul,ASSAM,Agriculture,"Horticulture workers (including nursery growers)
",-,342.22
4074,2024-2025,Jul,ASSAM,Agriculture,"Fishermen-inland
",-,-
4075,2024-2025,Jul,ASSAM,Agriculture,"Fishermen-coastal/deep-sea
",-,-
4076,2024-2025,Jul,ASSAM,Agriculture,"Loggers and wood cutters
",377.00,-
4077,2024-2025,Jul,ASSAM,Agriculture,"Animal husbandry workers (including poultry workers, dairy workers & herdsman)
",298.33,-
4078,2024-2025,Jul,ASSAM,Agriculture,"Packaging labourers, agriculture
",374.00,@
4079,2024-2025,Jul,ASSAM,Agriculture,"General agricultural labourers (including watering/irrigation workers, etc.)
",374.21,331.85
4080,2024-2025,Jul,ASSAM,Agriculture,"Plant protection workers (applying pesticides, treating seeds, etc.
",@,@
4081,2024-2025,Jul,BIHAR,Agriculture,"Ploughing/Tilling workers",408.71,-
4082,2024-2025,Jul,BIHAR,Agriculture,"Sowing(including Planting/Transplanting/ Weeding) workers)
",393.27,332.90
4083,2024-2025,Jul,BIHAR,Agriculture,"Harvesting/Winnowing/Threshing workers
",378.52,339.37
4084,2024-2025,Jul,BIHAR,Agriculture,"Picking workers (including Tea, Cotton, Tobacco and other commercial crops)
",340.90,@
4085,2024-2025,Jul,BIHAR,Agriculture,"Horticulture workers (including nursery growers)
",294.17,264.52
4086,2024-2025,Jul,BIHAR,Agriculture,"Fishermen-inland
",338.48,-
4087,2024-2025,Jul,BIHAR,Agriculture,"Fishermen-coastal/deep-sea
",-,-
4088,2024-2025,Jul,BIHAR,Agriculture,"Loggers and wood cutters
",475.80,-
4089,2024-2025,Jul,BIHAR,Agriculture,"Animal husbandry workers (including poultry workers, dairy workers & herdsman)
",307.72,301.67
4090,2024-2025,Jul,BIHAR,Agriculture,"Packaging labourers, agriculture
",325.00,323.33
4091,2024-2025,Jul,BIHAR,Agriculture,"General agricultural labourers (including watering/irrigation workers, etc.)
",357.22,324.46
4092,2024-2025,Jul,BIHAR,Agriculture,"Plant protection workers (applying pesticides, treating seeds, etc.
",372.36,@
4093,2025-2026,Jul,BIHAR,Agriculture,"Loggers and wood cutters
",523.38,-
4094,2025-2026,Jul,BIHAR,Agriculture,"Animal husbandry workers (including poultry workers, dairy workers & herdsman)
",376.29,@
4095,2025-2026,Jul,BIHAR,Agriculture,"Packaging labourers, agriculture
",338.89,260
4096,2025-2026,Jul,BIHAR,Agriculture,"General agricultural labourers (including watering/irrigation workers, etc.)
",371.57,287.5
4097,2025-2026,Jul,BIHAR,Agriculture,"Plant protection workers (applying pesticides, treating seeds, etc.
",382.22,278.57
4098,2025-2026,Jul,BIHAR,Agriculture,"Ploughing/Tilling workers",438.08,@
4099,2025-2026,Jul,BIHAR,Agriculture,"Sowing(including Planting/Transplanting/ Weeding) workers)
",383.81,327.07
4100,2025-2026,Jul,BIHAR,Agriculture,"Harvesting/Winnowing/Threshing workers
",386.24,322.17
4101,2025-2026,Jul,BIHAR,Agriculture,"Picking workers (including Tea, Cotton, Tobacco and other commercial crops)
",@,@
4102,2025-2026,Jul,BIHAR,Agriculture,"Horticulture workers (including nursery growers)
",344.44,283.33
4103,2025-2026,Jul,BIHAR,Agriculture,"Fishermen-inland
",450,-
4104,2025-2026,Jul,BIHAR,Agriculture,"Fishermen-coastal/deep-sea
",-,-
4105,2025-2026,Jul,GUJARAT,Agriculture,"Ploughing/Tilling workers",391.03,345.83
4106,2025-2026,Jul,GUJARAT,Agriculture,"Sowing(including Planting/Transplanting/ Weeding) workers)
",338.89,333.75
4107,2025-2026,Jul,GUJARAT,Agriculture,"Harvesting/Winnowing/Threshing workers
",340.29,327.79
4108,2025-2026,Jul,GUJARAT,Agriculture,"Picking workers (including Tea, Cotton, Tobacco and other commercial crops)
",333.32,321.11
4109,2025-2026,Jul,GUJARAT,Agriculture,"Horticulture workers (including nursery growers)
",293.33,272
4110,2025-2026,Jul,GUJARAT,Agriculture,"Fishermen-inland
",@,@
4111,2025-2026,Jul,GUJARAT,Agriculture,"Fishermen-coastal/deep-sea
",-,-
4112,2024-2025,Jul,GUJARAT,Agriculture,"Ploughing/Tilling workers",342.76,288.00
4113,2024-2025,Jul,GUJARAT,Agriculture,"Sowing(including Planting/Transplanting/ Weeding) workers)
",301.50,290.86
4114,2024-2025,Jul,GUJARAT,Agriculture,"Harvesting/Winnowing/Threshing workers
",304.17,299.83
4115,2024-2025,Jul,GUJARAT,Agriculture,"Picking workers (including Tea, Cotton, Tobacco and other commercial crops)
",299.40,297.40
4116,2024-2025,Jul,GUJARAT,Agriculture,"Horticulture workers (including nursery growers)
",225.71,228.33
4117,2024-2025,Jul,GUJARAT,Agriculture,"Fishermen-inland
",@,-
4118,2024-2025,Jul,GUJARAT,Agriculture,"Fishermen-coastal/deep-sea
",-,-
4119,2024-2025,Jul,GUJARAT,Agriculture,"Loggers and wood cutters
",360.77,@
4120,2024-2025,Jul,GUJARAT,Agriculture,"Animal husbandry workers (including poultry workers, dairy workers & herdsman)
",257.73,@
4121,2024-2025,Jul,GUJARAT,Agriculture,"Packaging labourers, agriculture
",244.29,@
4122,2024-2025,Jul,GUJARAT,Agriculture,"General agricultural labourers (including watering/irrigation workers, etc.)
",279.21,273.82
4123,2024-2025,Jul,GUJARAT,Agriculture,"Plant protection workers (applying pesticides, treating seeds, etc.
",258.33,-
4124,2025-2026,Jul,GUJARAT,Agriculture,"Loggers and wood cutters
",394.35,368.33
4125,2025-2026,Jul,GUJARAT,Agriculture,"Animal husbandry workers (including poultry workers, dairy workers & herdsman)
",360.74,@
4126,2025-2026,Jul,GUJARAT,Agriculture,"Packaging labourers, agriculture
",337.14,308.75
4127,2025-2026,Jul,GUJARAT,Agriculture,"General agricultural labourers (including watering/irrigation workers, etc.)
",331.35,290.94
4128,2025-2026,Jul,GUJARAT,Agriculture,"Plant protection workers (applying pesticides, treating seeds, etc.
",343.7,333.13
4129,2025-2026,Jul,HARYANA,Agriculture,"Fishermen-coastal/deep-sea
",-,-
4130,2025-2026,Jul,HARYANA,Agriculture,"Loggers and wood cutters
",501.25,-
4131,2025-2026,Jul,HARYANA,Agriculture,"Animal husbandry workers (including poultry workers, dairy workers & herdsman)
",416.21,376.67
4132,2025-2026,Jul,HARYANA,Agriculture,"Packaging labourers, agriculture
",546,565.71
4133,2025-2026,Jul,HARYANA,Agriculture,"General agricultural labourers (including watering/irrigation workers, etc.)
",583.05,502.67
4134,2025-2026,Jul,HARYANA,Agriculture,"Plant protection workers (applying pesticides, treating seeds, etc.
",578.29,@
4135,2025-2026,Jul,HARYANA,Agriculture,"Ploughing/Tilling workers",582.75,@
4136,2025-2026,Jul,HARYANA,Agriculture,"Sowing(including Planting/Transplanting/ Weeding) workers)
",608.29,513.9
4137,2025-2026,Jul,HARYANA,Agriculture,"Harvesting/Winnowing/Threshing workers
",517,398.8
4138,2025-2026,Jul,HARYANA,Agriculture,"Picking workers (including Tea, Cotton, Tobacco and other commercial crops)
",540,540
4139,2025-2026,Jul,HARYANA,Agriculture,"Horticulture workers (including nursery growers)
",@,@
4140,2025-2026,Jul,HARYANA,Agriculture,"Fishermen-inland
",-,-
4141,2024-2025,Jul,HARYANA,Agriculture,"Ploughing/Tilling workers",498.50,@
4142,2024-2025,Jul,HARYANA,Agriculture,"Sowing(including Planting/Transplanting/ Weeding) workers)
",485.67,445.82
4143,2024-2025,Jul,HARYANA,Agriculture,"Harvesting/Winnowing/Threshing workers
",498.91,460.80
4144,2024-2025,Jul,HARYANA,Agriculture,"Picking workers (including Tea, Cotton, Tobacco and other commercial crops)
",485.00,475.00
4145,2024-2025,Jul,HARYANA,Agriculture,"Horticulture workers (including nursery growers)
",@,@
4146,2024-2025,Jul,HARYANA,Agriculture,"Fishermen-inland
",-,-
4147,2024-2025,Jul,HARYANA,Agriculture,"Fishermen-coastal/deep-sea
",-,-
4148,2024-2025,Jul,HARYANA,Agriculture,"Loggers and wood cutters
",514.00,-
4149,2024-2025,Jul,HARYANA,Agriculture,"Animal husbandry workers (including poultry workers, dairy workers & herdsman)
",473.33,@
4150,2024-2025,Jul,HARYANA,Agriculture,"Packaging labourers, agriculture
",@,@
4151,2024-2025,Jul,HARYANA,Agriculture,"General agricultural labourers (including watering/irrigation workers, etc.)
",485.67,428.00
4152,2024-2025,Jul,HARYANA,Agriculture,"Plant protection workers (applying pesticides, treating seeds, etc.
",509.75,-
4153,2024-2025,Jul,"HIMACHAL PRADESH",Agriculture,"Ploughing/Tilling workers",578.00,-
4154,2024-2025,Jul,"HIMACHAL PRADESH",Agriculture,"Sowing(including Planting/Transplanting/ Weeding) workers)
",475.00,@
4155,2024-2025,Jul,"HIMACHAL PRADESH",Agriculture,"Harvesting/Winnowing/Threshing workers
",498.00,@
4156,2024-2025,Jul,"HIMACHAL PRADESH",Agriculture,"Picking workers (including Tea, Cotton, Tobacco and other commercial crops)
",-,-
4157,2024-2025,Jul,"HIMACHAL PRADESH",Agriculture,"Horticulture workers (including nursery growers)
",476.00,@
4158,2024-2025,Jul,"HIMACHAL PRADESH",Agriculture,"Fishermen-inland
",-,-
4159,2024-2025,Jul,"HIMACHAL PRADESH",Agriculture,"Fishermen-coastal/deep-sea
",-,-
4160,2024-2025,Jul,"HIMACHAL PRADESH",Agriculture,"Loggers and wood cutters
",568.00,-
4161,2024-2025,Jul,"HIMACHAL PRADESH",Agriculture,"Animal husbandry workers (including poultry workers, dairy workers & herdsman)
",@,@
4162,2024-2025,Jul,"HIMACHAL PRADESH",Agriculture,"Packaging labourers, agriculture
",-,-
4163,2024-2025,Jul,"HIMACHAL PRADESH",Agriculture,"General agricultural labourers (including watering/irrigation workers, etc.)
",516.00,@
4164,2024-2025,Jul,"HIMACHAL PRADESH",Agriculture,"Plant protection workers (applying pesticides, treating seeds, etc.
",@,-
4165,2025-2026,Jul,"HIMACHAL PRADESH",Agriculture,"Fishermen-coastal/deep-sea
",-,-
4166,2025-2026,Jul,"HIMACHAL PRADESH",Agriculture,"Loggers and wood cutters
",636.25,@
4167,2025-2026,Jul,"HIMACHAL PRADESH",Agriculture,"Animal husbandry workers (including poultry workers, dairy workers & herdsman)
",@,@
4168,2025-2026,Jul,"HIMACHAL PRADESH",Agriculture,"Packaging labourers, agriculture
",@,@
4169,2025-2026,Jul,"HIMACHAL PRADESH",Agriculture,"General agricultural labourers (including watering/irrigation workers, etc.)
",511.82,511.25
4170,2025-2026,Jul,"HIMACHAL PRADESH",Agriculture,"Plant protection workers (applying pesticides, treating seeds, etc.
",691.67,@
4171,2025-2026,Jul,"HIMACHAL PRADESH",Agriculture,"Ploughing/Tilling workers",744.4400000000001,@
4172,2025-2026,Jul,"HIMACHAL PRADESH",Agriculture,"Sowing(including Planting/Transplanting/ Weeding) workers)
",587.5,562.5
4173,2025-2026,Jul,"HIMACHAL PRADESH",Agriculture,"Harvesting/Winnowing/Threshing workers
",576,556
4174,2025-2026,Jul,"HIMACHAL PRADESH",Agriculture,"Picking workers (including Tea, Cotton, Tobacco and other commercial crops)
",-,-
4175,2025-2026,Jul,"HIMACHAL PRADESH",Agriculture,"Horticulture workers (including nursery growers)
",538,538
4176,2025-2026,Jul,"HIMACHAL PRADESH",Agriculture,"Fishermen-inland
",@,-
4177,2025-2026,Jul,"JAMMU & KASHMIR
",Agriculture,"Ploughing/Tilling workers",736.8200000000001,-
4178,2025-2026,Jul,"JAMMU & KASHMIR
",Agriculture,"Sowing(including Planting/Transplanting/ Weeding) workers)
",664.5,@
4179,2025-2026,Jul,"JAMMU & KASHMIR
",Agriculture,"Harvesting/Winnowing/Threshing workers
",643.53,620
4180,2025-2026,Jul,"JAMMU & KASHMIR
",Agriculture,"Picking workers (including Tea, Cotton, Tobacco and other commercial crops)
",@,-
4181,2025-2026,Jul,"JAMMU & KASHMIR
",Agriculture,"Horticulture workers (including nursery growers)
",661.67,-
4182,2025-2026,Jul,"JAMMU & KASHMIR
",Agriculture,"Fishermen-inland
",-,-
4183,2024-2025,Jul,"JAMMU & KASHMIR
",Agriculture,"Ploughing/Tilling workers",703.85,-
4184,2024-2025,Jul,"JAMMU & KASHMIR
",Agriculture,"Sowing(including Planting/Transplanting/ Weeding) workers)
",629.38,@
4185,2024-2025,Jul,"JAMMU & KASHMIR
",Agriculture,"Harvesting/Winnowing/Threshing workers
",634.62,@
4186,2024-2025,Jul,"JAMMU & KASHMIR
",Agriculture,"Picking workers (including Tea, Cotton, Tobacco and other commercial crops)
",@,-
4187,2024-2025,Jul,"JAMMU & KASHMIR
",Agriculture,"Horticulture workers (including nursery growers)
",620.00,-
4188,2024-2025,Jul,"JAMMU & KASHMIR
",Agriculture,"Fishermen-inland
",-,-
4189,2024-2025,Jul,"JAMMU & KASHMIR
",Agriculture,"Fishermen-coastal/deep-sea
",-,-
4190,2024-2025,Jul,"JAMMU & KASHMIR
",Agriculture,"Loggers and wood cutters
",629.00,-
4191,2024-2025,Jul,"JAMMU & KASHMIR
",Agriculture,"Animal husbandry workers (including poultry workers, dairy workers & herdsman)
",554.44,-
4192,2024-2025,Jul,"JAMMU & KASHMIR
",Agriculture,"Packaging labourers, agriculture
",640.00,-
4193,2024-2025,Jul,"JAMMU & KASHMIR
",Agriculture,"General agricultural labourers (including watering/irrigation workers, etc.)
",588.00,@
4194,2024-2025,Jul,"JAMMU & KASHMIR
",Agriculture,"Plant protection workers (applying pesticides, treating seeds, etc.
",@,-
4195,2025-2026,Jul,"JAMMU & KASHMIR
",Agriculture,"Fishermen-coastal/deep-sea
",-,-
4196,2025-2026,Jul,"JAMMU & KASHMIR
",Agriculture,"Loggers and wood cutters
",745.26,-
4197,2025-2026,Jul,"JAMMU & KASHMIR
",Agriculture,"Animal husbandry workers (including poultry workers, dairy workers & herdsman)
",452.78,-
4198,2025-2026,Jul,"JAMMU & KASHMIR
",Agriculture,"Packaging labourers, agriculture
",662.5,-
4199,2025-2026,Jul,"JAMMU & KASHMIR
",Agriculture,"General agricultural labourers (including watering/irrigation workers, etc.)
",585.29,-
4200,2025-2026,Jul,"JAMMU & KASHMIR
",Agriculture,"Plant protection workers (applying pesticides, treating seeds, etc.
",700,-
4201,2025-2026,Jul,KARNATAKA,Agriculture,"Fishermen-coastal/deep-sea
",-,-
4202,2025-2026,Jul,KARNATAKA,Agriculture,"Loggers and wood cutters
",618.86,-
4203,2025-2026,Jul,KARNATAKA,Agriculture,"Animal husbandry workers (including poultry workers, dairy workers & herdsman)
",531.79,@
4204,2025-2026,Jul,KARNATAKA,Agriculture,"Packaging labourers, agriculture
",499.46,392
4205,2025-2026,Jul,KARNATAKA,Agriculture,"General agricultural labourers (including watering/irrigation workers, etc.)
",515.5599999999999,397.44
4206,2025-2026,Jul,KARNATAKA,Agriculture,"Plant protection workers (applying pesticides, treating seeds, etc.
",481.77,406
4207,2025-2026,Jul,KARNATAKA,Agriculture,"Ploughing/Tilling workers",610.61,@
4208,2025-2026,Jul,KARNATAKA,Agriculture,"Sowing(including Planting/Transplanting/ Weeding) workers)
",553.8,414.44
4209,2025-2026,Jul,KARNATAKA,Agriculture,"Harvesting/Winnowing/Threshing workers
",499.6,342.26
4210,2025-2026,Jul,KARNATAKA,Agriculture,"Picking workers (including Tea, Cotton, Tobacco and other commercial crops)
",493.08,350.77
4211,2025-2026,Jul,KARNATAKA,Agriculture,"Horticulture workers (including nursery growers)
",543.92,350.24
4212,2025-2026,Jul,KARNATAKA,Agriculture,"Fishermen-inland
",@,-
4213,2024-2025,Jul,KARNATAKA,Agriculture,"Ploughing/Tilling workers",507.82,266.67
4214,2024-2025,Jul,KARNATAKA,Agriculture,"Sowing(including Planting/Transplanting/ Weeding) workers)
",450.33,334.29
4215,2024-2025,Jul,KARNATAKA,Agriculture,"Harvesting/Winnowing/Threshing workers
",452.67,319.33
4216,2024-2025,Jul,KARNATAKA,Agriculture,"Picking workers (including Tea, Cotton, Tobacco and other commercial crops)
",413.12,293.85
4217,2024-2025,Jul,KARNATAKA,Agriculture,"Horticulture workers (including nursery growers)
",470.00,357.00
4218,2024-2025,Jul,KARNATAKA,Agriculture,"Fishermen-inland
",@,-
4219,2024-2025,Jul,KARNATAKA,Agriculture,"Fishermen-coastal/deep-sea
",@,-
4220,2024-2025,Jul,KARNATAKA,Agriculture,"Loggers and wood cutters
",515.88,-
4221,2024-2025,Jul,KARNATAKA,Agriculture,"Animal husbandry workers (including poultry workers, dairy workers & herdsman)
",427.00,344.29
4222,2024-2025,Jul,KARNATAKA,Agriculture,"Packaging labourers, agriculture
",436.67,@
4223,2024-2025,Jul,KARNATAKA,Agriculture,"General agricultural labourers (including watering/irrigation workers, etc.)
",442.96,323.50
4224,2024-2025,Jul,KARNATAKA,Agriculture,"Plant protection workers (applying pesticides, treating seeds, etc.
",434.00,-
4225,2024-2025,Jul,KERALA,Agriculture,"Ploughing/Tilling workers",914.92,@
4226,2024-2025,Jul,KERALA,Agriculture,"Sowing(including Planting/Transplanting/ Weeding) workers)
",937.41,654.23
4227,2024-2025,Jul,KERALA,Agriculture,"Harvesting/Winnowing/Threshing workers
",794.00,660.42
4228,2024-2025,Jul,KERALA,Agriculture,"Picking workers (including Tea, Cotton, Tobacco and other commercial crops)
",-,@
4229,2024-2025,Jul,KERALA,Agriculture,"Horticulture workers (including nursery growers)
",@,@
4230,2024-2025,Jul,KERALA,Agriculture,"Fishermen-inland
",-,-
4231,2024-2025,Jul,KERALA,Agriculture,"Fishermen-coastal/deep-sea
",-,-
4232,2024-2025,Jul,KERALA,Agriculture,"Loggers and wood cutters
",1124.40,-
4233,2024-2025,Jul,KERALA,Agriculture,"Animal husbandry workers (including poultry workers, dairy workers & herdsman)
",636.39,-
4234,2024-2025,Jul,KERALA,Agriculture,"Packaging labourers, agriculture
",-,-
4235,2024-2025,Jul,KERALA,Agriculture,"General agricultural labourers (including watering/irrigation workers, etc.)
",864.88,627.50
4236,2024-2025,Jul,KERALA,Agriculture,"Plant protection workers (applying pesticides, treating seeds, etc.
",711.00,-
4237,2025-2026,Jul,KERALA,Agriculture,"Fishermen-coastal/deep-sea
",-,-
4238,2025-2026,Jul,KERALA,Agriculture,"Loggers and wood cutters
",1055.56,-
4239,2025-2026,Jul,KERALA,Agriculture,"Animal husbandry workers (including poultry workers, dairy workers & herdsman)
",691.67,-
4240,2025-2026,Jul,KERALA,Agriculture,"Packaging labourers, agriculture
",896.79,692.86
4241,2025-2026,Jul,KERALA,Agriculture,"General agricultural labourers (including watering/irrigation workers, etc.)
",842.63,667.53
4242,2025-2026,Jul,KERALA,Agriculture,"Plant protection workers (applying pesticides, treating seeds, etc.
",837.91,@
4243,2025-2026,Jul,KERALA,Agriculture,"Ploughing/Tilling workers",1008.93,@
4244,2025-2026,Jul,KERALA,Agriculture,"Sowing(including Planting/Transplanting/ Weeding) workers)
",879.85,644.9400000000001
4245,2025-2026,Jul,KERALA,Agriculture,"Harvesting/Winnowing/Threshing workers
",870.98,710.6
4246,2025-2026,Jul,KERALA,Agriculture,"Picking workers (including Tea, Cotton, Tobacco and other commercial crops)
",-,@
4247,2025-2026,Jul,KERALA,Agriculture,"Horticulture workers (including nursery growers)
",775,@
4248,2025-2026,Jul,KERALA,Agriculture,"Fishermen-inland
",-,-
4249,2025-2026,Jul,"MADHYA PRADESH",Agriculture,"Ploughing/Tilling workers",363.73,293.75
4250,2025-2026,Jul,"MADHYA PRADESH",Agriculture,"Sowing(including Planting/Transplanting/ Weeding) workers)
",355.67,297.73
4251,2025-2026,Jul,"MADHYA PRADESH",Agriculture,"Harvesting/Winnowing/Threshing workers
",357.33,303.64
4252,2025-2026,Jul,"MADHYA PRADESH",Agriculture,"Picking workers (including Tea, Cotton, Tobacco and other commercial crops)
",383.75,347.71
4253,2025-2026,Jul,"MADHYA PRADESH",Agriculture,"Horticulture workers (including nursery growers)
",300,280
4254,2025-2026,Jul,"MADHYA PRADESH",Agriculture,"Fishermen-inland
",-,-
4255,2024-2025,Jul,"MADHYA PRADESH",Agriculture,"Ploughing/Tilling workers",297.79,240.71
4256,2024-2025,Jul,"MADHYA PRADESH",Agriculture,"Sowing(including Planting/Transplanting/ Weeding) workers)
",273.20,246.15
4257,2024-2025,Jul,"MADHYA PRADESH",Agriculture,"Harvesting/Winnowing/Threshing workers
",278.41,248.85
4258,2024-2025,Jul,"MADHYA PRADESH",Agriculture,"Picking workers (including Tea, Cotton, Tobacco and other commercial crops)
",271.43,252.86
4259,2024-2025,Jul,"MADHYA PRADESH",Agriculture,"Horticulture workers (including nursery growers)
",245.00,217.00
4260,2024-2025,Jul,"MADHYA PRADESH",Agriculture,"Fishermen-inland
",@,-
4261,2024-2025,Jul,"MADHYA PRADESH",Agriculture,"Fishermen-coastal/deep-sea
",-,-
4262,2024-2025,Jul,"MADHYA PRADESH",Agriculture,"Loggers and wood cutters
",249.52,@
4263,2024-2025,Jul,"MADHYA PRADESH",Agriculture,"Animal husbandry workers (including poultry workers, dairy workers & herdsman)
",227.30,198.93
4264,2024-2025,Jul,"MADHYA PRADESH",Agriculture,"Packaging labourers, agriculture
",224.38,203.12
4265,2024-2025,Jul,"MADHYA PRADESH",Agriculture,"General agricultural labourers (including watering/irrigation workers, etc.)
",254.17,219.72
4266,2024-2025,Jul,"MADHYA PRADESH",Agriculture,"Plant protection workers (applying pesticides, treating seeds, etc.
",274.69,240.00
4267,2025-2026,Jul,"MADHYA PRADESH",Agriculture,"Fishermen-coastal/deep-sea
",-,-
4268,2025-2026,Jul,"MADHYA PRADESH",Agriculture,"Loggers and wood cutters
",409.9,290
4269,2025-2026,Jul,"MADHYA PRADESH",Agriculture,"Animal husbandry workers (including poultry workers, dairy workers & herdsman)
",263.21,237.78
4270,2025-2026,Jul,"MADHYA PRADESH",Agriculture,"Packaging labourers, agriculture
",@,@
4271,2025-2026,Jul,"MADHYA PRADESH",Agriculture,"General agricultural labourers (including watering/irrigation workers, etc.)
",328.15,283.33
4272,2025-2026,Jul,"MADHYA PRADESH",Agriculture,"Plant protection workers (applying pesticides, treating seeds, etc.
",372.83,@
4273,2025-2026,Jul,MAHARASHTRA,Agriculture,"Fishermen-coastal/deep-sea
",-,-
4274,2025-2026,Jul,MAHARASHTRA,Agriculture,"Loggers and wood cutters
",494.46,@
4275,2025-2026,Jul,MAHARASHTRA,Agriculture,"Animal husbandry workers (including poultry workers, dairy workers & herdsman)
",307.24,291.67
4276,2025-2026,Jul,MAHARASHTRA,Agriculture,"Packaging labourers, agriculture
",386.36,310
4277,2025-2026,Jul,MAHARASHTRA,Agriculture,"General agricultural labourers (including watering/irrigation workers, etc.)
",360.77,255.07
4278,2025-2026,Jul,MAHARASHTRA,Agriculture,"Plant protection workers (applying pesticides, treating seeds, etc.
",439.02,@
4279,2025-2026,Jul,MAHARASHTRA,Agriculture,"Ploughing/Tilling workers",406.67,320
4280,2025-2026,Jul,MAHARASHTRA,Agriculture,"Sowing(including Planting/Transplanting/ Weeding) workers)
",401.09,301.14
4281,2025-2026,Jul,MAHARASHTRA,Agriculture,"Harvesting/Winnowing/Threshing workers
",409.26,303.7
4282,2025-2026,Jul,MAHARASHTRA,Agriculture,"Picking workers (including Tea, Cotton, Tobacco and other commercial crops)
",@,320
4283,2025-2026,Jul,MAHARASHTRA,Agriculture,"Horticulture workers (including nursery growers)
",410.61,318.99
4284,2025-2026,Jul,MAHARASHTRA,Agriculture,"Fishermen-inland
",514.29,@
4285,2024-2025,Jul,MAHARASHTRA,Agriculture,"Ploughing/Tilling workers",397.50,311.54
4286,2024-2025,Jul,MAHARASHTRA,Agriculture,"Sowing(including Planting/Transplanting/ Weeding) workers)
",382.11,283.81
4287,2024-2025,Jul,MAHARASHTRA,Agriculture,"Harvesting/Winnowing/Threshing workers
",391.67,285.52
4288,2024-2025,Jul,MAHARASHTRA,Agriculture,"Picking workers (including Tea, Cotton, Tobacco and other commercial crops)
",@,270.00
4289,2024-2025,Jul,MAHARASHTRA,Agriculture,"Horticulture workers (including nursery growers)
",370.00,265.45
4290,2024-2025,Jul,MAHARASHTRA,Agriculture,"Fishermen-inland
",@,-
4291,2024-2025,Jul,MAHARASHTRA,Agriculture,"Fishermen-coastal/deep-sea
",@,@
4292,2024-2025,Jul,MAHARASHTRA,Agriculture,"Loggers and wood cutters
",441.07,@
4293,2024-2025,Jul,MAHARASHTRA,Agriculture,"Animal husbandry workers (including poultry workers, dairy workers & herdsman)
",309.67,274.00
4294,2024-2025,Jul,MAHARASHTRA,Agriculture,"Packaging labourers, agriculture
",315.71,241.67
4295,2024-2025,Jul,MAHARASHTRA,Agriculture,"General agricultural labourers (including watering/irrigation workers, etc.)
",333.54,237.81
4296,2024-2025,Jul,MAHARASHTRA,Agriculture,"Plant protection workers (applying pesticides, treating seeds, etc.
",380.57,267.14
4297,2024-2025,Jul,"MANIPUR
",Agriculture,"Ploughing/Tilling workers",351.43,-
4298,2024-2025,Jul,"MANIPUR
",Agriculture,"Sowing(including Planting/Transplanting/ Weeding) workers)
",333.89,309.38
4299,2024-2025,Jul,"MANIPUR
",Agriculture,"Harvesting/Winnowing/Threshing workers
",324.29,315.71
4300,2024-2025,Jul,"MANIPUR
",Agriculture,"Picking workers (including Tea, Cotton, Tobacco and other commercial crops)
",-,-
4301,2024-2025,Jul,"MANIPUR
",Agriculture,"Horticulture workers (including nursery growers)
",@,@
4302,2024-2025,Jul,"MANIPUR
",Agriculture,"Fishermen-inland
",-,-
4303,2024-2025,Jul,"MANIPUR
",Agriculture,"Fishermen-coastal/deep-sea
",-,-
4304,2024-2025,Jul,"MANIPUR
",Agriculture,"Loggers and wood cutters
",@,-
4305,2024-2025,Jul,"MANIPUR
",Agriculture,"Animal husbandry workers (including poultry workers, dairy workers & herdsman)
",330.00,-
4306,2024-2025,Jul,"MANIPUR
",Agriculture,"Packaging labourers, agriculture
",@,-
4307,2024-2025,Jul,"MANIPUR
",Agriculture,"General agricultural labourers (including watering/irrigation workers, etc.)
",@,-
4308,2024-2025,Jul,"MANIPUR
",Agriculture,"Plant protection workers (applying pesticides, treating seeds, etc.
",@,-
4309,2025-2026,Jul,"MANIPUR
",Agriculture,"Fishermen-coastal/deep-sea
",-,-
4310,2025-2026,Jul,"MANIPUR
",Agriculture,"Loggers and wood cutters
",490,-
4311,2025-2026,Jul,"MANIPUR
",Agriculture,"Packaging labourers, agriculture
",-,-
4312,2025-2026,Jul,"MANIPUR
",Agriculture,"General agricultural labourers (including watering/irrigation workers, etc.)
",-,-
4313,2025-2026,Jul,"MANIPUR
",Agriculture,"Plant protection workers (applying pesticides, treating seeds, etc.
",650,650
4314,2025-2026,Jul,"MANIPUR
",Agriculture,"Animal husbandry workers (including poultry workers, dairy workers & herdsman)
",425.00,415.00
4315,2025-2026,Jul,"MANIPUR
",Agriculture,"Ploughing/Tilling workers",636,@
4316,2025-2026,Jul,"MANIPUR
",Agriculture,"Sowing(including Planting/Transplanting/ Weeding) workers)
",635,525
4317,2025-2026,Jul,"MANIPUR
",Agriculture,"Harvesting/Winnowing/Threshing workers
",630,525
4318,2025-2026,Jul,"MANIPUR
",Agriculture,"Picking workers (including Tea, Cotton, Tobacco and other commercial crops)
",425,395
4319,2025-2026,Jul,"MANIPUR
",Agriculture,"Horticulture workers (including nursery growers)
",425,395
4320,2025-2026,Jul,"MANIPUR
",Agriculture,"Fishermen-inland
",390,360
4321,2025-2026,Jul,"MEGHALAYA
",Agriculture,"Ploughing/Tilling workers",401.43,@
4322,2025-2026,Jul,"MEGHALAYA
",Agriculture,"Sowing(including Planting/Transplanting/ Weeding) workers)
",457.14,295
4323,2025-2026,Jul,"MEGHALAYA
",Agriculture,"Harvesting/Winnowing/Threshing workers
",466.83,293.04
4324,2025-2026,Jul,"MEGHALAYA
",Agriculture,"Picking workers (including Tea, Cotton, Tobacco and other commercial crops)
",-,-
4325,2025-2026,Jul,"MEGHALAYA
",Agriculture,"Horticulture workers (including nursery growers)
",@,@
4326,2025-2026,Jul,"MEGHALAYA
",Agriculture,"Fishermen-inland
",-,-
4327,2025-2026,Jul,"MEGHALAYA
",Agriculture,"Fishermen-coastal/deep-sea
",-,-
4328,2025-2026,Jul,"MEGHALAYA
",Agriculture,"Loggers and wood cutters
",413.47,@
4329,2025-2026,Jul,"MEGHALAYA
",Agriculture,"Packaging labourers, agriculture
",-,-
4330,2025-2026,Jul,"MEGHALAYA
",Agriculture,"General agricultural labourers (including watering/irrigation workers, etc.)
",@,@
4331,2025-2026,Jul,"MEGHALAYA
",Agriculture,"Plant protection workers (applying pesticides, treating seeds, etc.
",-,-
4332,2024-2025,Jul,"MEGHALAYA
",Agriculture,"Ploughing/Tilling workers",374.29,204.00
4333,2024-2025,Jul,"MEGHALAYA
",Agriculture,"Sowing(including Planting/Transplanting/ Weeding) workers)
",343.50,210.75
4334,2024-2025,Jul,"MEGHALAYA
",Agriculture,"Harvesting/Winnowing/Threshing workers
",349.33,197.17
4335,2024-2025,Jul,"MEGHALAYA
",Agriculture,"Picking workers (including Tea, Cotton, Tobacco and other commercial crops)
",@,@
4336,2024-2025,Jul,"MEGHALAYA
",Agriculture,"Horticulture workers (including nursery growers)
",@,@
4337,2024-2025,Jul,"MEGHALAYA
",Agriculture,"Fishermen-inland
",-,-
4338,2024-2025,Jul,"MEGHALAYA
",Agriculture,"Fishermen-coastal/deep-sea
",-,-
4339,2024-2025,Jul,"MEGHALAYA
",Agriculture,"Loggers and wood cutters
",@,-
4340,2024-2025,Jul,"MEGHALAYA
",Agriculture,"Animal husbandry workers (including poultry workers, dairy workers & herdsman)
",313.88,@
4341,2024-2025,Jul,"MEGHALAYA
",Agriculture,"Packaging labourers, agriculture
",@,-
4342,2024-2025,Jul,"MEGHALAYA
",Agriculture,"General agricultural labourers (including watering/irrigation workers, etc.)
",335.17,203.17
4343,2024-2025,Jul,"MEGHALAYA
",Agriculture,"Plant protection workers (applying pesticides, treating seeds, etc.
",-,-
4344,2025-2026,Jul,"MEGHALAYA
",Agriculture,"Animal husbandry workers (including poultry workers, dairy workers & herdsman)
",@,@
4345,2025-2026,Jul,"ODISHA
",Agriculture,"Animal husbandry workers (including poultry workers, dairy workers & herdsman)
",348.89,304.00
4346,2025-2026,Jul,"ODISHA
",Agriculture,"Fishermen-coastal/deep-sea
",-,-
4347,2025-2026,Jul,"ODISHA
",Agriculture,"Loggers and wood cutters
",488.74,-
4348,2025-2026,Jul,"ODISHA
",Agriculture,"Packaging labourers, agriculture
",329.41,@
4349,2025-2026,Jul,"ODISHA
",Agriculture,"General agricultural labourers (including watering/irrigation workers, etc.)
",396.56,356.03
4350,2025-2026,Jul,"ODISHA
",Agriculture,"Plant protection workers (applying pesticides, treating seeds, etc.
",400,-
4351,2025-2026,Jul,"ODISHA
",Agriculture,"Ploughing/Tilling workers",502.46,-
4352,2025-2026,Jul,"ODISHA
",Agriculture,"Sowing(including Planting/Transplanting/ Weeding) workers)
",412.75,283.04
4353,2025-2026,Jul,"ODISHA
",Agriculture,"Harvesting/Winnowing/Threshing workers
",381.82,296.97
4354,2025-2026,Jul,"ODISHA
",Agriculture,"Picking workers (including Tea, Cotton, Tobacco and other commercial crops)
",-,-
4355,2025-2026,Jul,"ODISHA
",Agriculture,"Horticulture workers (including nursery growers)
",369.8,300.48
4356,2025-2026,Jul,"ODISHA
",Agriculture,"Fishermen-inland
",370,-
4357,2024-2025,Jul,"ODISHA
",Agriculture,"Ploughing/Tilling workers",364.87,307.98
4358,2024-2025,Jul,"ODISHA
",Agriculture,"Sowing(including Planting/Transplanting/ Weeding) workers)
",357.82,317.28
4359,2024-2025,Jul,"ODISHA
",Agriculture,"Harvesting/Winnowing/Threshing workers
",362.50,318.27
4360,2024-2025,Jul,"ODISHA
",Agriculture,"Picking workers (including Tea, Cotton, Tobacco and other commercial crops)
",@,@
4361,2024-2025,Jul,"ODISHA
",Agriculture,"Horticulture workers (including nursery growers)
",@,@
4362,2024-2025,Jul,"ODISHA
",Agriculture,"Fishermen-inland
",240.00,-
4363,2024-2025,Jul,"ODISHA
",Agriculture,"Fishermen-coastal/deep-sea
",@,-
4364,2024-2025,Jul,"ODISHA
",Agriculture,"Loggers and wood cutters
",317.62,-
4365,2024-2025,Jul,"ODISHA
",Agriculture,"Animal husbandry workers (including poultry workers, dairy workers & herdsman)
",248.89,186.25
4366,2024-2025,Jul,"ODISHA
",Agriculture,"Packaging labourers, agriculture
",@,-
4367,2024-2025,Jul,"ODISHA
",Agriculture,"General agricultural labourers (including watering/irrigation workers, etc.)
",359.93,311.83
4368,2024-2025,Jul,"ODISHA
",Agriculture,"Plant protection workers (applying pesticides, treating seeds, etc.
",265.56,@
4369,2024-2025,Jul,"PUNJAB
",Agriculture,"Ploughing/Tilling workers",444.00,@
4370,2024-2025,Jul,"PUNJAB
",Agriculture,"Sowing(including Planting/Transplanting/ Weeding) workers)
",428.50,373.67
4371,2024-2025,Jul,"PUNJAB
",Agriculture,"Harvesting/Winnowing/Threshing workers
",433.82,@
4372,2024-2025,Jul,"PUNJAB
",Agriculture,"Picking workers (including Tea, Cotton, Tobacco and other commercial crops)
",384.00,@
4373,2024-2025,Jul,"PUNJAB
",Agriculture,"Horticulture workers (including nursery growers)
",@,-
4374,2024-2025,Jul,"PUNJAB
",Agriculture,"Fishermen-inland
",-,-
4375,2024-2025,Jul,"PUNJAB
",Agriculture,"Fishermen-coastal/deep-sea
",-,-
4376,2024-2025,Jul,"PUNJAB
",Agriculture,"Loggers and wood cutters
",@,-
4377,2024-2025,Jul,"PUNJAB
",Agriculture,"Animal husbandry workers (including poultry workers, dairy workers & herdsman)
",343.50,@
4378,2024-2025,Jul,"PUNJAB
",Agriculture,"Packaging labourers, agriculture
",395.00,@
4379,2024-2025,Jul,"PUNJAB
",Agriculture,"General agricultural labourers (including watering/irrigation workers, etc.)
",418.00,-
4380,2024-2025,Jul,"PUNJAB
",Agriculture,"Plant protection workers (applying pesticides, treating seeds, etc.
",414.29,-
4381,2025-2026,Jul,"PUNJAB
",Agriculture,"Fishermen-coastal/deep-sea
",-,-
4382,2025-2026,Jul,"PUNJAB
",Agriculture,"Loggers and wood cutters
",-,-
4383,2025-2026,Jul,"PUNJAB
",Agriculture,"Packaging labourers, agriculture
",450,-
4384,2025-2026,Jul,"PUNJAB
",Agriculture,"General agricultural labourers (including watering/irrigation workers, etc.)
",445.63,@
4385,2025-2026,Jul,"PUNJAB
",Agriculture,"Plant protection workers (applying pesticides, treating seeds, etc.
",446.88,-
4386,2025-2026,Jul,"PUNJAB
",Agriculture,"Animal husbandry workers (including poultry workers, dairy workers & herdsman)
",381.11,@
4387,2025-2026,Jul,"PUNJAB
",Agriculture,"Ploughing/Tilling workers",468.18,@
4388,2025-2026,Jul,"PUNJAB
",Agriculture,"Sowing(including Planting/Transplanting/ Weeding) workers)
",458.64,378.75
4389,2025-2026,Jul,"PUNJAB
",Agriculture,"Harvesting/Winnowing/Threshing workers
",464.44,365.71
4390,2025-2026,Jul,"PUNJAB
",Agriculture,"Picking workers (including Tea, Cotton, Tobacco and other commercial crops)
",430,@
4391,2025-2026,Jul,"PUNJAB
",Agriculture,"Horticulture workers (including nursery growers)
",@,-
4392,2025-2026,Jul,"PUNJAB
",Agriculture,"Fishermen-inland
",-,-
4393,2025-2026,Jul,RAJASTHAN,Agriculture,"Ploughing/Tilling workers",543.5700000000001,@
4394,2025-2026,Jul,RAJASTHAN,Agriculture,"Sowing(including Planting/Transplanting/ Weeding) workers)
",467.78,376.67
4395,2025-2026,Jul,RAJASTHAN,Agriculture,"Harvesting/Winnowing/Threshing workers
",440.83,428.33
4396,2025-2026,Jul,RAJASTHAN,Agriculture,"Picking workers (including Tea, Cotton, Tobacco and other commercial crops)
",434,416.67
4397,2025-2026,Jul,RAJASTHAN,Agriculture,"Horticulture workers (including nursery growers)
",@,@
4398,2025-2026,Jul,RAJASTHAN,Agriculture,"Fishermen-inland
",-,-
4399,2025-2026,Jul,RAJASTHAN,Agriculture,"Fishermen-coastal/deep-sea
",-,-
4400,2025-2026,Jul,RAJASTHAN,Agriculture,"Loggers and wood cutters
",501.58,-
4401,2025-2026,Jul,RAJASTHAN,Agriculture,"Packaging labourers, agriculture
",375,-
4402,2025-2026,Jul,RAJASTHAN,Agriculture,"General agricultural labourers (including watering/irrigation workers, etc.)
",427.5,364.72
4403,2025-2026,Jul,RAJASTHAN,Agriculture,"Plant protection workers (applying pesticides, treating seeds, etc.
",488.21,-
4404,2024-2025,Jul,RAJASTHAN,Agriculture,"Ploughing/Tilling workers",396.67,@
4405,2024-2025,Jul,RAJASTHAN,Agriculture,"Sowing(including Planting/Transplanting/ Weeding) workers)
",402.86,358.00
4406,2024-2025,Jul,RAJASTHAN,Agriculture,"Harvesting/Winnowing/Threshing workers
",448.33,419.09
4407,2024-2025,Jul,RAJASTHAN,Agriculture,"Picking workers (including Tea, Cotton, Tobacco and other commercial crops)
",@,@
4408,2024-2025,Jul,RAJASTHAN,Agriculture,"Horticulture workers (including nursery growers)
",@,-
4409,2024-2025,Jul,RAJASTHAN,Agriculture,"Fishermen-inland
",-,-
4410,2024-2025,Jul,RAJASTHAN,Agriculture,"Fishermen-coastal/deep-sea
",-,-
4411,2024-2025,Jul,RAJASTHAN,Agriculture,"Loggers and wood cutters
",391.67,-
4412,2024-2025,Jul,RAJASTHAN,Agriculture,"Animal husbandry workers (including poultry workers, dairy workers & herdsman)
",@,@
4413,2024-2025,Jul,RAJASTHAN,Agriculture,"Packaging labourers, agriculture
",@,@
4414,2024-2025,Jul,RAJASTHAN,Agriculture,"General agricultural labourers (including watering/irrigation workers, etc.)
",402.50,363.08
4415,2024-2025,Jul,RAJASTHAN,Agriculture,"Plant protection workers (applying pesticides, treating seeds, etc.
",378.33,@
4416,2025-2026,Jul,RAJASTHAN,Agriculture,"Animal husbandry workers (including poultry workers, dairy workers & herdsman)
",395.83,@
4417,2025-2026,Jul,"TAMIL NADU",Agriculture,"Animal husbandry workers (including poultry workers, dairy workers & herdsman)
",584.81,351.90
4418,2025-2026,Jul,"TAMIL NADU",Agriculture,"Fishermen-coastal/deep-sea
",-,-
4419,2025-2026,Jul,"TAMIL NADU",Agriculture,"Loggers and wood cutters
",723.5700000000001,-
4420,2025-2026,Jul,"TAMIL NADU",Agriculture,"Packaging labourers, agriculture
",@,@
4421,2025-2026,Jul,"TAMIL NADU",Agriculture,"General agricultural labourers (including watering/irrigation workers, etc.)
",615.25,371.59
4422,2025-2026,Jul,"TAMIL NADU",Agriculture,"Plant protection workers (applying pesticides, treating seeds, etc.
",899.05,-
4423,2025-2026,Jul,"TAMIL NADU",Agriculture,"Ploughing/Tilling workers",735,@
4424,2025-2026,Jul,"TAMIL NADU",Agriculture,"Sowing(including Planting/Transplanting/ Weeding) workers)
",697.8,445.34
4425,2025-2026,Jul,"TAMIL NADU",Agriculture,"Harvesting/Winnowing/Threshing workers
",649.9299999999999,430.56
4426,2025-2026,Jul,"TAMIL NADU",Agriculture,"Picking workers (including Tea, Cotton, Tobacco and other commercial crops)
",@,520.71
4427,2025-2026,Jul,"TAMIL NADU",Agriculture,"Horticulture workers (including nursery growers)
",@,383.89
4428,2025-2026,Jul,"TAMIL NADU",Agriculture,"Fishermen-inland
",@,-
4429,2024-2025,Jul,"TAMIL NADU",Agriculture,"Ploughing/Tilling workers",702.16,@
4430,2024-2025,Jul,"TAMIL NADU",Agriculture,"Sowing(including Planting/Transplanting/ Weeding) workers)
",567.11,384.52
4431,2024-2025,Jul,"TAMIL NADU",Agriculture,"Harvesting/Winnowing/Threshing workers
",585.28,381.40
4432,2024-2025,Jul,"TAMIL NADU",Agriculture,"Picking workers (including Tea, Cotton, Tobacco and other commercial crops)
",@,306.67
4433,2024-2025,Jul,"TAMIL NADU",Agriculture,"Horticulture workers (including nursery growers)
",@,@
4434,2024-2025,Jul,"TAMIL NADU",Agriculture,"Fishermen-inland
",-,-
4435,2024-2025,Jul,"TAMIL NADU",Agriculture,"Fishermen-coastal/deep-sea
",-,-
4436,2024-2025,Jul,"TAMIL NADU",Agriculture,"Loggers and wood cutters
",621.02,@
4437,2024-2025,Jul,"TAMIL NADU",Agriculture,"Animal husbandry workers (including poultry workers, dairy workers & herdsman)
",661.81,@
4438,2024-2025,Jul,"TAMIL NADU",Agriculture,"Packaging labourers, agriculture
",@,@
4439,2024-2025,Jul,"TAMIL NADU",Agriculture,"General agricultural labourers (including watering/irrigation workers, etc.)
",563.23,357.66
4440,2024-2025,Jul,"TAMIL NADU",Agriculture,"Plant protection workers (applying pesticides, treating seeds, etc.
",669.85,@
4441,2024-2025,Jul,TRIPURA,Agriculture,"Ploughing/Tilling workers",320.00,-
4442,2024-2025,Jul,TRIPURA,Agriculture,"Sowing(including Planting/Transplanting/ Weeding) workers)
",320.00,-
4443,2024-2025,Jul,TRIPURA,Agriculture,"Harvesting/Winnowing/Threshing workers
",331.11,-
4444,2024-2025,Jul,TRIPURA,Agriculture,"Picking workers (including Tea, Cotton, Tobacco and other commercial crops)
",-,-
4445,2024-2025,Jul,TRIPURA,Agriculture,"Horticulture workers (including nursery growers)
",-,-
4446,2024-2025,Jul,TRIPURA,Agriculture,"Fishermen-inland
",-,-
4447,2024-2025,Jul,TRIPURA,Agriculture,"Fishermen-coastal/deep-sea
",-,-
4448,2024-2025,Jul,TRIPURA,Agriculture,"Loggers and wood cutters
",424.44,-
4449,2024-2025,Jul,TRIPURA,Agriculture,"Animal husbandry workers (including poultry workers, dairy workers & herdsman)
",283.33,-
4450,2024-2025,Jul,TRIPURA,Agriculture,"Packaging labourers, agriculture
",-,-
4451,2024-2025,Jul,TRIPURA,Agriculture,"General agricultural labourers (including watering/irrigation workers, etc.)
",337.22,-
4452,2024-2025,Jul,TRIPURA,Agriculture,"Plant protection workers (applying pesticides, treating seeds, etc.
",-,-
4453,2025-2026,Jul,TRIPURA,Agriculture,"Fishermen-coastal/deep-sea
",-,-
4454,2025-2026,Jul,TRIPURA,Agriculture,"Loggers and wood cutters
",590,-
4455,2025-2026,Jul,TRIPURA,Agriculture,"Packaging labourers, agriculture
",-,-
4456,2025-2026,Jul,TRIPURA,Agriculture,"General agricultural labourers (including watering/irrigation workers, etc.)
",490,-
4457,2025-2026,Jul,TRIPURA,Agriculture,"Plant protection workers (applying pesticides, treating seeds, etc.
",-,-
4458,2025-2026,Jul,TRIPURA,Agriculture,"Animal husbandry workers (including poultry workers, dairy workers & herdsman)
",420.00,-
4459,2025-2026,Jul,TRIPURA,Agriculture,"Ploughing/Tilling workers",520,-
4460,2025-2026,Jul,TRIPURA,Agriculture,"Sowing(including Planting/Transplanting/ Weeding) workers)
",520,-
4461,2025-2026,Jul,TRIPURA,Agriculture,"Harvesting/Winnowing/Threshing workers
",520,-
4462,2025-2026,Jul,TRIPURA,Agriculture,"Picking workers (including Tea, Cotton, Tobacco and other commercial crops)
",-,-
4463,2025-2026,Jul,TRIPURA,Agriculture,"Horticulture workers (including nursery growers)
",@,-
4464,2025-2026,Jul,TRIPURA,Agriculture,"Fishermen-inland
",-,-
4465,2025-2026,Jul,"UTTAR PRADESH",Agriculture,"Ploughing/Tilling workers",433.43,454.55
4466,2025-2026,Jul,"UTTAR PRADESH",Agriculture,"Sowing(including Planting/Transplanting/ Weeding) workers)
",383.73,331.72
4467,2025-2026,Jul,"UTTAR PRADESH",Agriculture,"Harvesting/Winnowing/Threshing workers
",372.33,330
4468,2025-2026,Jul,"UTTAR PRADESH",Agriculture,"Picking workers (including Tea, Cotton, Tobacco and other commercial crops)
",@,@
4469,2025-2026,Jul,"UTTAR PRADESH",Agriculture,"Horticulture workers (including nursery growers)
",431.43,359.29
4470,2025-2026,Jul,"UTTAR PRADESH",Agriculture,"Fishermen-inland
",540,-
4471,2025-2026,Jul,"UTTAR PRADESH",Agriculture,"Fishermen-coastal/deep-sea
",-,-
4472,2025-2026,Jul,"UTTAR PRADESH",Agriculture,"Loggers and wood cutters
",514.36,-
4473,2025-2026,Jul,"UTTAR PRADESH",Agriculture,"Packaging labourers, agriculture
",415.79,371.94
4474,2025-2026,Jul,"UTTAR PRADESH",Agriculture,"General agricultural labourers (including watering/irrigation workers, etc.)
",389.49,327.57
4475,2025-2026,Jul,"UTTAR PRADESH",Agriculture,"Plant protection workers (applying pesticides, treating seeds, etc.
",490,@
4476,2024-2025,Jul,"UTTAR PRADESH",Agriculture,"Ploughing/Tilling workers",352.84,311.82
4477,2024-2025,Jul,"UTTAR PRADESH",Agriculture,"Sowing(including Planting/Transplanting/ Weeding) workers)
",369.00,326.91
4478,2024-2025,Jul,"UTTAR PRADESH",Agriculture,"Harvesting/Winnowing/Threshing workers
",372.55,330.62
4479,2024-2025,Jul,"UTTAR PRADESH",Agriculture,"Picking workers (including Tea, Cotton, Tobacco and other commercial crops)
",340.00,304.17
4480,2024-2025,Jul,"UTTAR PRADESH",Agriculture,"Horticulture workers (including nursery growers)
",@,@
4481,2024-2025,Jul,"UTTAR PRADESH",Agriculture,"Fishermen-inland
",-,-
4482,2024-2025,Jul,"UTTAR PRADESH",Agriculture,"Fishermen-coastal/deep-sea
",-,-
4483,2024-2025,Jul,"UTTAR PRADESH",Agriculture,"Loggers and wood cutters
",404.12,@
4484,2024-2025,Jul,"UTTAR PRADESH",Agriculture,"Animal husbandry workers (including poultry workers, dairy workers & herdsman)
",331.67,@
4485,2024-2025,Jul,"UTTAR PRADESH",Agriculture,"Packaging labourers, agriculture
",330.00,304.00
4486,2024-2025,Jul,"UTTAR PRADESH",Agriculture,"General agricultural labourers (including watering/irrigation workers, etc.)
",349.94,298.37
4487,2024-2025,Jul,"UTTAR PRADESH",Agriculture,"Plant protection workers (applying pesticides, treating seeds, etc.
",397.50,@
4488,2025-2026,Jul,"UTTAR PRADESH",Agriculture,"Animal husbandry workers (including poultry workers, dairy workers & herdsman)
",406.00,415.00
4489,2025-2026,Jul,"WEST BENGAL",Agriculture,"Animal husbandry workers (including poultry workers, dairy workers & herdsman)
",364.21,@
4490,2025-2026,Jul,"WEST BENGAL",Agriculture,"Fishermen-coastal/deep-sea
",-,-
4491,2025-2026,Jul,"WEST BENGAL",Agriculture,"Loggers and wood cutters
",512.4,-
4492,2025-2026,Jul,"WEST BENGAL",Agriculture,"Packaging labourers, agriculture
",400.63,325.02
4493,2025-2026,Jul,"WEST BENGAL",Agriculture,"General agricultural labourers (including watering/irrigation workers, etc.)
",398.29,341.05
4494,2025-2026,Jul,"WEST BENGAL",Agriculture,"Plant protection workers (applying pesticides, treating seeds, etc.
",441.14,300.41
4495,2025-2026,Jul,"WEST BENGAL",Agriculture,"Ploughing/Tilling workers",439.95,340.67
4496,2025-2026,Jul,"WEST BENGAL",Agriculture,"Sowing(including Planting/Transplanting/ Weeding) workers)
",386.46,356.67
4497,2025-2026,Jul,"WEST BENGAL",Agriculture,"Harvesting/Winnowing/Threshing workers
",398.27,365.12
4498,2025-2026,Jul,"WEST BENGAL",Agriculture,"Picking workers (including Tea, Cotton, Tobacco and other commercial crops)
",325.62,@
4499,2025-2026,Jul,"WEST BENGAL",Agriculture,"Horticulture workers (including nursery growers)
",368.2,309.71
4500,2025-2026,Jul,"WEST BENGAL",Agriculture,"Fishermen-inland
",578.8099999999999,-
4501,2024-2025,Jul,"WEST BENGAL",Agriculture,"Ploughing/Tilling workers",427.85,@
4502,2024-2025,Jul,"WEST BENGAL",Agriculture,"Sowing(including Planting/Transplanting/ Weeding) workers)
",345.29,294.02
4503,2024-2025,Jul,"WEST BENGAL",Agriculture,"Harvesting/Winnowing/Threshing workers
",344.85,288.66
4504,2024-2025,Jul,"WEST BENGAL",Agriculture,"Picking workers (including Tea, Cotton, Tobacco and other commercial crops)
",-,@
4505,2024-2025,Jul,"WEST BENGAL",Agriculture,"Horticulture workers (including nursery growers)
",356.46,@
4506,2024-2025,Jul,"WEST BENGAL",Agriculture,"Fishermen-inland
",533.40,-
4507,2024-2025,Jul,"WEST BENGAL",Agriculture,"Fishermen-coastal/deep-sea
",@,-
4508,2024-2025,Jul,"WEST BENGAL",Agriculture,"Loggers and wood cutters
",480.03,-
4509,2024-2025,Jul,"WEST BENGAL",Agriculture,"Animal husbandry workers (including poultry workers, dairy workers & herdsman)
",306.70,264.73
4510,2024-2025,Jul,"WEST BENGAL",Agriculture,"Packaging labourers, agriculture
",391.93,@
4511,2024-2025,Jul,"WEST BENGAL",Agriculture,"General agricultural labourers (including watering/irrigation workers, etc.)
",342.61,318.25
4512,2024-2025,Jul,"WEST BENGAL",Agriculture,"Plant protection workers (applying pesticides, treating seeds, etc.
",423.66,275.12
4513,2025-2026,Jul,"Andaman and Nicobar Islands",Agriculture,"Loggers and wood cutters
",-,-
4514,2025-2026,Jul,"Andaman and Nicobar Islands",Agriculture,"Animal husbandry workers (including poultry workers, dairy workers & herdsman)
",638.1,-
4515,2025-2026,Jul,"Andaman and Nicobar Islands",Agriculture,"Packaging labourers, agriculture
",-,-
4516,2025-2026,Jul,"Andaman and Nicobar Islands",Agriculture,"General agricultural labourers (including watering/irrigation workers, etc.)
",-,-
4517,2025-2026,Jul,"Andaman and Nicobar Islands",Agriculture,"Plant protection workers (applying pesticides, treating seeds, etc.
",-,-
4518,2025-2026,Jul,"Andaman and Nicobar Islands",Agriculture,"Ploughing/Tilling workers",@,680
4519,2025-2026,Jul,"Andaman and Nicobar Islands",Agriculture,"Sowing(including Planting/Transplanting/ Weeding) workers)
",800,800
4520,2025-2026,Jul,"Andaman and Nicobar Islands",Agriculture,"Harvesting/Winnowing/Threshing workers
",840,853.33
4521,2025-2026,Jul,"Andaman and Nicobar Islands",Agriculture,"Picking workers (including Tea, Cotton, Tobacco and other commercial crops)
",-,-
4522,2025-2026,Jul,"Andaman and Nicobar Islands",Agriculture,"Horticulture workers (including nursery growers)
",@,-
4523,2025-2026,Jul,"Andaman and Nicobar Islands",Agriculture,"Fishermen-inland
",-,-
4524,2025-2026,Jul,"Andaman and Nicobar Islands",Agriculture,"Fishermen-coastal/deep-sea
",822.86,-
4525,2025-2026,Jul,"Arunachal Pradesh",Agriculture,"Ploughing/Tilling workers",514.29,420
4526,2025-2026,Jul,"Arunachal Pradesh",Agriculture,"Sowing(including Planting/Transplanting/ Weeding) workers)
",521.4299999999999,421.43
4527,2025-2026,Jul,"Arunachal Pradesh",Agriculture,"Harvesting/Winnowing/Threshing workers
",492.86,425
4528,2025-2026,Jul,"Arunachal Pradesh",Agriculture,"Picking workers (including Tea, Cotton, Tobacco and other commercial crops)
",435.71,343.75
4529,2025-2026,Jul,"Arunachal Pradesh",Agriculture,"Horticulture workers (including nursery growers)
",570,@
4530,2025-2026,Jul,"Arunachal Pradesh",Agriculture,"Fishermen-inland
",-,-
4531,2025-2026,Jul,"Arunachal Pradesh",Agriculture,"Fishermen-coastal/deep-sea
",-,-
4532,2025-2026,Jul,"Arunachal Pradesh",Agriculture,"Loggers and wood cutters
",614.29,-
4533,2025-2026,Jul,"Arunachal Pradesh",Agriculture,"Animal husbandry workers (including poultry workers, dairy workers & herdsman)
",@,@
4534,2025-2026,Jul,"Arunachal Pradesh",Agriculture,"Packaging labourers, agriculture
",@,@
4535,2025-2026,Jul,"Arunachal Pradesh",Agriculture,"General agricultural labourers (including watering/irrigation workers, etc.)
",471.43,@
4536,2025-2026,Jul,"Arunachal Pradesh",Agriculture,"Plant protection workers (applying pesticides, treating seeds, etc.
",516.67,-
4537,2025-2026,Jul,Chhattisgarh,Agriculture,"Loggers and wood cutters
",370,@
4538,2025-2026,Jul,Chhattisgarh,Agriculture,"Animal husbandry workers (including poultry workers, dairy workers & herdsman)
",337.27,233
4539,2025-2026,Jul,Chhattisgarh,Agriculture,"Packaging labourers, agriculture
",@,@
4540,2025-2026,Jul,Chhattisgarh,Agriculture,"General agricultural labourers (including watering/irrigation workers, etc.)
",280,228.33
4541,2025-2026,Jul,Chhattisgarh,Agriculture,"Plant protection workers (applying pesticides, treating seeds, etc.
",326.67,221.25
4542,2025-2026,Jul,Chhattisgarh,Agriculture,"Ploughing/Tilling workers",373.53,292
4543,2025-2026,Jul,Chhattisgarh,Agriculture,"Sowing(including Planting/Transplanting/ Weeding) workers)
",342.96,265.2
4544,2025-2026,Jul,Chhattisgarh,Agriculture,"Harvesting/Winnowing/Threshing workers
",334.12,256.67
4545,2025-2026,Jul,Chhattisgarh,Agriculture,"Picking workers (including Tea, Cotton, Tobacco and other commercial crops)
",@,@
4546,2025-2026,Jul,Chhattisgarh,Agriculture,"Horticulture workers (including nursery growers)
",264.29,@
4547,2025-2026,Jul,Chhattisgarh,Agriculture,"Fishermen-inland
",@,-
4548,2025-2026,Jul,Chhattisgarh,Agriculture,"Fishermen-coastal/deep-sea
",-,-
4549,2025-2026,Jul,"Daman and Diu, Dadra Nagar and Haveli",Agriculture,"Ploughing/Tilling workers",518.33,@
4550,2025-2026,Jul,"Daman and Diu, Dadra Nagar and Haveli",Agriculture,"Sowing(including Planting/Transplanting/ Weeding) workers)
",390.04,398.75
4551,2025-2026,Jul,"Daman and Diu, Dadra Nagar and Haveli",Agriculture,"Harvesting/Winnowing/Threshing workers
",383.85,398.75
4552,2025-2026,Jul,"Daman and Diu, Dadra Nagar and Haveli",Agriculture,"Picking workers (including Tea, Cotton, Tobacco and other commercial crops)
",-,-
4553,2025-2026,Jul,"Daman and Diu, Dadra Nagar and Haveli",Agriculture,"Horticulture workers (including nursery growers)
",@,-
4554,2025-2026,Jul,"Daman and Diu, Dadra Nagar and Haveli",Agriculture,"Fishermen-inland
",423.43,-
4555,2025-2026,Jul,"Daman and Diu, Dadra Nagar and Haveli",Agriculture,"Fishermen-coastal/deep-sea
",@,-
4556,2025-2026,Jul,"Daman and Diu, Dadra Nagar and Haveli",Agriculture,"Loggers and wood cutters
",518.1799999999999,@
4557,2025-2026,Jul,"Daman and Diu, Dadra Nagar and Haveli",Agriculture,"Animal husbandry workers (including poultry workers, dairy workers & herdsman)
",@,@
4558,2025-2026,Jul,"Daman and Diu, Dadra Nagar and Haveli",Agriculture,"Packaging labourers, agriculture
",@,@
4559,2025-2026,Jul,"Daman and Diu, Dadra Nagar and Haveli",Agriculture,"General agricultural labourers (including watering/irrigation workers, etc.)
",367.14,@
4560,2025-2026,Jul,"Daman and Diu, Dadra Nagar and Haveli",Agriculture,"Plant protection workers (applying pesticides, treating seeds, etc.
",@,-
4561,2025-2026,Jul,Delhi,Agriculture,"Loggers and wood cutters
",-,-
4562,2025-2026,Jul,Delhi,Agriculture,"Animal husbandry workers (including poultry workers, dairy workers & herdsman)
",-,-
4563,2025-2026,Jul,Delhi,Agriculture,"Packaging labourers, agriculture
",-,-
4564,2025-2026,Jul,Delhi,Agriculture,"General agricultural labourers (including watering/irrigation workers, etc.)
",-,-
4565,2025-2026,Jul,Delhi,Agriculture,"Plant protection workers (applying pesticides, treating seeds, etc.
",-,-
4566,2025-2026,Jul,Delhi,Agriculture,"Ploughing/Tilling workers",712.5,-
4567,2025-2026,Jul,Delhi,Agriculture,"Sowing(including Planting/Transplanting/ Weeding) workers)
",525,-
4568,2025-2026,Jul,Delhi,Agriculture,"Harvesting/Winnowing/Threshing workers
",512.5,-
4569,2025-2026,Jul,Delhi,Agriculture,"Picking workers (including Tea, Cotton, Tobacco and other commercial crops)
",-,-
4570,2025-2026,Jul,Delhi,Agriculture,"Horticulture workers (including nursery growers)
",-,-
4571,2025-2026,Jul,Delhi,Agriculture,"Fishermen-inland
",-,-
4572,2025-2026,Jul,Delhi,Agriculture,"Fishermen-coastal/deep-sea
",-,-
4573,2025-2026,Jul,Goa,Agriculture,"Ploughing/Tilling workers",650,-
4574,2025-2026,Jul,Goa,Agriculture,"Sowing(including Planting/Transplanting/ Weeding) workers)
",-,-
4575,2025-2026,Jul,Goa,Agriculture,"Harvesting/Winnowing/Threshing workers
",812.5,575
4576,2025-2026,Jul,Goa,Agriculture,"Picking workers (including Tea, Cotton, Tobacco and other commercial crops)
",575,387.5
4577,2025-2026,Jul,Goa,Agriculture,"Horticulture workers (including nursery growers)
",-,-
4578,2025-2026,Jul,Goa,Agriculture,"Fishermen-inland
",-,-
4579,2025-2026,Jul,Goa,Agriculture,"Fishermen-coastal/deep-sea
",-,-
4580,2025-2026,Jul,Goa,Agriculture,"Loggers and wood cutters
",-,-
4581,2025-2026,Jul,Goa,Agriculture,"Animal husbandry workers (including poultry workers, dairy workers & herdsman)
",-,-
4582,2025-2026,Jul,Goa,Agriculture,"Packaging labourers, agriculture
",-,-
4583,2025-2026,Jul,Goa,Agriculture,"General agricultural labourers (including watering/irrigation workers, etc.)
",575,400
4584,2025-2026,Jul,Goa,Agriculture,"Plant protection workers (applying pesticides, treating seeds, etc.
",437.5,-
4585,2025-2026,Jul,Jharkhand,Agriculture,"Fishermen-coastal/deep-sea
",-,-
4586,2025-2026,Jul,Jharkhand,Agriculture,"Loggers and wood cutters
",387.33,@
4587,2025-2026,Jul,Jharkhand,Agriculture,"Animal husbandry workers (including poultry workers, dairy workers & herdsman)
",325.11,-
4588,2025-2026,Jul,Jharkhand,Agriculture,"Packaging labourers, agriculture
",@,@
4589,2025-2026,Jul,Jharkhand,Agriculture,"General agricultural labourers (including watering/irrigation workers, etc.)
",299.12,276.47
4590,2025-2026,Jul,Jharkhand,Agriculture,"Plant protection workers (applying pesticides, treating seeds, etc.
",377.58,@
4591,2025-2026,Jul,Jharkhand,Agriculture,"Ploughing/Tilling workers",386.25,@
4592,2025-2026,Jul,Jharkhand,Agriculture,"Sowing(including Planting/Transplanting/ Weeding) workers)
",350.59,322.5
4593,2025-2026,Jul,Jharkhand,Agriculture,"Harvesting/Winnowing/Threshing workers
",341.58,291.11
4594,2025-2026,Jul,Jharkhand,Agriculture,"Picking workers (including Tea, Cotton, Tobacco and other commercial crops)
",-,-
4595,2025-2026,Jul,Jharkhand,Agriculture,"Horticulture workers (including nursery growers)
",@,@
4596,2025-2026,Jul,Jharkhand,Agriculture,"Fishermen-inland
",477.33,-
4597,2025-2026,Jul,Lakshadweep,Agriculture,"Ploughing/Tilling workers",@,-
4598,2025-2026,Jul,Lakshadweep,Agriculture,"Sowing(including Planting/Transplanting/ Weeding) workers)
",-,-
4599,2025-2026,Jul,Lakshadweep,Agriculture,"Harvesting/Winnowing/Threshing workers
",870.67,-
4600,2025-2026,Jul,Lakshadweep,Agriculture,"Picking workers (including Tea, Cotton, Tobacco and other commercial crops)
",-,-
4601,2025-2026,Jul,Lakshadweep,Agriculture,"Horticulture workers (including nursery growers)
",-,-
4602,2025-2026,Jul,Lakshadweep,Agriculture,"Fishermen-inland
",-,-
4603,2025-2026,Jul,Lakshadweep,Agriculture,"Fishermen-coastal/deep-sea
",790,-
4604,2025-2026,Jul,Lakshadweep,Agriculture,"Loggers and wood cutters
",440,-
4605,2025-2026,Jul,Lakshadweep,Agriculture,"Animal husbandry workers (including poultry workers, dairy workers & herdsman)
",547.2,-
4606,2025-2026,Jul,Lakshadweep,Agriculture,"Packaging labourers, agriculture
",-,-
4607,2025-2026,Jul,Lakshadweep,Agriculture,"General agricultural labourers (including watering/irrigation workers, etc.)
",-,-
4608,2025-2026,Jul,Lakshadweep,Agriculture,"Plant protection workers (applying pesticides, treating seeds, etc.
",-,-
4609,2025-2026,Jul,Mizoram,Agriculture,"Fishermen-coastal/deep-sea
",-,-
4610,2025-2026,Jul,Mizoram,Agriculture,"Loggers and wood cutters
",818.75,-
4611,2025-2026,Jul,Mizoram,Agriculture,"Packaging labourers, agriculture
",575,468.75
4612,2025-2026,Jul,Mizoram,Agriculture,"General agricultural labourers (including watering/irrigation workers, etc.)
",587.5,487.5
4613,2025-2026,Jul,Mizoram,Agriculture,"Plant protection workers (applying pesticides, treating seeds, etc.
",587.5,487.5
4614,2025-2026,Jul,Mizoram,Agriculture,"Animal husbandry workers (including poultry workers, dairy workers & herdsman)
",587.50,500.00
4615,2025-2026,Jul,Mizoram,Agriculture,"Ploughing/Tilling workers",587.5,487.5
4616,2025-2026,Jul,Mizoram,Agriculture,"Sowing(including Planting/Transplanting/ Weeding) workers)
",587.5,487.5
4617,2025-2026,Jul,Mizoram,Agriculture,"Harvesting/Winnowing/Threshing workers
",587.5,487.5
4618,2025-2026,Jul,Mizoram,Agriculture,"Picking workers (including Tea, Cotton, Tobacco and other commercial crops)
",587.5,487.5
4619,2025-2026,Jul,Mizoram,Agriculture,"Horticulture workers (including nursery growers)
",587.5,503.75
4620,2025-2026,Jul,Mizoram,Agriculture,"Fishermen-inland
",587.5,-
4621,2025-2026,Jul,Nagaland,Agriculture,"Ploughing/Tilling workers",470.83,410.42
4622,2025-2026,Jul,Nagaland,Agriculture,"Sowing(including Planting/Transplanting/ Weeding) workers)
",469.05,395.24
4623,2025-2026,Jul,Nagaland,Agriculture,"Harvesting/Winnowing/Threshing workers
",502.98,424.11
4624,2025-2026,Jul,Nagaland,Agriculture,"Picking workers (including Tea, Cotton, Tobacco and other commercial crops)
",@,@
4625,2025-2026,Jul,Nagaland,Agriculture,"Horticulture workers (including nursery growers)
",546.26,476.53
4626,2025-2026,Jul,Nagaland,Agriculture,"Fishermen-inland
",@,-
4627,2025-2026,Jul,Nagaland,Agriculture,"Fishermen-coastal/deep-sea
",-,-
4628,2025-2026,Jul,Nagaland,Agriculture,"Loggers and wood cutters
",937.5,-
4629,2025-2026,Jul,Nagaland,Agriculture,"Packaging labourers, agriculture
",@,@
4630,2025-2026,Jul,Nagaland,Agriculture,"General agricultural labourers (including watering/irrigation workers, etc.)
",@,@
4631,2025-2026,Jul,Nagaland,Agriculture,"Plant protection workers (applying pesticides, treating seeds, etc.
",673.21,-
4632,2025-2026,Jul,Nagaland,Agriculture,"Animal husbandry workers (including poultry workers, dairy workers & herdsman)
",@,-
4633,2025-2026,Jul,Puducerry,Agriculture,"Animal husbandry workers (including poultry workers, dairy workers & herdsman)
",-,-
4634,2025-2026,Jul,Puducerry,Agriculture,"Ploughing/Tilling workers",@,-
4635,2025-2026,Jul,Puducerry,Agriculture,"Sowing(including Planting/Transplanting/ Weeding) workers)
",814.58,@
4636,2025-2026,Jul,Puducerry,Agriculture,"Harvesting/Winnowing/Threshing workers
",@,@
4637,2025-2026,Jul,Puducerry,Agriculture,"Picking workers (including Tea, Cotton, Tobacco and other commercial crops)
",@,270
4638,2025-2026,Jul,Puducerry,Agriculture,"Horticulture workers (including nursery growers)
",-,-
4639,2025-2026,Jul,Puducerry,Agriculture,"Fishermen-inland
",-,-
4640,2025-2026,Jul,Puducerry,Agriculture,"Fishermen-coastal/deep-sea
",-,-
4641,2025-2026,Jul,Puducerry,Agriculture,"Loggers and wood cutters
",856.25,-
4642,2025-2026,Jul,Puducerry,Agriculture,"Packaging labourers, agriculture
",589.33,285.2
4643,2025-2026,Jul,Puducerry,Agriculture,"General agricultural labourers (including watering/irrigation workers, etc.)
",632,@
4644,2025-2026,Jul,Puducerry,Agriculture,"Plant protection workers (applying pesticides, treating seeds, etc.
",565,388.4
4645,2025-2026,Jul,Sikkim,Agriculture,"Fishermen-coastal/deep-sea
",-,-
4646,2025-2026,Jul,Sikkim,Agriculture,"Loggers and wood cutters
",828.5700000000001,-
4647,2025-2026,Jul,Sikkim,Agriculture,"Packaging labourers, agriculture
",-,-
4648,2025-2026,Jul,Sikkim,Agriculture,"General agricultural labourers (including watering/irrigation workers, etc.)
",450,@
4649,2025-2026,Jul,Sikkim,Agriculture,"Plant protection workers (applying pesticides, treating seeds, etc.
",-,-
4650,2025-2026,Jul,Sikkim,Agriculture,"Animal husbandry workers (including poultry workers, dairy workers & herdsman)
",-,-
4651,2025-2026,Jul,Sikkim,Agriculture,"Ploughing/Tilling workers",1511.31,-
4652,2025-2026,Jul,Sikkim,Agriculture,"Sowing(including Planting/Transplanting/ Weeding) workers)
",569.05,500
4653,2025-2026,Jul,Sikkim,Agriculture,"Harvesting/Winnowing/Threshing workers
",471.43,464.29
4654,2025-2026,Jul,Sikkim,Agriculture,"Picking workers (including Tea, Cotton, Tobacco and other commercial crops)
",-,-
4655,2025-2026,Jul,Sikkim,Agriculture,"Horticulture workers (including nursery growers)
",464.76,476.19
4656,2025-2026,Jul,Sikkim,Agriculture,"Fishermen-inland
",-,-
4657,2025-2026,Jul,Telangana,Agriculture,"Ploughing/Tilling workers",651.92,@
4658,2025-2026,Jul,Telangana,Agriculture,"Sowing(including Planting/Transplanting/ Weeding) workers)
",561.4299999999999,365.83
4659,2025-2026,Jul,Telangana,Agriculture,"Harvesting/Winnowing/Threshing workers
",571.4299999999999,400
4660,2025-2026,Jul,Telangana,Agriculture,"Picking workers (including Tea, Cotton, Tobacco and other commercial crops)
",@,338.75
4661,2025-2026,Jul,Telangana,Agriculture,"Horticulture workers (including nursery growers)
",@,335.71
4662,2025-2026,Jul,Telangana,Agriculture,"Fishermen-inland
",-,-
4663,2025-2026,Jul,Telangana,Agriculture,"Fishermen-coastal/deep-sea
",-,-
4664,2025-2026,Jul,Telangana,Agriculture,"Loggers and wood cutters
",383.33,-
4665,2025-2026,Jul,Telangana,Agriculture,"Packaging labourers, agriculture
",@,-
4666,2025-2026,Jul,Telangana,Agriculture,"General agricultural labourers (including watering/irrigation workers, etc.)
",404.14,348.7
4667,2025-2026,Jul,Telangana,Agriculture,"Plant protection workers (applying pesticides, treating seeds, etc.
",400,-
4668,2025-2026,Jul,Telangana,Agriculture,"Animal husbandry workers (including poultry workers, dairy workers & herdsman)
",312.78,-
4669,2025-2026,Jul,Uttarakhand,Agriculture,"Animal husbandry workers (including poultry workers, dairy workers & herdsman)
",433.33,@
4670,2025-2026,Jul,Uttarakhand,Agriculture,"Ploughing/Tilling workers",@,@
4671,2025-2026,Jul,Uttarakhand,Agriculture,"Sowing(including Planting/Transplanting/ Weeding) workers)
",525,470.83
4672,2025-2026,Jul,Uttarakhand,Agriculture,"Harvesting/Winnowing/Threshing workers
",-,-
4673,2025-2026,Jul,Uttarakhand,Agriculture,"Picking workers (including Tea, Cotton, Tobacco and other commercial crops)
",-,-
4674,2025-2026,Jul,Uttarakhand,Agriculture,"Horticulture workers (including nursery growers)
",@,@
4675,2025-2026,Jul,Uttarakhand,Agriculture,"Fishermen-inland
",-,-
4676,2025-2026,Jul,Uttarakhand,Agriculture,"Fishermen-coastal/deep-sea
",-,-
4677,2025-2026,Jul,Uttarakhand,Agriculture,"Loggers and wood cutters
",606.25,-
4678,2025-2026,Jul,Uttarakhand,Agriculture,"Packaging labourers, agriculture
",@,-
4679,2025-2026,Jul,Uttarakhand,Agriculture,"General agricultural labourers (including watering/irrigation workers, etc.)
",487.5,360
4680,2025-2026,Jul,Uttarakhand,Agriculture,"Plant protection workers (applying pesticides, treating seeds, etc.
",@,-
4681,2025-2026,Jul,"All India",Agriculture,"Ploughing/Tilling workers",532.39,409.79
4682,2025-2026,Jul,"All India",Agriculture,"Sowing(including Planting/Transplanting/ Weeding) workers)
",468.28,374.23
4683,2025-2026,Jul,"All India",Agriculture,"Harvesting/Winnowing/Threshing workers
",464.44,377.45
4684,2025-2026,Jul,"All India",Agriculture,"Picking workers (including Tea, Cotton, Tobacco and other commercial crops)
",437.72,372.18
4685,2025-2026,Jul,"All India",Agriculture,"Horticulture workers (including nursery growers)
",461.56,368.09
4686,2025-2026,Jul,"All India",Agriculture,"Fishermen-inland
",488.94,345.00
4687,2025-2026,Jul,"All India",Agriculture,"Fishermen-coastal/deep-sea
",741.88,-
4688,2025-2026,Jul,"All India",Agriculture,"Loggers and wood cutters
",559.27,347.38
4689,2025-2026,Jul,"All India",Agriculture,"Animal husbandry workers (including poultry workers, dairy workers & herdsman)
",399.66,341.51
4690,2025-2026,Jul,"All India",Agriculture,"Packaging labourers, agriculture
",453.58,382.18
4691,2025-2026,Jul,"All India",Agriculture,"General agricultural labourers (including watering/irrigation workers, etc.)
",439.11,358.22
4692,2025-2026,Jul,"All India",Agriculture,"Plant protection workers (applying pesticides, treating seeds, etc.
",486.47,404.25
4693,2024-2025,Jul,"All India",Agriculture,"Ploughing/Tilling workers",431.73,307.07
4694,2024-2025,Jul,"All India",Agriculture,"Sowing(including Planting/Transplanting/ Weeding) workers)
",396.10,330.78
4695,2024-2025,Jul,"All India",Agriculture,"Harvesting/Winnowing/Threshing workers
",392.58,331.78
4696,2024-2025,Jul,"All India",Agriculture,"Picking workers (including Tea, Cotton, Tobacco and other commercial crops)
",364.70,321.22
4697,2024-2025,Jul,"All India",Agriculture,"Horticulture workers (including nursery growers)
",394.12,307.23
4698,2024-2025,Jul,"All India",Agriculture,"Fishermen-inland
",443.76,@
4699,2024-2025,Jul,"All India",Agriculture,"Fishermen-coastal/deep-sea
",450.00,@
4700,2024-2025,Jul,"All India",Agriculture,"Loggers and wood cutters
",484.48,305.76
4701,2024-2025,Jul,"All India",Agriculture,"Animal husbandry workers (including poultry workers, dairy workers & herdsman)
",319.21,258.22
4702,2024-2025,Jul,"All India",Agriculture,"Packaging labourers, agriculture
",363.71,311.21
4703,2024-2025,Jul,"All India",Agriculture,"General agricultural labourers (including watering/irrigation workers, etc.)
",391.81,312.00
4704,2024-2025,Jul,"All India",Agriculture,"Plant protection workers (applying pesticides, treating seeds, etc.
",435.61,297.91
4705,2024-2025,Aug,"ANDHRA PRADESH",Agriculture,"Ploughing/Tilling workers",634.98,@
4706,2024-2025,Aug,"ANDHRA PRADESH",Agriculture,"Sowing(including Planting/Transplanting/ Weeding) workers)
",529.82,406.37
4707,2024-2025,Aug,"ANDHRA PRADESH",Agriculture,"Harvesting/Winnowing/Threshing workers
",540.20,399.51
4708,2024-2025,Aug,"ANDHRA PRADESH",Agriculture,"Picking workers (including Tea, Cotton, Tobacco and other commercial crops)
",441.25,380.21
4709,2024-2025,Aug,"ANDHRA PRADESH",Agriculture,"Horticulture workers (including nursery growers)
",@,316.00
4710,2024-2025,Aug,"ANDHRA PRADESH",Agriculture,"Fishermen-inland
",@,@
4711,2024-2025,Aug,"ANDHRA PRADESH",Agriculture,"Fishermen-coastal/deep-sea
",-,-
4712,2024-2025,Aug,"ANDHRA PRADESH",Agriculture,"Loggers and wood cutters
",492.57,-
4713,2024-2025,Aug,"ANDHRA PRADESH",Agriculture,"Animal husbandry workers (including poultry workers, dairy workers & herdsman)
",344.62,@
4714,2024-2025,Aug,"ANDHRA PRADESH",Agriculture,"Packaging labourers, agriculture
",@,@
4715,2024-2025,Aug,"ANDHRA PRADESH",Agriculture,"General agricultural labourers (including watering/irrigation workers, etc.)
",465.01,337.16
4716,2024-2025,Aug,"ANDHRA PRADESH",Agriculture,"Plant protection workers (applying pesticides, treating seeds, etc.
",703.19,@
4717,2025-2026,Aug,"ANDHRA PRADESH",Agriculture,"Ploughing/Tilling workers",693.49,@
4718,2025-2026,Aug,"ANDHRA PRADESH",Agriculture,"Sowing(including Planting/Transplanting/ Weeding) workers)
",620.9,440.92
4719,2025-2026,Aug,"ANDHRA PRADESH",Agriculture,"Harvesting/Winnowing/Threshing workers
",628.29,451.29
4720,2025-2026,Aug,"ANDHRA PRADESH",Agriculture,"Picking workers (including Tea, Cotton, Tobacco and other commercial crops)
",@,444.44
4721,2025-2026,Aug,"ANDHRA PRADESH",Agriculture,"Horticulture workers (including nursery growers)
",611.14,444.95
4722,2025-2026,Aug,"ANDHRA PRADESH",Agriculture,"Fishermen-inland
",@,-
4723,2025-2026,Aug,"ANDHRA PRADESH",Agriculture,"Fishermen-coastal/deep-sea
",-,-
4724,2025-2026,Aug,"ANDHRA PRADESH",Agriculture,"Loggers and wood cutters
",597.09,-
4725,2025-2026,Aug,"ANDHRA PRADESH",Agriculture,"Animal husbandry workers (including poultry workers, dairy workers & herdsman)
",@,@
4726,2025-2026,Aug,"ANDHRA PRADESH",Agriculture,"Packaging labourers, agriculture
",@,@
4727,2025-2026,Aug,"ANDHRA PRADESH",Agriculture,"General agricultural labourers (including watering/irrigation workers, etc.)
",563.85,435.71
4728,2025-2026,Aug,"ANDHRA PRADESH",Agriculture,"Plant protection workers (applying pesticides, treating seeds, etc.
",861.9400000000001,-
4729,2025-2026,Aug,ASSAM,Agriculture,"Ploughing/Tilling workers",506.67,-
4730,2025-2026,Aug,ASSAM,Agriculture,"Sowing(including Planting/Transplanting/ Weeding) workers)
",417.52,362.24
4731,2025-2026,Aug,ASSAM,Agriculture,"Harvesting/Winnowing/Threshing workers
",457,387.56
4732,2025-2026,Aug,ASSAM,Agriculture,"Picking workers (including Tea, Cotton, Tobacco and other commercial crops)
",@,@
4733,2025-2026,Aug,ASSAM,Agriculture,"Horticulture workers (including nursery growers)
",426.28,310
4734,2025-2026,Aug,ASSAM,Agriculture,"Fishermen-inland
",@,-
4735,2025-2026,Aug,ASSAM,Agriculture,"Fishermen-coastal/deep-sea
",-,-
4736,2025-2026,Aug,ASSAM,Agriculture,"Loggers and wood cutters
",480.69,-
4737,2025-2026,Aug,ASSAM,Agriculture,"Animal husbandry workers (including poultry workers, dairy workers & herdsman)
",451.17,384.44
4738,2025-2026,Aug,ASSAM,Agriculture,"Packaging labourers, agriculture
",@,@
4739,2025-2026,Aug,ASSAM,Agriculture,"General agricultural labourers (including watering/irrigation workers, etc.)
",383.09,329.65
4740,2025-2026,Aug,ASSAM,Agriculture,"Plant protection workers (applying pesticides, treating seeds, etc.
",428.33,@
4741,2024-2025,Aug,ASSAM,Agriculture,"Ploughing/Tilling workers",423.09,@
4742,2024-2025,Aug,ASSAM,Agriculture,"Sowing(including Planting/Transplanting/ Weeding) workers)
",401.94,322.22
4743,2024-2025,Aug,ASSAM,Agriculture,"Harvesting/Winnowing/Threshing workers
",396.27,310.19
4744,2024-2025,Aug,ASSAM,Agriculture,"Picking workers (including Tea, Cotton, Tobacco and other commercial crops)
",@,@
4745,2024-2025,Aug,ASSAM,Agriculture,"Horticulture workers (including nursery growers)
",-,342.22
4746,2024-2025,Aug,ASSAM,Agriculture,"Fishermen-inland
",-,-
4747,2024-2025,Aug,ASSAM,Agriculture,"Fishermen-coastal/deep-sea
",-,-
4748,2024-2025,Aug,ASSAM,Agriculture,"Loggers and wood cutters
",382.00,-
4749,2024-2025,Aug,ASSAM,Agriculture,"Animal husbandry workers (including poultry workers, dairy workers & herdsman)
",298.33,-
4750,2024-2025,Aug,ASSAM,Agriculture,"Packaging labourers, agriculture
",374.00,@
4751,2024-2025,Aug,ASSAM,Agriculture,"General agricultural labourers (including watering/irrigation workers, etc.)
",379.47,331.85
4752,2024-2025,Aug,ASSAM,Agriculture,"Plant protection workers (applying pesticides, treating seeds, etc.
",@,@
4753,2024-2025,Aug,BIHAR,Agriculture,"Ploughing/Tilling workers",413.98,-
4754,2024-2025,Aug,BIHAR,Agriculture,"Sowing(including Planting/Transplanting/ Weeding) workers)
",396.69,336.96
4755,2024-2025,Aug,BIHAR,Agriculture,"Harvesting/Winnowing/Threshing workers
",378.81,339.69
4756,2024-2025,Aug,BIHAR,Agriculture,"Picking workers (including Tea, Cotton, Tobacco and other commercial crops)
",350.90,@
4757,2024-2025,Aug,BIHAR,Agriculture,"Horticulture workers (including nursery growers)
",296.17,264.52
4758,2024-2025,Aug,BIHAR,Agriculture,"Fishermen-inland
",347.62,-
4759,2024-2025,Aug,BIHAR,Agriculture,"Fishermen-coastal/deep-sea
",-,-
4760,2024-2025,Aug,BIHAR,Agriculture,"Loggers and wood cutters
",482.01,-
4761,2024-2025,Aug,BIHAR,Agriculture,"Animal husbandry workers (including poultry workers, dairy workers & herdsman)
",307.72,301.67
4762,2024-2025,Aug,BIHAR,Agriculture,"Packaging labourers, agriculture
",325.00,323.33
4763,2024-2025,Aug,BIHAR,Agriculture,"General agricultural labourers (including watering/irrigation workers, etc.)
",360.56,324.82
4764,2024-2025,Aug,BIHAR,Agriculture,"Plant protection workers (applying pesticides, treating seeds, etc.
",378.36,@
4765,2025-2026,Aug,BIHAR,Agriculture,"Ploughing/Tilling workers",438.54,@
4766,2025-2026,Aug,BIHAR,Agriculture,"Sowing(including Planting/Transplanting/ Weeding) workers)
",384.2,327.47
4767,2025-2026,Aug,BIHAR,Agriculture,"Harvesting/Winnowing/Threshing workers
",384.08,323.47
4768,2025-2026,Aug,BIHAR,Agriculture,"Picking workers (including Tea, Cotton, Tobacco and other commercial crops)
",@,@
4769,2025-2026,Aug,BIHAR,Agriculture,"Horticulture workers (including nursery growers)
",344.44,287.5
4770,2025-2026,Aug,BIHAR,Agriculture,"Fishermen-inland
",450,-
4771,2025-2026,Aug,BIHAR,Agriculture,"Fishermen-coastal/deep-sea
",-,-
4772,2025-2026,Aug,BIHAR,Agriculture,"Loggers and wood cutters
",531.41,-
4773,2025-2026,Aug,BIHAR,Agriculture,"Animal husbandry workers (including poultry workers, dairy workers & herdsman)
",376.29,@
4774,2025-2026,Aug,BIHAR,Agriculture,"Packaging labourers, agriculture
",338.89,265
4775,2025-2026,Aug,BIHAR,Agriculture,"General agricultural labourers (including watering/irrigation workers, etc.)
",372.71,287.5
4776,2025-2026,Aug,BIHAR,Agriculture,"Plant protection workers (applying pesticides, treating seeds, etc.
",382.22,282.14
4777,2025-2026,Aug,GUJARAT,Agriculture,"Ploughing/Tilling workers",403.29,360.71
4778,2025-2026,Aug,GUJARAT,Agriculture,"Sowing(including Planting/Transplanting/ Weeding) workers)
",342.97,336.79
4779,2025-2026,Aug,GUJARAT,Agriculture,"Harvesting/Winnowing/Threshing workers
",345.33,332.63
4780,2025-2026,Aug,GUJARAT,Agriculture,"Picking workers (including Tea, Cotton, Tobacco and other commercial crops)
",339.77,325.17
4781,2025-2026,Aug,GUJARAT,Agriculture,"Horticulture workers (including nursery growers)
",301.67,272
4782,2025-2026,Aug,GUJARAT,Agriculture,"Fishermen-inland
",@,@
4783,2025-2026,Aug,GUJARAT,Agriculture,"Fishermen-coastal/deep-sea
",-,-
4784,2025-2026,Aug,GUJARAT,Agriculture,"Loggers and wood cutters
",413.77,368.33
4785,2025-2026,Aug,GUJARAT,Agriculture,"Animal husbandry workers (including poultry workers, dairy workers & herdsman)
",351.52,288.33
4786,2025-2026,Aug,GUJARAT,Agriculture,"Packaging labourers, agriculture
",334.67,308.75
4787,2025-2026,Aug,GUJARAT,Agriculture,"General agricultural labourers (including watering/irrigation workers, etc.)
",333.91,290.94
4788,2025-2026,Aug,GUJARAT,Agriculture,"Plant protection workers (applying pesticides, treating seeds, etc.
",346.43,333.13
4789,2024-2025,Aug,GUJARAT,Agriculture,"Ploughing/Tilling workers",342.76,288.00
4790,2024-2025,Aug,GUJARAT,Agriculture,"Sowing(including Planting/Transplanting/ Weeding) workers)
",303.17,292.59
4791,2024-2025,Aug,GUJARAT,Agriculture,"Harvesting/Winnowing/Threshing workers
",304.83,300.50
4792,2024-2025,Aug,GUJARAT,Agriculture,"Picking workers (including Tea, Cotton, Tobacco and other commercial crops)
",299.40,297.40
4793,2024-2025,Aug,GUJARAT,Agriculture,"Horticulture workers (including nursery growers)
",231.43,235.00
4794,2024-2025,Aug,GUJARAT,Agriculture,"Fishermen-inland
",@,-
4795,2024-2025,Aug,GUJARAT,Agriculture,"Fishermen-coastal/deep-sea
",-,-
4796,2024-2025,Aug,GUJARAT,Agriculture,"Loggers and wood cutters
",360.77,@
4797,2024-2025,Aug,GUJARAT,Agriculture,"Animal husbandry workers (including poultry workers, dairy workers & herdsman)
",258.64,@
4798,2024-2025,Aug,GUJARAT,Agriculture,"Packaging labourers, agriculture
",247.14,@
4799,2024-2025,Aug,GUJARAT,Agriculture,"General agricultural labourers (including watering/irrigation workers, etc.)
",279.21,273.82
4800,2024-2025,Aug,GUJARAT,Agriculture,"Plant protection workers (applying pesticides, treating seeds, etc.
",265.00,-
4801,2024-2025,Aug,HARYANA,Agriculture,"Ploughing/Tilling workers",502.25,@
4802,2024-2025,Aug,HARYANA,Agriculture,"Sowing(including Planting/Transplanting/ Weeding) workers)
",492.33,454.00
4803,2024-2025,Aug,HARYANA,Agriculture,"Harvesting/Winnowing/Threshing workers
",506.18,469.80
4804,2024-2025,Aug,HARYANA,Agriculture,"Picking workers (including Tea, Cotton, Tobacco and other commercial crops)
",493.33,483.33
4805,2024-2025,Aug,HARYANA,Agriculture,"Horticulture workers (including nursery growers)
",@,@
4806,2024-2025,Aug,HARYANA,Agriculture,"Fishermen-inland
",-,-
4807,2024-2025,Aug,HARYANA,Agriculture,"Fishermen-coastal/deep-sea
",-,-
4808,2024-2025,Aug,HARYANA,Agriculture,"Loggers and wood cutters
",514.00,-
4809,2024-2025,Aug,HARYANA,Agriculture,"Animal husbandry workers (including poultry workers, dairy workers & herdsman)
",481.67,@
4810,2024-2025,Aug,HARYANA,Agriculture,"Packaging labourers, agriculture
",@,@
4811,2024-2025,Aug,HARYANA,Agriculture,"General agricultural labourers (including watering/irrigation workers, etc.)
",494.00,436.33
4812,2024-2025,Aug,HARYANA,Agriculture,"Plant protection workers (applying pesticides, treating seeds, etc.
",513.50,-
4813,2025-2026,Aug,HARYANA,Agriculture,"Ploughing/Tilling workers",582.75,@
4814,2025-2026,Aug,HARYANA,Agriculture,"Sowing(including Planting/Transplanting/ Weeding) workers)
",608.29,513.9
4815,2025-2026,Aug,HARYANA,Agriculture,"Harvesting/Winnowing/Threshing workers
",517,398.8
4816,2025-2026,Aug,HARYANA,Agriculture,"Picking workers (including Tea, Cotton, Tobacco and other commercial crops)
",540,540
4817,2025-2026,Aug,HARYANA,Agriculture,"Horticulture workers (including nursery growers)
",@,@
4818,2025-2026,Aug,HARYANA,Agriculture,"Fishermen-inland
",-,-
4819,2025-2026,Aug,HARYANA,Agriculture,"Fishermen-coastal/deep-sea
",-,-
4820,2025-2026,Aug,HARYANA,Agriculture,"Loggers and wood cutters
",501.25,-
4821,2025-2026,Aug,HARYANA,Agriculture,"Animal husbandry workers (including poultry workers, dairy workers & herdsman)
",425.44,376.67
4822,2025-2026,Aug,HARYANA,Agriculture,"Packaging labourers, agriculture
",546,565.71
4823,2025-2026,Aug,HARYANA,Agriculture,"General agricultural labourers (including watering/irrigation workers, etc.)
",583.05,502.67
4824,2025-2026,Aug,HARYANA,Agriculture,"Plant protection workers (applying pesticides, treating seeds, etc.
",578.29,@
4825,2025-2026,Aug,"HIMACHAL PRADESH",Agriculture,"Ploughing/Tilling workers",744.4400000000001,@
4826,2025-2026,Aug,"HIMACHAL PRADESH",Agriculture,"Sowing(including Planting/Transplanting/ Weeding) workers)
",587.5,562.5
4827,2025-2026,Aug,"HIMACHAL PRADESH",Agriculture,"Harvesting/Winnowing/Threshing workers
",@,@
4828,2025-2026,Aug,"HIMACHAL PRADESH",Agriculture,"Picking workers (including Tea, Cotton, Tobacco and other commercial crops)
",-,-
4829,2025-2026,Aug,"HIMACHAL PRADESH",Agriculture,"Horticulture workers (including nursery growers)
",538,538
4830,2025-2026,Aug,"HIMACHAL PRADESH",Agriculture,"Fishermen-inland
",@,-
4831,2025-2026,Aug,"HIMACHAL PRADESH",Agriculture,"Fishermen-coastal/deep-sea
",-,-
4832,2025-2026,Aug,"HIMACHAL PRADESH",Agriculture,"Loggers and wood cutters
",636.25,@
4833,2025-2026,Aug,"HIMACHAL PRADESH",Agriculture,"Animal husbandry workers (including poultry workers, dairy workers & herdsman)
",@,@
4834,2025-2026,Aug,"HIMACHAL PRADESH",Agriculture,"Packaging labourers, agriculture
",@,@
4835,2025-2026,Aug,"HIMACHAL PRADESH",Agriculture,"General agricultural labourers (including watering/irrigation workers, etc.)
",511.82,511.25
4836,2025-2026,Aug,"HIMACHAL PRADESH",Agriculture,"Plant protection workers (applying pesticides, treating seeds, etc.
",691.67,@
4837,2024-2025,Aug,"HIMACHAL PRADESH",Agriculture,"Ploughing/Tilling workers",588.00,-
4838,2024-2025,Aug,"HIMACHAL PRADESH",Agriculture,"Sowing(including Planting/Transplanting/ Weeding) workers)
",485.00,@
4839,2024-2025,Aug,"HIMACHAL PRADESH",Agriculture,"Harvesting/Winnowing/Threshing workers
",498.00,@
4840,2024-2025,Aug,"HIMACHAL PRADESH",Agriculture,"Picking workers (including Tea, Cotton, Tobacco and other commercial crops)
",-,-
4841,2024-2025,Aug,"HIMACHAL PRADESH",Agriculture,"Horticulture workers (including nursery growers)
",476.00,@
4842,2024-2025,Aug,"HIMACHAL PRADESH",Agriculture,"Fishermen-inland
",-,-
4843,2024-2025,Aug,"HIMACHAL PRADESH",Agriculture,"Fishermen-coastal/deep-sea
",-,-
4844,2024-2025,Aug,"HIMACHAL PRADESH",Agriculture,"Loggers and wood cutters
",578.00,-
4845,2024-2025,Aug,"HIMACHAL PRADESH",Agriculture,"Animal husbandry workers (including poultry workers, dairy workers & herdsman)
",@,@
4846,2024-2025,Aug,"HIMACHAL PRADESH",Agriculture,"Packaging labourers, agriculture
",-,-
4847,2024-2025,Aug,"HIMACHAL PRADESH",Agriculture,"General agricultural labourers (including watering/irrigation workers, etc.)
",516.00,@
4848,2024-2025,Aug,"HIMACHAL PRADESH",Agriculture,"Plant protection workers (applying pesticides, treating seeds, etc.
",@,-
4849,2024-2025,Aug,"JAMMU & KASHMIR
",Agriculture,"Ploughing/Tilling workers",712.50,-
4850,2024-2025,Aug,"JAMMU & KASHMIR
",Agriculture,"Sowing(including Planting/Transplanting/ Weeding) workers)
",629.38,@
4851,2024-2025,Aug,"JAMMU & KASHMIR
",Agriculture,"Harvesting/Winnowing/Threshing workers
",634.62,@
4852,2024-2025,Aug,"JAMMU & KASHMIR
",Agriculture,"Picking workers (including Tea, Cotton, Tobacco and other commercial crops)
",@,-
4853,2024-2025,Aug,"JAMMU & KASHMIR
",Agriculture,"Horticulture workers (including nursery growers)
",620.00,-
4854,2024-2025,Aug,"JAMMU & KASHMIR
",Agriculture,"Fishermen-inland
",-,-
4855,2024-2025,Aug,"JAMMU & KASHMIR
",Agriculture,"Fishermen-coastal/deep-sea
",-,-
4856,2024-2025,Aug,"JAMMU & KASHMIR
",Agriculture,"Loggers and wood cutters
",636.50,-
4857,2024-2025,Aug,"JAMMU & KASHMIR
",Agriculture,"Animal husbandry workers (including poultry workers, dairy workers & herdsman)
",559.00,-
4858,2024-2025,Aug,"JAMMU & KASHMIR
",Agriculture,"Packaging labourers, agriculture
",647.14,-
4859,2024-2025,Aug,"JAMMU & KASHMIR
",Agriculture,"General agricultural labourers (including watering/irrigation workers, etc.)
",590.50,@
4860,2024-2025,Aug,"JAMMU & KASHMIR
",Agriculture,"Plant protection workers (applying pesticides, treating seeds, etc.
",@,-
4861,2025-2026,Aug,"JAMMU & KASHMIR
",Agriculture,"Ploughing/Tilling workers",738.1799999999999,-
4862,2025-2026,Aug,"JAMMU & KASHMIR
",Agriculture,"Sowing(including Planting/Transplanting/ Weeding) workers)
",667,@
4863,2025-2026,Aug,"JAMMU & KASHMIR
",Agriculture,"Harvesting/Winnowing/Threshing workers
",643.89,620
4864,2025-2026,Aug,"JAMMU & KASHMIR
",Agriculture,"Picking workers (including Tea, Cotton, Tobacco and other commercial crops)
",650,-
4865,2025-2026,Aug,"JAMMU & KASHMIR
",Agriculture,"Horticulture workers (including nursery growers)
",660.77,-
4866,2025-2026,Aug,"JAMMU & KASHMIR
",Agriculture,"Fishermen-inland
",-,-
4867,2025-2026,Aug,"JAMMU & KASHMIR
",Agriculture,"Fishermen-coastal/deep-sea
",-,-
4868,2025-2026,Aug,"JAMMU & KASHMIR
",Agriculture,"Loggers and wood cutters
",738,-
4869,2025-2026,Aug,"JAMMU & KASHMIR
",Agriculture,"Animal husbandry workers (including poultry workers, dairy workers & herdsman)
",443.59,-
4870,2025-2026,Aug,"JAMMU & KASHMIR
",Agriculture,"Packaging labourers, agriculture
",655.5599999999999,-
4871,2025-2026,Aug,"JAMMU & KASHMIR
",Agriculture,"General agricultural labourers (including watering/irrigation workers, etc.)
",583.33,-
4872,2025-2026,Aug,"JAMMU & KASHMIR
",Agriculture,"Plant protection workers (applying pesticides, treating seeds, etc.
",687.5,-
4873,2025-2026,Aug,KARNATAKA,Agriculture,"Ploughing/Tilling workers",617.83,@
4874,2025-2026,Aug,KARNATAKA,Agriculture,"Sowing(including Planting/Transplanting/ Weeding) workers)
",553.71,415.29
4875,2025-2026,Aug,KARNATAKA,Agriculture,"Harvesting/Winnowing/Threshing workers
",503.6,345.32
4876,2025-2026,Aug,KARNATAKA,Agriculture,"Picking workers (including Tea, Cotton, Tobacco and other commercial crops)
",493.08,350.77
4877,2025-2026,Aug,KARNATAKA,Agriculture,"Horticulture workers (including nursery growers)
",543.92,350.24
4878,2025-2026,Aug,KARNATAKA,Agriculture,"Fishermen-inland
",@,-
4879,2025-2026,Aug,KARNATAKA,Agriculture,"Fishermen-coastal/deep-sea
",-,-
4880,2025-2026,Aug,KARNATAKA,Agriculture,"Loggers and wood cutters
",620.86,-
4881,2025-2026,Aug,KARNATAKA,Agriculture,"Animal husbandry workers (including poultry workers, dairy workers & herdsman)
",531.79,@
4882,2025-2026,Aug,KARNATAKA,Agriculture,"Packaging labourers, agriculture
",499.46,392
4883,2025-2026,Aug,KARNATAKA,Agriculture,"General agricultural labourers (including watering/irrigation workers, etc.)
",517.89,398.77
4884,2025-2026,Aug,KARNATAKA,Agriculture,"Plant protection workers (applying pesticides, treating seeds, etc.
",484.9,409.57
4885,2024-2025,Aug,KARNATAKA,Agriculture,"Ploughing/Tilling workers",507.82,266.67
4886,2024-2025,Aug,KARNATAKA,Agriculture,"Sowing(including Planting/Transplanting/ Weeding) workers)
",450.33,334.29
4887,2024-2025,Aug,KARNATAKA,Agriculture,"Harvesting/Winnowing/Threshing workers
",452.67,319.33
4888,2024-2025,Aug,KARNATAKA,Agriculture,"Picking workers (including Tea, Cotton, Tobacco and other commercial crops)
",413.12,293.85
4889,2024-2025,Aug,KARNATAKA,Agriculture,"Horticulture workers (including nursery growers)
",470.00,357.00
4890,2024-2025,Aug,KARNATAKA,Agriculture,"Fishermen-inland
",@,-
4891,2024-2025,Aug,KARNATAKA,Agriculture,"Fishermen-coastal/deep-sea
",@,-
4892,2024-2025,Aug,KARNATAKA,Agriculture,"Loggers and wood cutters
",515.88,-
4893,2024-2025,Aug,KARNATAKA,Agriculture,"Animal husbandry workers (including poultry workers, dairy workers & herdsman)
",427.00,344.29
4894,2024-2025,Aug,KARNATAKA,Agriculture,"Packaging labourers, agriculture
",440.83,@
4895,2024-2025,Aug,KARNATAKA,Agriculture,"General agricultural labourers (including watering/irrigation workers, etc.)
",446.67,326.00
4896,2024-2025,Aug,KARNATAKA,Agriculture,"Plant protection workers (applying pesticides, treating seeds, etc.
",434.00,-
4897,2024-2025,Aug,KERALA,Agriculture,"Ploughing/Tilling workers",920.48,@
4898,2024-2025,Aug,KERALA,Agriculture,"Sowing(including Planting/Transplanting/ Weeding) workers)
",937.41,654.23
4899,2024-2025,Aug,KERALA,Agriculture,"Harvesting/Winnowing/Threshing workers
",794.00,666.25
4900,2024-2025,Aug,KERALA,Agriculture,"Picking workers (including Tea, Cotton, Tobacco and other commercial crops)
",-,@
4901,2024-2025,Aug,KERALA,Agriculture,"Horticulture workers (including nursery growers)
",@,@
4902,2024-2025,Aug,KERALA,Agriculture,"Fishermen-inland
",-,-
4903,2024-2025,Aug,KERALA,Agriculture,"Fishermen-coastal/deep-sea
",-,-
4904,2024-2025,Aug,KERALA,Agriculture,"Loggers and wood cutters
",1124.40,-
4905,2024-2025,Aug,KERALA,Agriculture,"Animal husbandry workers (including poultry workers, dairy workers & herdsman)
",643.54,-
4906,2024-2025,Aug,KERALA,Agriculture,"Packaging labourers, agriculture
",-,-
4907,2024-2025,Aug,KERALA,Agriculture,"General agricultural labourers (including watering/irrigation workers, etc.)
",873.21,627.50
4908,2024-2025,Aug,KERALA,Agriculture,"Plant protection workers (applying pesticides, treating seeds, etc.
",716.00,-
4909,2025-2026,Aug,KERALA,Agriculture,"Ploughing/Tilling workers",1016.32,-
4910,2025-2026,Aug,KERALA,Agriculture,"Sowing(including Planting/Transplanting/ Weeding) workers)
",870.6,644.9400000000001
4911,2025-2026,Aug,KERALA,Agriculture,"Harvesting/Winnowing/Threshing workers
",870.98,723.27
4912,2025-2026,Aug,KERALA,Agriculture,"Picking workers (including Tea, Cotton, Tobacco and other commercial crops)
",-,@
4913,2025-2026,Aug,KERALA,Agriculture,"Horticulture workers (including nursery growers)
",775,@
4914,2025-2026,Aug,KERALA,Agriculture,"Fishermen-inland
",-,-
4915,2025-2026,Aug,KERALA,Agriculture,"Fishermen-coastal/deep-sea
",-,-
4916,2025-2026,Aug,KERALA,Agriculture,"Loggers and wood cutters
",1055.56,-
4917,2025-2026,Aug,KERALA,Agriculture,"Animal husbandry workers (including poultry workers, dairy workers & herdsman)
",694.4400000000001,-
4918,2025-2026,Aug,KERALA,Agriculture,"Packaging labourers, agriculture
",901.79,692.86
4919,2025-2026,Aug,KERALA,Agriculture,"General agricultural labourers (including watering/irrigation workers, etc.)
",852.99,667.53
4920,2025-2026,Aug,KERALA,Agriculture,"Plant protection workers (applying pesticides, treating seeds, etc.
",841.76,@
4921,2025-2026,Aug,"MADHYA PRADESH",Agriculture,"Ploughing/Tilling workers",367.17,300
4922,2025-2026,Aug,"MADHYA PRADESH",Agriculture,"Sowing(including Planting/Transplanting/ Weeding) workers)
",357.97,300
4923,2025-2026,Aug,"MADHYA PRADESH",Agriculture,"Harvesting/Winnowing/Threshing workers
",358.69,303.73
4924,2025-2026,Aug,"MADHYA PRADESH",Agriculture,"Picking workers (including Tea, Cotton, Tobacco and other commercial crops)
",383.75,347.71
4925,2025-2026,Aug,"MADHYA PRADESH",Agriculture,"Horticulture workers (including nursery growers)
",300,283.33
4926,2025-2026,Aug,"MADHYA PRADESH",Agriculture,"Fishermen-inland
",-,-
4927,2025-2026,Aug,"MADHYA PRADESH",Agriculture,"Fishermen-coastal/deep-sea
",-,-
4928,2025-2026,Aug,"MADHYA PRADESH",Agriculture,"Loggers and wood cutters
",409.9,290
4929,2025-2026,Aug,"MADHYA PRADESH",Agriculture,"Animal husbandry workers (including poultry workers, dairy workers & herdsman)
",263.21,237.78
4930,2025-2026,Aug,"MADHYA PRADESH",Agriculture,"Packaging labourers, agriculture
",@,@
4931,2025-2026,Aug,"MADHYA PRADESH",Agriculture,"General agricultural labourers (including watering/irrigation workers, etc.)
",329.71,283.33
4932,2025-2026,Aug,"MADHYA PRADESH",Agriculture,"Plant protection workers (applying pesticides, treating seeds, etc.
",373.4,@
4933,2024-2025,Aug,"MADHYA PRADESH",Agriculture,"Ploughing/Tilling workers",305.98,240.71
4934,2024-2025,Aug,"MADHYA PRADESH",Agriculture,"Sowing(including Planting/Transplanting/ Weeding) workers)
",275.77,248.63
4935,2024-2025,Aug,"MADHYA PRADESH",Agriculture,"Harvesting/Winnowing/Threshing workers
",279.21,249.02
4936,2024-2025,Aug,"MADHYA PRADESH",Agriculture,"Picking workers (including Tea, Cotton, Tobacco and other commercial crops)
",275.56,252.86
4937,2024-2025,Aug,"MADHYA PRADESH",Agriculture,"Horticulture workers (including nursery growers)
",250.00,222.00
4938,2024-2025,Aug,"MADHYA PRADESH",Agriculture,"Fishermen-inland
",@,-
4939,2024-2025,Aug,"MADHYA PRADESH",Agriculture,"Fishermen-coastal/deep-sea
",-,-
4940,2024-2025,Aug,"MADHYA PRADESH",Agriculture,"Loggers and wood cutters
",256.67,@
4941,2024-2025,Aug,"MADHYA PRADESH",Agriculture,"Animal husbandry workers (including poultry workers, dairy workers & herdsman)
",228.89,200.71
4942,2024-2025,Aug,"MADHYA PRADESH",Agriculture,"Packaging labourers, agriculture
",224.38,203.12
4943,2024-2025,Aug,"MADHYA PRADESH",Agriculture,"General agricultural labourers (including watering/irrigation workers, etc.)
",255.78,220.91
4944,2024-2025,Aug,"MADHYA PRADESH",Agriculture,"Plant protection workers (applying pesticides, treating seeds, etc.
",279.38,240.00
4945,2024-2025,Aug,MAHARASHTRA,Agriculture,"Ploughing/Tilling workers",406.59,311.54
4946,2024-2025,Aug,MAHARASHTRA,Agriculture,"Sowing(including Planting/Transplanting/ Weeding) workers)
",389.85,284.79
4947,2024-2025,Aug,MAHARASHTRA,Agriculture,"Harvesting/Winnowing/Threshing workers
",401.67,288.15
4948,2024-2025,Aug,MAHARASHTRA,Agriculture,"Picking workers (including Tea, Cotton, Tobacco and other commercial crops)
",@,273.08
4949,2024-2025,Aug,MAHARASHTRA,Agriculture,"Horticulture workers (including nursery growers)
",379.09,270.00
4950,2024-2025,Aug,MAHARASHTRA,Agriculture,"Fishermen-inland
",@,-
4951,2024-2025,Aug,MAHARASHTRA,Agriculture,"Fishermen-coastal/deep-sea
",@,@
4952,2024-2025,Aug,MAHARASHTRA,Agriculture,"Loggers and wood cutters
",450.00,@
4953,2024-2025,Aug,MAHARASHTRA,Agriculture,"Animal husbandry workers (including poultry workers, dairy workers & herdsman)
",317.17,274.00
4954,2024-2025,Aug,MAHARASHTRA,Agriculture,"Packaging labourers, agriculture
",322.86,250.00
4955,2024-2025,Aug,MAHARASHTRA,Agriculture,"General agricultural labourers (including watering/irrigation workers, etc.)
",341.88,238.18
4956,2024-2025,Aug,MAHARASHTRA,Agriculture,"Plant protection workers (applying pesticides, treating seeds, etc.
",389.73,267.14
4957,2025-2026,Aug,MAHARASHTRA,Agriculture,"Ploughing/Tilling workers",406.67,320
4958,2025-2026,Aug,MAHARASHTRA,Agriculture,"Sowing(including Planting/Transplanting/ Weeding) workers)
",405,305.12
4959,2025-2026,Aug,MAHARASHTRA,Agriculture,"Harvesting/Winnowing/Threshing workers
",411.67,311.67
4960,2025-2026,Aug,MAHARASHTRA,Agriculture,"Picking workers (including Tea, Cotton, Tobacco and other commercial crops)
",@,320
4961,2025-2026,Aug,MAHARASHTRA,Agriculture,"Horticulture workers (including nursery growers)
",416.14,318.99
4962,2025-2026,Aug,MAHARASHTRA,Agriculture,"Fishermen-inland
",514.29,@
4963,2025-2026,Aug,MAHARASHTRA,Agriculture,"Fishermen-coastal/deep-sea
",-,-
4964,2025-2026,Aug,MAHARASHTRA,Agriculture,"Loggers and wood cutters
",496.96,@
4965,2025-2026,Aug,MAHARASHTRA,Agriculture,"Animal husbandry workers (including poultry workers, dairy workers & herdsman)
",312.27,300
4966,2025-2026,Aug,MAHARASHTRA,Agriculture,"Packaging labourers, agriculture
",386.36,310
4967,2025-2026,Aug,MAHARASHTRA,Agriculture,"General agricultural labourers (including watering/irrigation workers, etc.)
",364.24,255.3
4968,2025-2026,Aug,MAHARASHTRA,Agriculture,"Plant protection workers (applying pesticides, treating seeds, etc.
",448.76,@
4969,2025-2026,Aug,"MANIPUR
",Agriculture,"Ploughing/Tilling workers",636,@
4970,2025-2026,Aug,"MANIPUR
",Agriculture,"Sowing(including Planting/Transplanting/ Weeding) workers)
",635,525
4971,2025-2026,Aug,"MANIPUR
",Agriculture,"Harvesting/Winnowing/Threshing workers
",630,525
4972,2025-2026,Aug,"MANIPUR
",Agriculture,"Picking workers (including Tea, Cotton, Tobacco and other commercial crops)
",425,395
4973,2025-2026,Aug,"MANIPUR
",Agriculture,"Horticulture workers (including nursery growers)
",425,395
4974,2025-2026,Aug,"MANIPUR
",Agriculture,"Fishermen-inland
",390,360
4975,2025-2026,Aug,"MANIPUR
",Agriculture,"Fishermen-coastal/deep-sea
",-,-
4976,2025-2026,Aug,"MANIPUR
",Agriculture,"Loggers and wood cutters
",490,-
4977,2025-2026,Aug,"MANIPUR
",Agriculture,"Packaging labourers, agriculture
",-,-
4978,2025-2026,Aug,"MANIPUR
",Agriculture,"General agricultural labourers (including watering/irrigation workers, etc.)
",-,-
4979,2025-2026,Aug,"MANIPUR
",Agriculture,"Plant protection workers (applying pesticides, treating seeds, etc.
",650,650
4980,2024-2025,Aug,"MANIPUR
",Agriculture,"Ploughing/Tilling workers",351.43,-
4981,2024-2025,Aug,"MANIPUR
",Agriculture,"Sowing(including Planting/Transplanting/ Weeding) workers)
",333.89,309.38
4982,2024-2025,Aug,"MANIPUR
",Agriculture,"Harvesting/Winnowing/Threshing workers
",324.29,315.71
4983,2024-2025,Aug,"MANIPUR
",Agriculture,"Picking workers (including Tea, Cotton, Tobacco and other commercial crops)
",-,-
4984,2024-2025,Aug,"MANIPUR
",Agriculture,"Horticulture workers (including nursery growers)
",@,@
4985,2024-2025,Aug,"MANIPUR
",Agriculture,"Fishermen-inland
",-,-
4986,2024-2025,Aug,"MANIPUR
",Agriculture,"Fishermen-coastal/deep-sea
",-,-
4987,2024-2025,Aug,"MANIPUR
",Agriculture,"Loggers and wood cutters
",@,-
4988,2024-2025,Aug,"MANIPUR
",Agriculture,"Animal husbandry workers (including poultry workers, dairy workers & herdsman)
",330.00,-
4989,2024-2025,Aug,"MANIPUR
",Agriculture,"Packaging labourers, agriculture
",@,-
4990,2024-2025,Aug,"MANIPUR
",Agriculture,"General agricultural labourers (including watering/irrigation workers, etc.)
",@,-
4991,2024-2025,Aug,"MANIPUR
",Agriculture,"Plant protection workers (applying pesticides, treating seeds, etc.
",@,-
4992,2025-2026,Aug,"MANIPUR
",Agriculture,"Animal husbandry workers (including poultry workers, dairy workers & herdsman)
",425.00,415.00
4993,2025-2026,Aug,"MEGHALAYA
",Agriculture,"Animal husbandry workers (including poultry workers, dairy workers & herdsman)
",@,@
4994,2024-2025,Aug,"MEGHALAYA
",Agriculture,"Ploughing/Tilling workers",374.29,204.00
4995,2024-2025,Aug,"MEGHALAYA
",Agriculture,"Sowing(including Planting/Transplanting/ Weeding) workers)
",343.50,210.75
4996,2024-2025,Aug,"MEGHALAYA
",Agriculture,"Harvesting/Winnowing/Threshing workers
",349.33,197.17
4997,2024-2025,Aug,"MEGHALAYA
",Agriculture,"Picking workers (including Tea, Cotton, Tobacco and other commercial crops)
",@,@
4998,2024-2025,Aug,"MEGHALAYA
",Agriculture,"Horticulture workers (including nursery growers)
",@,@
4999,2024-2025,Aug,"MEGHALAYA
",Agriculture,"Fishermen-inland
",-,-
5000,2024-2025,Aug,"MEGHALAYA
",Agriculture,"Fishermen-coastal/deep-sea
",-,-
5001,2024-2025,Aug,"MEGHALAYA
",Agriculture,"Loggers and wood cutters
",@,-
5002,2024-2025,Aug,"MEGHALAYA
",Agriculture,"Animal husbandry workers (including poultry workers, dairy workers & herdsman)
",313.88,@
5003,2024-2025,Aug,"MEGHALAYA
",Agriculture,"Packaging labourers, agriculture
",@,-
5004,2024-2025,Aug,"MEGHALAYA
",Agriculture,"General agricultural labourers (including watering/irrigation workers, etc.)
",335.17,203.17
5005,2024-2025,Aug,"MEGHALAYA
",Agriculture,"Plant protection workers (applying pesticides, treating seeds, etc.
",-,-
5006,2025-2026,Aug,"MEGHALAYA
",Agriculture,"Ploughing/Tilling workers",407.43,@
5007,2025-2026,Aug,"MEGHALAYA
",Agriculture,"Sowing(including Planting/Transplanting/ Weeding) workers)
",466.71,304.57
5008,2025-2026,Aug,"MEGHALAYA
",Agriculture,"Harvesting/Winnowing/Threshing workers
",473.17,300.18
5009,2025-2026,Aug,"MEGHALAYA
",Agriculture,"Picking workers (including Tea, Cotton, Tobacco and other commercial crops)
",-,-
5010,2025-2026,Aug,"MEGHALAYA
",Agriculture,"Horticulture workers (including nursery growers)
",@,@
5011,2025-2026,Aug,"MEGHALAYA
",Agriculture,"Fishermen-inland
",-,-
5012,2025-2026,Aug,"MEGHALAYA
",Agriculture,"Fishermen-coastal/deep-sea
",-,-
5013,2025-2026,Aug,"MEGHALAYA
",Agriculture,"Loggers and wood cutters
",420.61,@
5014,2025-2026,Aug,"MEGHALAYA
",Agriculture,"Packaging labourers, agriculture
",-,-
5015,2025-2026,Aug,"MEGHALAYA
",Agriculture,"General agricultural labourers (including watering/irrigation workers, etc.)
",@,@
5016,2025-2026,Aug,"MEGHALAYA
",Agriculture,"Plant protection workers (applying pesticides, treating seeds, etc.
",-,-
5017,2025-2026,Aug,"ODISHA
",Agriculture,"Ploughing/Tilling workers",503.78,@
5018,2025-2026,Aug,"ODISHA
",Agriculture,"Sowing(including Planting/Transplanting/ Weeding) workers)
",473.27,392.45
5019,2025-2026,Aug,"ODISHA
",Agriculture,"Harvesting/Winnowing/Threshing workers
",383.33,305.56
5020,2025-2026,Aug,"ODISHA
",Agriculture,"Picking workers (including Tea, Cotton, Tobacco and other commercial crops)
",-,-
5021,2025-2026,Aug,"ODISHA
",Agriculture,"Horticulture workers (including nursery growers)
",369.8,300.48
5022,2025-2026,Aug,"ODISHA
",Agriculture,"Fishermen-inland
",378.13,-
5023,2025-2026,Aug,"ODISHA
",Agriculture,"Fishermen-coastal/deep-sea
",-,-
5024,2025-2026,Aug,"ODISHA
",Agriculture,"Loggers and wood cutters
",490.54,-
5025,2025-2026,Aug,"ODISHA
",Agriculture,"Packaging labourers, agriculture
",332.35,@
5026,2025-2026,Aug,"ODISHA
",Agriculture,"General agricultural labourers (including watering/irrigation workers, etc.)
",396.56,360.33
5027,2025-2026,Aug,"ODISHA
",Agriculture,"Plant protection workers (applying pesticides, treating seeds, etc.
",400,-
5028,2024-2025,Aug,"ODISHA
",Agriculture,"Ploughing/Tilling workers",372.56,309.64
5029,2024-2025,Aug,"ODISHA
",Agriculture,"Sowing(including Planting/Transplanting/ Weeding) workers)
",367.00,320.95
5030,2024-2025,Aug,"ODISHA
",Agriculture,"Harvesting/Winnowing/Threshing workers
",366.43,320.86
5031,2024-2025,Aug,"ODISHA
",Agriculture,"Picking workers (including Tea, Cotton, Tobacco and other commercial crops)
",@,@
5032,2024-2025,Aug,"ODISHA
",Agriculture,"Horticulture workers (including nursery growers)
",@,@
5033,2024-2025,Aug,"ODISHA
",Agriculture,"Fishermen-inland
",244.00,-
5034,2024-2025,Aug,"ODISHA
",Agriculture,"Fishermen-coastal/deep-sea
",@,-
5035,2024-2025,Aug,"ODISHA
",Agriculture,"Loggers and wood cutters
",322.62,-
5036,2024-2025,Aug,"ODISHA
",Agriculture,"Animal husbandry workers (including poultry workers, dairy workers & herdsman)
",256.89,191.25
5037,2024-2025,Aug,"ODISHA
",Agriculture,"Packaging labourers, agriculture
",@,-
5038,2024-2025,Aug,"ODISHA
",Agriculture,"General agricultural labourers (including watering/irrigation workers, etc.)
",365.08,316.34
5039,2024-2025,Aug,"ODISHA
",Agriculture,"Plant protection workers (applying pesticides, treating seeds, etc.
",274.44,@
5040,2025-2026,Aug,"ODISHA
",Agriculture,"Animal husbandry workers (including poultry workers, dairy workers & herdsman)
",348.89,304.00
5041,2025-2026,Aug,"PUNJAB
",Agriculture,"Animal husbandry workers (including poultry workers, dairy workers & herdsman)
",382.22,@
5042,2024-2025,Aug,"PUNJAB
",Agriculture,"Ploughing/Tilling workers",449.56,@
5043,2024-2025,Aug,"PUNJAB
",Agriculture,"Sowing(including Planting/Transplanting/ Weeding) workers)
",428.50,373.67
5044,2024-2025,Aug,"PUNJAB
",Agriculture,"Harvesting/Winnowing/Threshing workers
",438.36,@
5045,2024-2025,Aug,"PUNJAB
",Agriculture,"Picking workers (including Tea, Cotton, Tobacco and other commercial crops)
",384.00,@
5046,2024-2025,Aug,"PUNJAB
",Agriculture,"Horticulture workers (including nursery growers)
",@,-
5047,2024-2025,Aug,"PUNJAB
",Agriculture,"Fishermen-inland
",-,-
5048,2024-2025,Aug,"PUNJAB
",Agriculture,"Fishermen-coastal/deep-sea
",-,-
5049,2024-2025,Aug,"PUNJAB
",Agriculture,"Loggers and wood cutters
",@,-
5050,2024-2025,Aug,"PUNJAB
",Agriculture,"Animal husbandry workers (including poultry workers, dairy workers & herdsman)
",346.07,@
5051,2024-2025,Aug,"PUNJAB
",Agriculture,"Packaging labourers, agriculture
",403.33,@
5052,2024-2025,Aug,"PUNJAB
",Agriculture,"General agricultural labourers (including watering/irrigation workers, etc.)
",421.33,-
5053,2024-2025,Aug,"PUNJAB
",Agriculture,"Plant protection workers (applying pesticides, treating seeds, etc.
",414.29,-
5054,2025-2026,Aug,"PUNJAB
",Agriculture,"Ploughing/Tilling workers",466.36,@
5055,2025-2026,Aug,"PUNJAB
",Agriculture,"Sowing(including Planting/Transplanting/ Weeding) workers)
",462.27,382.5
5056,2025-2026,Aug,"PUNJAB
",Agriculture,"Harvesting/Winnowing/Threshing workers
",467.78,377.14
5057,2025-2026,Aug,"PUNJAB
",Agriculture,"Picking workers (including Tea, Cotton, Tobacco and other commercial crops)
",430,@
5058,2025-2026,Aug,"PUNJAB
",Agriculture,"Horticulture workers (including nursery growers)
",@,-
5059,2025-2026,Aug,"PUNJAB
",Agriculture,"Fishermen-inland
",-,-
5060,2025-2026,Aug,"PUNJAB
",Agriculture,"Fishermen-coastal/deep-sea
",-,-
5061,2025-2026,Aug,"PUNJAB
",Agriculture,"Loggers and wood cutters
",@,-
5062,2025-2026,Aug,"PUNJAB
",Agriculture,"Packaging labourers, agriculture
",450,-
5063,2025-2026,Aug,"PUNJAB
",Agriculture,"General agricultural labourers (including watering/irrigation workers, etc.)
",452,@
5064,2025-2026,Aug,"PUNJAB
",Agriculture,"Plant protection workers (applying pesticides, treating seeds, etc.
",452.94,-
5065,2025-2026,Aug,RAJASTHAN,Agriculture,"Ploughing/Tilling workers",543.5700000000001,@
5066,2025-2026,Aug,RAJASTHAN,Agriculture,"Sowing(including Planting/Transplanting/ Weeding) workers)
",465.17,379.13
5067,2025-2026,Aug,RAJASTHAN,Agriculture,"Harvesting/Winnowing/Threshing workers
",431.54,420
5068,2025-2026,Aug,RAJASTHAN,Agriculture,"Picking workers (including Tea, Cotton, Tobacco and other commercial crops)
",424,416.67
5069,2025-2026,Aug,RAJASTHAN,Agriculture,"Horticulture workers (including nursery growers)
",426,@
5070,2025-2026,Aug,RAJASTHAN,Agriculture,"Fishermen-inland
",-,-
5071,2025-2026,Aug,RAJASTHAN,Agriculture,"Fishermen-coastal/deep-sea
",-,-
5072,2025-2026,Aug,RAJASTHAN,Agriculture,"Loggers and wood cutters
",499.65,-
5073,2025-2026,Aug,RAJASTHAN,Agriculture,"Packaging labourers, agriculture
",368.89,@
5074,2025-2026,Aug,RAJASTHAN,Agriculture,"General agricultural labourers (including watering/irrigation workers, etc.)
",427.92,365.56
5075,2025-2026,Aug,RAJASTHAN,Agriculture,"Plant protection workers (applying pesticides, treating seeds, etc.
",479.76,-
5076,2024-2025,Aug,RAJASTHAN,Agriculture,"Ploughing/Tilling workers",396.67,@
5077,2024-2025,Aug,RAJASTHAN,Agriculture,"Sowing(including Planting/Transplanting/ Weeding) workers)
",404.29,360.00
5078,2024-2025,Aug,RAJASTHAN,Agriculture,"Harvesting/Winnowing/Threshing workers
",448.33,423.64
5079,2024-2025,Aug,RAJASTHAN,Agriculture,"Picking workers (including Tea, Cotton, Tobacco and other commercial crops)
",@,@
5080,2024-2025,Aug,RAJASTHAN,Agriculture,"Horticulture workers (including nursery growers)
",@,-
5081,2024-2025,Aug,RAJASTHAN,Agriculture,"Fishermen-inland
",-,-
5082,2024-2025,Aug,RAJASTHAN,Agriculture,"Fishermen-coastal/deep-sea
",-,-
5083,2024-2025,Aug,RAJASTHAN,Agriculture,"Loggers and wood cutters
",391.67,-
5084,2024-2025,Aug,RAJASTHAN,Agriculture,"Animal husbandry workers (including poultry workers, dairy workers & herdsman)
",@,@
5085,2024-2025,Aug,RAJASTHAN,Agriculture,"Packaging labourers, agriculture
",@,@
5086,2024-2025,Aug,RAJASTHAN,Agriculture,"General agricultural labourers (including watering/irrigation workers, etc.)
",408.75,363.08
5087,2024-2025,Aug,RAJASTHAN,Agriculture,"Plant protection workers (applying pesticides, treating seeds, etc.
",386.67,@
5088,2025-2026,Aug,RAJASTHAN,Agriculture,"Animal husbandry workers (including poultry workers, dairy workers & herdsman)
",396.67,@
5089,2025-2026,Aug,"TAMIL NADU",Agriculture,"Animal husbandry workers (including poultry workers, dairy workers & herdsman)
",584.81,351.90
5090,2024-2025,Aug,"TAMIL NADU",Agriculture,"Ploughing/Tilling workers",702.16,@
5091,2024-2025,Aug,"TAMIL NADU",Agriculture,"Sowing(including Planting/Transplanting/ Weeding) workers)
",576.00,391.55
5092,2024-2025,Aug,"TAMIL NADU",Agriculture,"Harvesting/Winnowing/Threshing workers
",585.28,387.37
5093,2024-2025,Aug,"TAMIL NADU",Agriculture,"Picking workers (including Tea, Cotton, Tobacco and other commercial crops)
",@,316.67
5094,2024-2025,Aug,"TAMIL NADU",Agriculture,"Horticulture workers (including nursery growers)
",@,@
5095,2024-2025,Aug,"TAMIL NADU",Agriculture,"Fishermen-inland
",-,-
5096,2024-2025,Aug,"TAMIL NADU",Agriculture,"Fishermen-coastal/deep-sea
",-,-
5097,2024-2025,Aug,"TAMIL NADU",Agriculture,"Loggers and wood cutters
",627.84,@
5098,2024-2025,Aug,"TAMIL NADU",Agriculture,"Animal husbandry workers (including poultry workers, dairy workers & herdsman)
",661.81,@
5099,2024-2025,Aug,"TAMIL NADU",Agriculture,"Packaging labourers, agriculture
",@,@
5100,2024-2025,Aug,"TAMIL NADU",Agriculture,"General agricultural labourers (including watering/irrigation workers, etc.)
",567.58,363.54
5101,2024-2025,Aug,"TAMIL NADU",Agriculture,"Plant protection workers (applying pesticides, treating seeds, etc.
",674.98,@
5102,2025-2026,Aug,"TAMIL NADU",Agriculture,"Ploughing/Tilling workers",735,@
5103,2025-2026,Aug,"TAMIL NADU",Agriculture,"Sowing(including Planting/Transplanting/ Weeding) workers)
",697.8,445.34
5104,2025-2026,Aug,"TAMIL NADU",Agriculture,"Harvesting/Winnowing/Threshing workers
",649.9299999999999,430.56
5105,2025-2026,Aug,"TAMIL NADU",Agriculture,"Picking workers (including Tea, Cotton, Tobacco and other commercial crops)
",@,520.71
5106,2025-2026,Aug,"TAMIL NADU",Agriculture,"Horticulture workers (including nursery growers)
",@,383.89
5107,2025-2026,Aug,"TAMIL NADU",Agriculture,"Fishermen-inland
",@,-
5108,2025-2026,Aug,"TAMIL NADU",Agriculture,"Fishermen-coastal/deep-sea
",-,-
5109,2025-2026,Aug,"TAMIL NADU",Agriculture,"Loggers and wood cutters
",723.5700000000001,-
5110,2025-2026,Aug,"TAMIL NADU",Agriculture,"Packaging labourers, agriculture
",@,@
5111,2025-2026,Aug,"TAMIL NADU",Agriculture,"General agricultural labourers (including watering/irrigation workers, etc.)
",615.25,371.59
5112,2025-2026,Aug,"TAMIL NADU",Agriculture,"Plant protection workers (applying pesticides, treating seeds, etc.
",899.05,-
5113,2025-2026,Aug,TRIPURA,Agriculture,"Ploughing/Tilling workers",520,-
5114,2025-2026,Aug,TRIPURA,Agriculture,"Sowing(including Planting/Transplanting/ Weeding) workers)
",520,-
5115,2025-2026,Aug,TRIPURA,Agriculture,"Harvesting/Winnowing/Threshing workers
",520,-
5116,2025-2026,Aug,TRIPURA,Agriculture,"Picking workers (including Tea, Cotton, Tobacco and other commercial crops)
",-,-
5117,2025-2026,Aug,TRIPURA,Agriculture,"Horticulture workers (including nursery growers)
",@,-
5118,2025-2026,Aug,TRIPURA,Agriculture,"Fishermen-inland
",-,-
5119,2025-2026,Aug,TRIPURA,Agriculture,"Fishermen-coastal/deep-sea
",-,-
5120,2025-2026,Aug,TRIPURA,Agriculture,"Loggers and wood cutters
",590,-
5121,2025-2026,Aug,TRIPURA,Agriculture,"Packaging labourers, agriculture
",-,-
5122,2025-2026,Aug,TRIPURA,Agriculture,"General agricultural labourers (including watering/irrigation workers, etc.)
",490,-
5123,2025-2026,Aug,TRIPURA,Agriculture,"Plant protection workers (applying pesticides, treating seeds, etc.
",-,-
5124,2024-2025,Aug,TRIPURA,Agriculture,"Ploughing/Tilling workers",420.00,-
5125,2024-2025,Aug,TRIPURA,Agriculture,"Sowing(including Planting/Transplanting/ Weeding) workers)
",420.00,-
5126,2024-2025,Aug,TRIPURA,Agriculture,"Harvesting/Winnowing/Threshing workers
",431.11,-
5127,2024-2025,Aug,TRIPURA,Agriculture,"Picking workers (including Tea, Cotton, Tobacco and other commercial crops)
",-,-
5128,2024-2025,Aug,TRIPURA,Agriculture,"Horticulture workers (including nursery growers)
",-,-
5129,2024-2025,Aug,TRIPURA,Agriculture,"Fishermen-inland
",-,-
5130,2024-2025,Aug,TRIPURA,Agriculture,"Fishermen-coastal/deep-sea
",-,-
5131,2024-2025,Aug,TRIPURA,Agriculture,"Loggers and wood cutters
",502.22,-
5132,2024-2025,Aug,TRIPURA,Agriculture,"Animal husbandry workers (including poultry workers, dairy workers & herdsman)
",320.00,-
5133,2024-2025,Aug,TRIPURA,Agriculture,"Packaging labourers, agriculture
",-,-
5134,2024-2025,Aug,TRIPURA,Agriculture,"General agricultural labourers (including watering/irrigation workers, etc.)
",401.11,-
5135,2024-2025,Aug,TRIPURA,Agriculture,"Plant protection workers (applying pesticides, treating seeds, etc.
",-,-
5136,2025-2026,Aug,TRIPURA,Agriculture,"Animal husbandry workers (including poultry workers, dairy workers & herdsman)
",420.00,-
5137,2025-2026,Aug,"UTTAR PRADESH",Agriculture,"Animal husbandry workers (including poultry workers, dairy workers & herdsman)
",408.50,415.00
5138,2024-2025,Aug,"UTTAR PRADESH",Agriculture,"Ploughing/Tilling workers",354.19,311.82
5139,2024-2025,Aug,"UTTAR PRADESH",Agriculture,"Sowing(including Planting/Transplanting/ Weeding) workers)
",369.91,327.98
5140,2024-2025,Aug,"UTTAR PRADESH",Agriculture,"Harvesting/Winnowing/Threshing workers
",374.36,332.71
5141,2024-2025,Aug,"UTTAR PRADESH",Agriculture,"Picking workers (including Tea, Cotton, Tobacco and other commercial crops)
",340.00,304.17
5142,2024-2025,Aug,"UTTAR PRADESH",Agriculture,"Horticulture workers (including nursery growers)
",@,@
5143,2024-2025,Aug,"UTTAR PRADESH",Agriculture,"Fishermen-inland
",-,-
5144,2024-2025,Aug,"UTTAR PRADESH",Agriculture,"Fishermen-coastal/deep-sea
",-,-
5145,2024-2025,Aug,"UTTAR PRADESH",Agriculture,"Loggers and wood cutters
",404.12,@
5146,2024-2025,Aug,"UTTAR PRADESH",Agriculture,"Animal husbandry workers (including poultry workers, dairy workers & herdsman)
",331.67,@
5147,2024-2025,Aug,"UTTAR PRADESH",Agriculture,"Packaging labourers, agriculture
",330.00,304.00
5148,2024-2025,Aug,"UTTAR PRADESH",Agriculture,"General agricultural labourers (including watering/irrigation workers, etc.)
",350.86,299.53
5149,2024-2025,Aug,"UTTAR PRADESH",Agriculture,"Plant protection workers (applying pesticides, treating seeds, etc.
",397.50,@
5150,2025-2026,Aug,"UTTAR PRADESH",Agriculture,"Ploughing/Tilling workers",436.2,456.36
5151,2025-2026,Aug,"UTTAR PRADESH",Agriculture,"Sowing(including Planting/Transplanting/ Weeding) workers)
",385.85,334.18
5152,2025-2026,Aug,"UTTAR PRADESH",Agriculture,"Harvesting/Winnowing/Threshing workers
",376.98,335.88
5153,2025-2026,Aug,"UTTAR PRADESH",Agriculture,"Picking workers (including Tea, Cotton, Tobacco and other commercial crops)
",340,290
5154,2025-2026,Aug,"UTTAR PRADESH",Agriculture,"Horticulture workers (including nursery growers)
",431.43,359.29
5155,2025-2026,Aug,"UTTAR PRADESH",Agriculture,"Fishermen-inland
",540,-
5156,2025-2026,Aug,"UTTAR PRADESH",Agriculture,"Fishermen-coastal/deep-sea
",-,-
5157,2025-2026,Aug,"UTTAR PRADESH",Agriculture,"Loggers and wood cutters
",522.3099999999999,-
5158,2025-2026,Aug,"UTTAR PRADESH",Agriculture,"Packaging labourers, agriculture
",418.42,374.72
5159,2025-2026,Aug,"UTTAR PRADESH",Agriculture,"General agricultural labourers (including watering/irrigation workers, etc.)
",394.57,333.29
5160,2025-2026,Aug,"UTTAR PRADESH",Agriculture,"Plant protection workers (applying pesticides, treating seeds, etc.
",494.44,@
5161,2025-2026,Aug,"WEST BENGAL",Agriculture,"Ploughing/Tilling workers",444.95,340.67
5162,2025-2026,Aug,"WEST BENGAL",Agriculture,"Sowing(including Planting/Transplanting/ Weeding) workers)
",390.97,357.71
5163,2025-2026,Aug,"WEST BENGAL",Agriculture,"Harvesting/Winnowing/Threshing workers
",405.89,371.44
5164,2025-2026,Aug,"WEST BENGAL",Agriculture,"Picking workers (including Tea, Cotton, Tobacco and other commercial crops)
",332.95,@
5165,2025-2026,Aug,"WEST BENGAL",Agriculture,"Horticulture workers (including nursery growers)
",368.2,309.71
5166,2025-2026,Aug,"WEST BENGAL",Agriculture,"Fishermen-inland
",583.67,-
5167,2025-2026,Aug,"WEST BENGAL",Agriculture,"Fishermen-coastal/deep-sea
",-,-
5168,2025-2026,Aug,"WEST BENGAL",Agriculture,"Loggers and wood cutters
",520.1900000000001,-
5169,2025-2026,Aug,"WEST BENGAL",Agriculture,"Packaging labourers, agriculture
",405.42,325.02
5170,2025-2026,Aug,"WEST BENGAL",Agriculture,"General agricultural labourers (including watering/irrigation workers, etc.)
",407.16,341.05
5171,2025-2026,Aug,"WEST BENGAL",Agriculture,"Plant protection workers (applying pesticides, treating seeds, etc.
",444.97,300.41
5172,2024-2025,Aug,"WEST BENGAL",Agriculture,"Ploughing/Tilling workers",435.47,@
5173,2024-2025,Aug,"WEST BENGAL",Agriculture,"Sowing(including Planting/Transplanting/ Weeding) workers)
",348.62,301.69
5174,2024-2025,Aug,"WEST BENGAL",Agriculture,"Harvesting/Winnowing/Threshing workers
",345.32,295.88
5175,2024-2025,Aug,"WEST BENGAL",Agriculture,"Picking workers (including Tea, Cotton, Tobacco and other commercial crops)
",-,@
5176,2024-2025,Aug,"WEST BENGAL",Agriculture,"Horticulture workers (including nursery growers)
",363.17,381.33
5177,2024-2025,Aug,"WEST BENGAL",Agriculture,"Fishermen-inland
",540.62,-
5178,2024-2025,Aug,"WEST BENGAL",Agriculture,"Fishermen-coastal/deep-sea
",@,-
5179,2024-2025,Aug,"WEST BENGAL",Agriculture,"Loggers and wood cutters
",480.03,-
5180,2024-2025,Aug,"WEST BENGAL",Agriculture,"Animal husbandry workers (including poultry workers, dairy workers & herdsman)
",309.56,272.73
5181,2024-2025,Aug,"WEST BENGAL",Agriculture,"Packaging labourers, agriculture
",400.27,@
5182,2024-2025,Aug,"WEST BENGAL",Agriculture,"General agricultural labourers (including watering/irrigation workers, etc.)
",347.75,319.80
5183,2024-2025,Aug,"WEST BENGAL",Agriculture,"Plant protection workers (applying pesticides, treating seeds, etc.
",426.52,275.12
5184,2025-2026,Aug,"WEST BENGAL",Agriculture,"Animal husbandry workers (including poultry workers, dairy workers & herdsman)
",370.87,@
5185,2025-2026,Aug,"Andaman and Nicobar Islands",Agriculture,"Ploughing/Tilling workers",680,680
5186,2025-2026,Aug,"Andaman and Nicobar Islands",Agriculture,"Sowing(including Planting/Transplanting/ Weeding) workers)
",800,800
5187,2025-2026,Aug,"Andaman and Nicobar Islands",Agriculture,"Harvesting/Winnowing/Threshing workers
",840,853.33
5188,2025-2026,Aug,"Andaman and Nicobar Islands",Agriculture,"Picking workers (including Tea, Cotton, Tobacco and other commercial crops)
",-,-
5189,2025-2026,Aug,"Andaman and Nicobar Islands",Agriculture,"Horticulture workers (including nursery growers)
",@,-
5190,2025-2026,Aug,"Andaman and Nicobar Islands",Agriculture,"Fishermen-inland
",-,-
5191,2025-2026,Aug,"Andaman and Nicobar Islands",Agriculture,"Fishermen-coastal/deep-sea
",822.86,-
5192,2025-2026,Aug,"Andaman and Nicobar Islands",Agriculture,"Loggers and wood cutters
",-,-
5193,2025-2026,Aug,"Andaman and Nicobar Islands",Agriculture,"Animal husbandry workers (including poultry workers, dairy workers & herdsman)
",638.1,-
5194,2025-2026,Aug,"Andaman and Nicobar Islands",Agriculture,"Packaging labourers, agriculture
",-,-
5195,2025-2026,Aug,"Andaman and Nicobar Islands",Agriculture,"General agricultural labourers (including watering/irrigation workers, etc.)
",-,-
5196,2025-2026,Aug,"Andaman and Nicobar Islands",Agriculture,"Plant protection workers (applying pesticides, treating seeds, etc.
",-,-
5197,2025-2026,Aug,"Arunachal Pradesh",Agriculture,"Ploughing/Tilling workers",521.4299999999999,420
5198,2025-2026,Aug,"Arunachal Pradesh",Agriculture,"Sowing(including Planting/Transplanting/ Weeding) workers)
",521.4299999999999,428.57
5199,2025-2026,Aug,"Arunachal Pradesh",Agriculture,"Harvesting/Winnowing/Threshing workers
",492.86,425
5200,2025-2026,Aug,"Arunachal Pradesh",Agriculture,"Picking workers (including Tea, Cotton, Tobacco and other commercial crops)
",450,356.25
5201,2025-2026,Aug,"Arunachal Pradesh",Agriculture,"Horticulture workers (including nursery growers)
",570,@
5202,2025-2026,Aug,"Arunachal Pradesh",Agriculture,"Fishermen-inland
",-,-
5203,2025-2026,Aug,"Arunachal Pradesh",Agriculture,"Fishermen-coastal/deep-sea
",-,-
5204,2025-2026,Aug,"Arunachal Pradesh",Agriculture,"Loggers and wood cutters
",614.29,-
5205,2025-2026,Aug,"Arunachal Pradesh",Agriculture,"Animal husbandry workers (including poultry workers, dairy workers & herdsman)
",@,@
5206,2025-2026,Aug,"Arunachal Pradesh",Agriculture,"Packaging labourers, agriculture
",@,@
5207,2025-2026,Aug,"Arunachal Pradesh",Agriculture,"General agricultural labourers (including watering/irrigation workers, etc.)
",471.43,@
5208,2025-2026,Aug,"Arunachal Pradesh",Agriculture,"Plant protection workers (applying pesticides, treating seeds, etc.
",514.29,-
5209,2025-2026,Aug,Chhattisgarh,Agriculture,"Ploughing/Tilling workers",376.47,292
5210,2025-2026,Aug,Chhattisgarh,Agriculture,"Sowing(including Planting/Transplanting/ Weeding) workers)
",344.81,266.4
5211,2025-2026,Aug,Chhattisgarh,Agriculture,"Harvesting/Winnowing/Threshing workers
",329.44,253.13
5212,2025-2026,Aug,Chhattisgarh,Agriculture,"Picking workers (including Tea, Cotton, Tobacco and other commercial crops)
",@,@
5213,2025-2026,Aug,Chhattisgarh,Agriculture,"Horticulture workers (including nursery growers)
",264.29,@
5214,2025-2026,Aug,Chhattisgarh,Agriculture,"Fishermen-inland
",@,-
5215,2025-2026,Aug,Chhattisgarh,Agriculture,"Fishermen-coastal/deep-sea
",-,-
5216,2025-2026,Aug,Chhattisgarh,Agriculture,"Loggers and wood cutters
",370,@
5217,2025-2026,Aug,Chhattisgarh,Agriculture,"Animal husbandry workers (including poultry workers, dairy workers & herdsman)
",337.27,233
5218,2025-2026,Aug,Chhattisgarh,Agriculture,"Packaging labourers, agriculture
",@,@
5219,2025-2026,Aug,Chhattisgarh,Agriculture,"General agricultural labourers (including watering/irrigation workers, etc.)
",280,228.33
5220,2025-2026,Aug,Chhattisgarh,Agriculture,"Plant protection workers (applying pesticides, treating seeds, etc.
",329.05,221.25
5221,2025-2026,Aug,"Daman and Diu, Dadra Nagar and Haveli",Agriculture,"Ploughing/Tilling workers",518.33,@
5222,2025-2026,Aug,"Daman and Diu, Dadra Nagar and Haveli",Agriculture,"Sowing(including Planting/Transplanting/ Weeding) workers)
",404.38,415
5223,2025-2026,Aug,"Daman and Diu, Dadra Nagar and Haveli",Agriculture,"Harvesting/Winnowing/Threshing workers
",398,415
5224,2025-2026,Aug,"Daman and Diu, Dadra Nagar and Haveli",Agriculture,"Picking workers (including Tea, Cotton, Tobacco and other commercial crops)
",-,-
5225,2025-2026,Aug,"Daman and Diu, Dadra Nagar and Haveli",Agriculture,"Horticulture workers (including nursery growers)
",@,-
5226,2025-2026,Aug,"Daman and Diu, Dadra Nagar and Haveli",Agriculture,"Fishermen-inland
",@,-
5227,2025-2026,Aug,"Daman and Diu, Dadra Nagar and Haveli",Agriculture,"Fishermen-coastal/deep-sea
",@,-
5228,2025-2026,Aug,"Daman and Diu, Dadra Nagar and Haveli",Agriculture,"Loggers and wood cutters
",520,-
5229,2025-2026,Aug,"Daman and Diu, Dadra Nagar and Haveli",Agriculture,"Animal husbandry workers (including poultry workers, dairy workers & herdsman)
",@,@
5230,2025-2026,Aug,"Daman and Diu, Dadra Nagar and Haveli",Agriculture,"Packaging labourers, agriculture
",@,@
5231,2025-2026,Aug,"Daman and Diu, Dadra Nagar and Haveli",Agriculture,"General agricultural labourers (including watering/irrigation workers, etc.)
",367.14,@
5232,2025-2026,Aug,"Daman and Diu, Dadra Nagar and Haveli",Agriculture,"Plant protection workers (applying pesticides, treating seeds, etc.
",@,-
5233,2025-2026,Aug,Delhi,Agriculture,"Ploughing/Tilling workers",712.5,-
5234,2025-2026,Aug,Delhi,Agriculture,"Sowing(including Planting/Transplanting/ Weeding) workers)
",525,-
5235,2025-2026,Aug,Delhi,Agriculture,"Harvesting/Winnowing/Threshing workers
",512.5,-
5236,2025-2026,Aug,Delhi,Agriculture,"Picking workers (including Tea, Cotton, Tobacco and other commercial crops)
",-,-
5237,2025-2026,Aug,Delhi,Agriculture,"Horticulture workers (including nursery growers)
",-,-
5238,2025-2026,Aug,Delhi,Agriculture,"Fishermen-inland
",-,-
5239,2025-2026,Aug,Delhi,Agriculture,"Fishermen-coastal/deep-sea
",-,-
5240,2025-2026,Aug,Delhi,Agriculture,"Loggers and wood cutters
",-,-
5241,2025-2026,Aug,Delhi,Agriculture,"Animal husbandry workers (including poultry workers, dairy workers & herdsman)
",-,-
5242,2025-2026,Aug,Delhi,Agriculture,"Packaging labourers, agriculture
",-,-
5243,2025-2026,Aug,Delhi,Agriculture,"General agricultural labourers (including watering/irrigation workers, etc.)
",-,-
5244,2025-2026,Aug,Delhi,Agriculture,"Plant protection workers (applying pesticides, treating seeds, etc.
",-,-
5245,2025-2026,Aug,Goa,Agriculture,"Ploughing/Tilling workers",650,-
5246,2025-2026,Aug,Goa,Agriculture,"Sowing(including Planting/Transplanting/ Weeding) workers)
",-,-
5247,2025-2026,Aug,Goa,Agriculture,"Harvesting/Winnowing/Threshing workers
",812.5,575
5248,2025-2026,Aug,Goa,Agriculture,"Picking workers (including Tea, Cotton, Tobacco and other commercial crops)
",575,387.5
5249,2025-2026,Aug,Goa,Agriculture,"Horticulture workers (including nursery growers)
",-,-
5250,2025-2026,Aug,Goa,Agriculture,"Fishermen-inland
",-,-
5251,2025-2026,Aug,Goa,Agriculture,"Fishermen-coastal/deep-sea
",-,-
5252,2025-2026,Aug,Goa,Agriculture,"Loggers and wood cutters
",-,-
5253,2025-2026,Aug,Goa,Agriculture,"Animal husbandry workers (including poultry workers, dairy workers & herdsman)
",-,-
5254,2025-2026,Aug,Goa,Agriculture,"Packaging labourers, agriculture
",-,-
5255,2025-2026,Aug,Goa,Agriculture,"General agricultural labourers (including watering/irrigation workers, etc.)
",575,400
5256,2025-2026,Aug,Goa,Agriculture,"Plant protection workers (applying pesticides, treating seeds, etc.
",437.5,-
5257,2025-2026,Aug,Jharkhand,Agriculture,"Ploughing/Tilling workers",386.25,@
5258,2025-2026,Aug,Jharkhand,Agriculture,"Sowing(including Planting/Transplanting/ Weeding) workers)
",350.59,322.5
5259,2025-2026,Aug,Jharkhand,Agriculture,"Harvesting/Winnowing/Threshing workers
",341.58,294.29
5260,2025-2026,Aug,Jharkhand,Agriculture,"Picking workers (including Tea, Cotton, Tobacco and other commercial crops)
",-,-
5261,2025-2026,Aug,Jharkhand,Agriculture,"Horticulture workers (including nursery growers)
",@,@
5262,2025-2026,Aug,Jharkhand,Agriculture,"Fishermen-inland
",477.33,-
5263,2025-2026,Aug,Jharkhand,Agriculture,"Fishermen-coastal/deep-sea
",-,-
5264,2025-2026,Aug,Jharkhand,Agriculture,"Loggers and wood cutters
",387.33,@
5265,2025-2026,Aug,Jharkhand,Agriculture,"Animal husbandry workers (including poultry workers, dairy workers & herdsman)
",332,-
5266,2025-2026,Aug,Jharkhand,Agriculture,"Packaging labourers, agriculture
",@,@
5267,2025-2026,Aug,Jharkhand,Agriculture,"General agricultural labourers (including watering/irrigation workers, etc.)
",309.12,287.65
5268,2025-2026,Aug,Jharkhand,Agriculture,"Plant protection workers (applying pesticides, treating seeds, etc.
",377.58,@
5269,2025-2026,Aug,Lakshadweep,Agriculture,"Ploughing/Tilling workers",@,-
5270,2025-2026,Aug,Lakshadweep,Agriculture,"Sowing(including Planting/Transplanting/ Weeding) workers)
",-,-
5271,2025-2026,Aug,Lakshadweep,Agriculture,"Harvesting/Winnowing/Threshing workers
",872,-
5272,2025-2026,Aug,Lakshadweep,Agriculture,"Picking workers (including Tea, Cotton, Tobacco and other commercial crops)
",-,-
5273,2025-2026,Aug,Lakshadweep,Agriculture,"Horticulture workers (including nursery growers)
",-,-
5274,2025-2026,Aug,Lakshadweep,Agriculture,"Fishermen-inland
",-,-
5275,2025-2026,Aug,Lakshadweep,Agriculture,"Fishermen-coastal/deep-sea
",790,-
5276,2025-2026,Aug,Lakshadweep,Agriculture,"Loggers and wood cutters
",436,-
5277,2025-2026,Aug,Lakshadweep,Agriculture,"Animal husbandry workers (including poultry workers, dairy workers & herdsman)
",547.6,-
5278,2025-2026,Aug,Lakshadweep,Agriculture,"Packaging labourers, agriculture
",-,-
5279,2025-2026,Aug,Lakshadweep,Agriculture,"General agricultural labourers (including watering/irrigation workers, etc.)
",-,-
5280,2025-2026,Aug,Lakshadweep,Agriculture,"Plant protection workers (applying pesticides, treating seeds, etc.
",-,-
5281,2025-2026,Aug,Mizoram,Agriculture,"Ploughing/Tilling workers",587.5,487.5
5282,2025-2026,Aug,Mizoram,Agriculture,"Sowing(including Planting/Transplanting/ Weeding) workers)
",587.5,487.5
5283,2025-2026,Aug,Mizoram,Agriculture,"Harvesting/Winnowing/Threshing workers
",587.5,487.5
5284,2025-2026,Aug,Mizoram,Agriculture,"Picking workers (including Tea, Cotton, Tobacco and other commercial crops)
",587.5,487.5
5285,2025-2026,Aug,Mizoram,Agriculture,"Horticulture workers (including nursery growers)
",587.5,503.75
5286,2025-2026,Aug,Mizoram,Agriculture,"Fishermen-inland
",587.5,-
5287,2025-2026,Aug,Mizoram,Agriculture,"Fishermen-coastal/deep-sea
",-,-
5288,2025-2026,Aug,Mizoram,Agriculture,"Loggers and wood cutters
",818.75,-
5289,2025-2026,Aug,Mizoram,Agriculture,"Packaging labourers, agriculture
",575,468.75
5290,2025-2026,Aug,Mizoram,Agriculture,"General agricultural labourers (including watering/irrigation workers, etc.)
",587.5,487.5
5291,2025-2026,Aug,Mizoram,Agriculture,"Plant protection workers (applying pesticides, treating seeds, etc.
",587.5,487.5
5292,2025-2026,Aug,Mizoram,Agriculture,"Animal husbandry workers (including poultry workers, dairy workers & herdsman)
",587.50,500.00
5293,2025-2026,Aug,Nagaland,Agriculture,"Animal husbandry workers (including poultry workers, dairy workers & herdsman)
",@,-
5294,2025-2026,Aug,Nagaland,Agriculture,"Ploughing/Tilling workers",470.83,410.42
5295,2025-2026,Aug,Nagaland,Agriculture,"Sowing(including Planting/Transplanting/ Weeding) workers)
",470.83,404.17
5296,2025-2026,Aug,Nagaland,Agriculture,"Harvesting/Winnowing/Threshing workers
",504.76,433.04
5297,2025-2026,Aug,Nagaland,Agriculture,"Picking workers (including Tea, Cotton, Tobacco and other commercial crops)
",@,@
5298,2025-2026,Aug,Nagaland,Agriculture,"Horticulture workers (including nursery growers)
",546.26,476.53
5299,2025-2026,Aug,Nagaland,Agriculture,"Fishermen-inland
",@,-
5300,2025-2026,Aug,Nagaland,Agriculture,"Fishermen-coastal/deep-sea
",-,-
5301,2025-2026,Aug,Nagaland,Agriculture,"Loggers and wood cutters
",937.5,-
5302,2025-2026,Aug,Nagaland,Agriculture,"Packaging labourers, agriculture
",@,@
5303,2025-2026,Aug,Nagaland,Agriculture,"General agricultural labourers (including watering/irrigation workers, etc.)
",@,@
5304,2025-2026,Aug,Nagaland,Agriculture,"Plant protection workers (applying pesticides, treating seeds, etc.
",673.21,-
5305,2025-2026,Aug,Puducerry,Agriculture,"Ploughing/Tilling workers",-,-
5306,2025-2026,Aug,Puducerry,Agriculture,"Sowing(including Planting/Transplanting/ Weeding) workers)
",820.24,454.76
5307,2025-2026,Aug,Puducerry,Agriculture,"Harvesting/Winnowing/Threshing workers
",961.0700000000001,490.67
5308,2025-2026,Aug,Puducerry,Agriculture,"Picking workers (including Tea, Cotton, Tobacco and other commercial crops)
",-,299.33
5309,2025-2026,Aug,Puducerry,Agriculture,"Horticulture workers (including nursery growers)
",-,-
5310,2025-2026,Aug,Puducerry,Agriculture,"Fishermen-inland
",-,-
5311,2025-2026,Aug,Puducerry,Agriculture,"Fishermen-coastal/deep-sea
",-,-
5312,2025-2026,Aug,Puducerry,Agriculture,"Loggers and wood cutters
",881.25,-
5313,2025-2026,Aug,Puducerry,Agriculture,"Packaging labourers, agriculture
",602.67,299.2
5314,2025-2026,Aug,Puducerry,Agriculture,"General agricultural labourers (including watering/irrigation workers, etc.)
",675,@
5315,2025-2026,Aug,Puducerry,Agriculture,"Plant protection workers (applying pesticides, treating seeds, etc.
",598.33,382.4
5316,2025-2026,Aug,Puducerry,Agriculture,"Animal husbandry workers (including poultry workers, dairy workers & herdsman)
",-,-
5317,2025-2026,Aug,Sikkim,Agriculture,"Animal husbandry workers (including poultry workers, dairy workers & herdsman)
",-,-
5318,2025-2026,Aug,Sikkim,Agriculture,"Ploughing/Tilling workers",1511.31,-
5319,2025-2026,Aug,Sikkim,Agriculture,"Sowing(including Planting/Transplanting/ Weeding) workers)
",576.1900000000001,507.14
5320,2025-2026,Aug,Sikkim,Agriculture,"Harvesting/Winnowing/Threshing workers
",471.43,471.43
5321,2025-2026,Aug,Sikkim,Agriculture,"Picking workers (including Tea, Cotton, Tobacco and other commercial crops)
",-,-
5322,2025-2026,Aug,Sikkim,Agriculture,"Horticulture workers (including nursery growers)
",464.76,476.19
5323,2025-2026,Aug,Sikkim,Agriculture,"Fishermen-inland
",-,-
5324,2025-2026,Aug,Sikkim,Agriculture,"Fishermen-coastal/deep-sea
",-,-
5325,2025-2026,Aug,Sikkim,Agriculture,"Loggers and wood cutters
",828.5700000000001,-
5326,2025-2026,Aug,Sikkim,Agriculture,"Packaging labourers, agriculture
",-,-
5327,2025-2026,Aug,Sikkim,Agriculture,"General agricultural labourers (including watering/irrigation workers, etc.)
",457.14,@
5328,2025-2026,Aug,Sikkim,Agriculture,"Plant protection workers (applying pesticides, treating seeds, etc.
",-,-
5329,2025-2026,Aug,Telangana,Agriculture,"Ploughing/Tilling workers",660.77,@
5330,2025-2026,Aug,Telangana,Agriculture,"Sowing(including Planting/Transplanting/ Weeding) workers)
",562.22,369.23
5331,2025-2026,Aug,Telangana,Agriculture,"Harvesting/Winnowing/Threshing workers
",571.4299999999999,400
5332,2025-2026,Aug,Telangana,Agriculture,"Picking workers (including Tea, Cotton, Tobacco and other commercial crops)
",446,342.35
5333,2025-2026,Aug,Telangana,Agriculture,"Horticulture workers (including nursery growers)
",@,335.71
5334,2025-2026,Aug,Telangana,Agriculture,"Fishermen-inland
",-,-
5335,2025-2026,Aug,Telangana,Agriculture,"Fishermen-coastal/deep-sea
",-,-
5336,2025-2026,Aug,Telangana,Agriculture,"Loggers and wood cutters
",383.33,-
5337,2025-2026,Aug,Telangana,Agriculture,"Packaging labourers, agriculture
",@,-
5338,2025-2026,Aug,Telangana,Agriculture,"General agricultural labourers (including watering/irrigation workers, etc.)
",404.14,348.7
5339,2025-2026,Aug,Telangana,Agriculture,"Plant protection workers (applying pesticides, treating seeds, etc.
",400,-
5340,2025-2026,Aug,Telangana,Agriculture,"Animal husbandry workers (including poultry workers, dairy workers & herdsman)
",315.56,-
5341,2025-2026,Aug,Uttarakhand,Agriculture,"Animal husbandry workers (including poultry workers, dairy workers & herdsman)
",433.33,@
5342,2025-2026,Aug,Uttarakhand,Agriculture,"Ploughing/Tilling workers",@,@
5343,2025-2026,Aug,Uttarakhand,Agriculture,"Sowing(including Planting/Transplanting/ Weeding) workers)
",536.36,481.82
5344,2025-2026,Aug,Uttarakhand,Agriculture,"Harvesting/Winnowing/Threshing workers
",-,-
5345,2025-2026,Aug,Uttarakhand,Agriculture,"Picking workers (including Tea, Cotton, Tobacco and other commercial crops)
",-,-
5346,2025-2026,Aug,Uttarakhand,Agriculture,"Horticulture workers (including nursery growers)
",@,@
5347,2025-2026,Aug,Uttarakhand,Agriculture,"Fishermen-inland
",-,-
5348,2025-2026,Aug,Uttarakhand,Agriculture,"Fishermen-coastal/deep-sea
",-,-
5349,2025-2026,Aug,Uttarakhand,Agriculture,"Loggers and wood cutters
",606.25,-
5350,2025-2026,Aug,Uttarakhand,Agriculture,"Packaging labourers, agriculture
",@,-
5351,2025-2026,Aug,Uttarakhand,Agriculture,"General agricultural labourers (including watering/irrigation workers, etc.)
",487.5,360
5352,2025-2026,Aug,Uttarakhand,Agriculture,"Plant protection workers (applying pesticides, treating seeds, etc.
",@,-
5353,2025-2026,Aug,"All India",Agriculture,"Ploughing/Tilling workers",530.71,404.91
5354,2025-2026,Aug,"All India",Agriculture,"Sowing(including Planting/Transplanting/ Weeding) workers)
",471.88,381.31
5355,2025-2026,Aug,"All India",Agriculture,"Harvesting/Winnowing/Threshing workers
",468.85,379.68
5356,2025-2026,Aug,"All India",Agriculture,"Picking workers (including Tea, Cotton, Tobacco and other commercial crops)
",438.63,374.12
5357,2025-2026,Aug,"All India",Agriculture,"Horticulture workers (including nursery growers)
",461.12,365.71
5358,2025-2026,Aug,"All India",Agriculture,"Fishermen-inland
",493.11,338.24
5359,2025-2026,Aug,"All India",Agriculture,"Fishermen-coastal/deep-sea
",741.88,-
5360,2025-2026,Aug,"All India",Agriculture,"Loggers and wood cutters
",561.51,341.34
5361,2025-2026,Aug,"All India",Agriculture,"Animal husbandry workers (including poultry workers, dairy workers & herdsman)
",402.00,344.29
5362,2025-2026,Aug,"All India",Agriculture,"Packaging labourers, agriculture
",453.85,382.63
5363,2025-2026,Aug,"All India",Agriculture,"General agricultural labourers (including watering/irrigation workers, etc.)
",441.53,360.67
5364,2025-2026,Aug,"All India",Agriculture,"Plant protection workers (applying pesticides, treating seeds, etc.
",491.38,404.74
5365,2024-2025,Aug,"All India",Agriculture,"Ploughing/Tilling workers",440.62,310.11
5366,2024-2025,Aug,"All India",Agriculture,"Sowing(including Planting/Transplanting/ Weeding) workers)
",403.60,334.71
5367,2024-2025,Aug,"All India",Agriculture,"Harvesting/Winnowing/Threshing workers
",396.74,334.12
5368,2024-2025,Aug,"All India",Agriculture,"Picking workers (including Tea, Cotton, Tobacco and other commercial crops)
",364.50,324.18
5369,2024-2025,Aug,"All India",Agriculture,"Horticulture workers (including nursery growers)
",397.11,311.02
5370,2024-2025,Aug,"All India",Agriculture,"Fishermen-inland
",448.63,@
5371,2024-2025,Aug,"All India",Agriculture,"Fishermen-coastal/deep-sea
",450.00,@
5372,2024-2025,Aug,"All India",Agriculture,"Loggers and wood cutters
",491.50,305.76
5373,2024-2025,Aug,"All India",Agriculture,"Animal husbandry workers (including poultry workers, dairy workers & herdsman)
",324.19,260.24
5374,2024-2025,Aug,"All India",Agriculture,"Packaging labourers, agriculture
",367.43,313.46
5375,2024-2025,Aug,"All India",Agriculture,"General agricultural labourers (including watering/irrigation workers, etc.)
",396.58,313.26
5376,2024-2025,Aug,"All India",Agriculture,"Plant protection workers (applying pesticides, treating seeds, etc.
",439.38,298.17
5377,2024-2025,Sep,"ANDHRA PRADESH",Agriculture,"Ploughing/Tilling workers",634.98,@
5378,2024-2025,Sep,"ANDHRA PRADESH",Agriculture,"Sowing(including Planting/Transplanting/ Weeding) workers)
",529.82,407.14
5379,2024-2025,Sep,"ANDHRA PRADESH",Agriculture,"Harvesting/Winnowing/Threshing workers
",540.20,399.87
5380,2024-2025,Sep,"ANDHRA PRADESH",Agriculture,"Picking workers (including Tea, Cotton, Tobacco and other commercial crops)
",447.50,380.21
5381,2024-2025,Sep,"ANDHRA PRADESH",Agriculture,"Horticulture workers (including nursery growers)
",@,316.00
5382,2024-2025,Sep,"ANDHRA PRADESH",Agriculture,"Fishermen-inland
",@,@
5383,2024-2025,Sep,"ANDHRA PRADESH",Agriculture,"Fishermen-coastal/deep-sea
",-,-
5384,2024-2025,Sep,"ANDHRA PRADESH",Agriculture,"Loggers and wood cutters
",500.35,-
5385,2024-2025,Sep,"ANDHRA PRADESH",Agriculture,"Animal husbandry workers (including poultry workers, dairy workers & herdsman)
",344.62,@
5386,2024-2025,Sep,"ANDHRA PRADESH",Agriculture,"Packaging labourers, agriculture
",@,@
5387,2024-2025,Sep,"ANDHRA PRADESH",Agriculture,"General agricultural labourers (including watering/irrigation workers, etc.)
",465.76,339.51
5388,2024-2025,Sep,"ANDHRA PRADESH",Agriculture,"Plant protection workers (applying pesticides, treating seeds, etc.
",703.19,@
5389,2025-2026,Sep,"ANDHRA PRADESH",Agriculture,"Ploughing/Tilling workers",690.8099999999999,@
5390,2025-2026,Sep,"ANDHRA PRADESH",Agriculture,"Sowing(including Planting/Transplanting/ Weeding) workers)
",620.9,436.06
5391,2025-2026,Sep,"ANDHRA PRADESH",Agriculture,"Harvesting/Winnowing/Threshing workers
",628.29,451.29
5392,2025-2026,Sep,"ANDHRA PRADESH",Agriculture,"Picking workers (including Tea, Cotton, Tobacco and other commercial crops)
",@,444.44
5393,2025-2026,Sep,"ANDHRA PRADESH",Agriculture,"Horticulture workers (including nursery growers)
",583.36,444.95
5394,2025-2026,Sep,"ANDHRA PRADESH",Agriculture,"Fishermen-inland
",@,-
5395,2025-2026,Sep,"ANDHRA PRADESH",Agriculture,"Fishermen-coastal/deep-sea
",-,-
5396,2025-2026,Sep,"ANDHRA PRADESH",Agriculture,"Loggers and wood cutters
",607.03,-
5397,2025-2026,Sep,"ANDHRA PRADESH",Agriculture,"Animal husbandry workers (including poultry workers, dairy workers & herdsman)
",@,@
5398,2025-2026,Sep,"ANDHRA PRADESH",Agriculture,"Packaging labourers, agriculture
",@,@
5399,2025-2026,Sep,"ANDHRA PRADESH",Agriculture,"General agricultural labourers (including watering/irrigation workers, etc.)
",579.0599999999999,439.12
5400,2025-2026,Sep,"ANDHRA PRADESH",Agriculture,"Plant protection workers (applying pesticides, treating seeds, etc.
",869.2,-
5401,2025-2026,Sep,ASSAM,Agriculture,"Ploughing/Tilling workers",506.67,-
5402,2025-2026,Sep,ASSAM,Agriculture,"Sowing(including Planting/Transplanting/ Weeding) workers)
",408.93,355.63
5403,2025-2026,Sep,ASSAM,Agriculture,"Harvesting/Winnowing/Threshing workers
",447.5,379.6
5404,2025-2026,Sep,ASSAM,Agriculture,"Picking workers (including Tea, Cotton, Tobacco and other commercial crops)
",@,@
5405,2025-2026,Sep,ASSAM,Agriculture,"Horticulture workers (including nursery growers)
",417.3,326.36
5406,2025-2026,Sep,ASSAM,Agriculture,"Fishermen-inland
",@,-
5407,2025-2026,Sep,ASSAM,Agriculture,"Fishermen-coastal/deep-sea
",-,-
5408,2025-2026,Sep,ASSAM,Agriculture,"Loggers and wood cutters
",472.69,-
5409,2025-2026,Sep,ASSAM,Agriculture,"Animal husbandry workers (including poultry workers, dairy workers & herdsman)
",441.97,404.76
5410,2025-2026,Sep,ASSAM,Agriculture,"Packaging labourers, agriculture
",@,@
5411,2025-2026,Sep,ASSAM,Agriculture,"General agricultural labourers (including watering/irrigation workers, etc.)
",378.78,324.34
5412,2025-2026,Sep,ASSAM,Agriculture,"Plant protection workers (applying pesticides, treating seeds, etc.
",434.29,@
5413,2024-2025,Sep,ASSAM,Agriculture,"Ploughing/Tilling workers",432.35,@
5414,2024-2025,Sep,ASSAM,Agriculture,"Sowing(including Planting/Transplanting/ Weeding) workers)
",408.19,330.37
5415,2024-2025,Sep,ASSAM,Agriculture,"Harvesting/Winnowing/Threshing workers
",402.16,310.19
5416,2024-2025,Sep,ASSAM,Agriculture,"Picking workers (including Tea, Cotton, Tobacco and other commercial crops)
",@,@
5417,2024-2025,Sep,ASSAM,Agriculture,"Horticulture workers (including nursery growers)
",-,342.22
5418,2024-2025,Sep,ASSAM,Agriculture,"Fishermen-inland
",-,-
5419,2024-2025,Sep,ASSAM,Agriculture,"Fishermen-coastal/deep-sea
",-,-
5420,2024-2025,Sep,ASSAM,Agriculture,"Loggers and wood cutters
",382.00,-
5421,2024-2025,Sep,ASSAM,Agriculture,"Animal husbandry workers (including poultry workers, dairy workers & herdsman)
",298.33,-
5422,2024-2025,Sep,ASSAM,Agriculture,"Packaging labourers, agriculture
",374.00,@
5423,2024-2025,Sep,ASSAM,Agriculture,"General agricultural labourers (including watering/irrigation workers, etc.)
",379.47,331.85
5424,2024-2025,Sep,ASSAM,Agriculture,"Plant protection workers (applying pesticides, treating seeds, etc.
",@,@
5425,2024-2025,Sep,BIHAR,Agriculture,"Ploughing/Tilling workers",413.98,-
5426,2024-2025,Sep,BIHAR,Agriculture,"Sowing(including Planting/Transplanting/ Weeding) workers)
",396.69,336.96
5427,2024-2025,Sep,BIHAR,Agriculture,"Harvesting/Winnowing/Threshing workers
",378.81,339.69
5428,2024-2025,Sep,BIHAR,Agriculture,"Picking workers (including Tea, Cotton, Tobacco and other commercial crops)
",360.90,@
5429,2024-2025,Sep,BIHAR,Agriculture,"Horticulture workers (including nursery growers)
",296.17,264.52
5430,2024-2025,Sep,BIHAR,Agriculture,"Fishermen-inland
",356.76,-
5431,2024-2025,Sep,BIHAR,Agriculture,"Fishermen-coastal/deep-sea
",-,-
5432,2024-2025,Sep,BIHAR,Agriculture,"Loggers and wood cutters
",482.01,-
5433,2024-2025,Sep,BIHAR,Agriculture,"Animal husbandry workers (including poultry workers, dairy workers & herdsman)
",307.72,301.67
5434,2024-2025,Sep,BIHAR,Agriculture,"Packaging labourers, agriculture
",325.00,323.33
5435,2024-2025,Sep,BIHAR,Agriculture,"General agricultural labourers (including watering/irrigation workers, etc.)
",360.56,324.82
5436,2024-2025,Sep,BIHAR,Agriculture,"Plant protection workers (applying pesticides, treating seeds, etc.
",378.36,@
5437,2025-2026,Sep,BIHAR,Agriculture,"Ploughing/Tilling workers",436.01,320
5438,2025-2026,Sep,BIHAR,Agriculture,"Sowing(including Planting/Transplanting/ Weeding) workers)
",384.69,325.67
5439,2025-2026,Sep,BIHAR,Agriculture,"Harvesting/Winnowing/Threshing workers
",386.7,323.47
5440,2025-2026,Sep,BIHAR,Agriculture,"Picking workers (including Tea, Cotton, Tobacco and other commercial crops)
",@,@
5441,2025-2026,Sep,BIHAR,Agriculture,"Horticulture workers (including nursery growers)
",344.44,287.5
5442,2025-2026,Sep,BIHAR,Agriculture,"Fishermen-inland
",450,-
5443,2025-2026,Sep,BIHAR,Agriculture,"Fishermen-coastal/deep-sea
",-,-
5444,2025-2026,Sep,BIHAR,Agriculture,"Loggers and wood cutters
",528.88,-
5445,2025-2026,Sep,BIHAR,Agriculture,"Animal husbandry workers (including poultry workers, dairy workers & herdsman)
",376.29,@
5446,2025-2026,Sep,BIHAR,Agriculture,"Packaging labourers, agriculture
",338.89,265
5447,2025-2026,Sep,BIHAR,Agriculture,"General agricultural labourers (including watering/irrigation workers, etc.)
",377.98,287.5
5448,2025-2026,Sep,BIHAR,Agriculture,"Plant protection workers (applying pesticides, treating seeds, etc.
",384.69,282.14
5449,2025-2026,Sep,GUJARAT,Agriculture,"Ploughing/Tilling workers",408.24,360.71
5450,2025-2026,Sep,GUJARAT,Agriculture,"Sowing(including Planting/Transplanting/ Weeding) workers)
",342.97,333.79
5451,2025-2026,Sep,GUJARAT,Agriculture,"Harvesting/Winnowing/Threshing workers
",342.97,330.55
5452,2025-2026,Sep,GUJARAT,Agriculture,"Picking workers (including Tea, Cotton, Tobacco and other commercial crops)
",339.77,325.17
5453,2025-2026,Sep,GUJARAT,Agriculture,"Horticulture workers (including nursery growers)
",301.67,272
5454,2025-2026,Sep,GUJARAT,Agriculture,"Fishermen-inland
",@,@
5455,2025-2026,Sep,GUJARAT,Agriculture,"Fishermen-coastal/deep-sea
",-,-
5456,2025-2026,Sep,GUJARAT,Agriculture,"Loggers and wood cutters
",414.08,361.43
5457,2025-2026,Sep,GUJARAT,Agriculture,"Animal husbandry workers (including poultry workers, dairy workers & herdsman)
",340.26,282.08
5458,2025-2026,Sep,GUJARAT,Agriculture,"Packaging labourers, agriculture
",352.94,342.33
5459,2025-2026,Sep,GUJARAT,Agriculture,"General agricultural labourers (including watering/irrigation workers, etc.)
",333.91,307
5460,2025-2026,Sep,GUJARAT,Agriculture,"Plant protection workers (applying pesticides, treating seeds, etc.
",357.24,316.11
5461,2024-2025,Sep,GUJARAT,Agriculture,"Ploughing/Tilling workers",344.83,288.00
5462,2024-2025,Sep,GUJARAT,Agriculture,"Sowing(including Planting/Transplanting/ Weeding) workers)
",305.17,294.66
5463,2024-2025,Sep,GUJARAT,Agriculture,"Harvesting/Winnowing/Threshing workers
",306.83,302.50
5464,2024-2025,Sep,GUJARAT,Agriculture,"Picking workers (including Tea, Cotton, Tobacco and other commercial crops)
",301.80,299.80
5465,2024-2025,Sep,GUJARAT,Agriculture,"Horticulture workers (including nursery growers)
",231.43,235.00
5466,2024-2025,Sep,GUJARAT,Agriculture,"Fishermen-inland
",@,-
5467,2024-2025,Sep,GUJARAT,Agriculture,"Fishermen-coastal/deep-sea
",-,-
5468,2024-2025,Sep,GUJARAT,Agriculture,"Loggers and wood cutters
",360.77,@
5469,2024-2025,Sep,GUJARAT,Agriculture,"Animal husbandry workers (including poultry workers, dairy workers & herdsman)
",258.64,@
5470,2024-2025,Sep,GUJARAT,Agriculture,"Packaging labourers, agriculture
",254.29,@
5471,2024-2025,Sep,GUJARAT,Agriculture,"General agricultural labourers (including watering/irrigation workers, etc.)
",279.21,273.82
5472,2024-2025,Sep,GUJARAT,Agriculture,"Plant protection workers (applying pesticides, treating seeds, etc.
",273.33,-
5473,2024-2025,Sep,HARYANA,Agriculture,"Ploughing/Tilling workers",502.25,@
5474,2024-2025,Sep,HARYANA,Agriculture,"Sowing(including Planting/Transplanting/ Weeding) workers)
",500.67,463.09
5475,2024-2025,Sep,HARYANA,Agriculture,"Harvesting/Winnowing/Threshing workers
",515.27,477.80
5476,2024-2025,Sep,HARYANA,Agriculture,"Picking workers (including Tea, Cotton, Tobacco and other commercial crops)
",501.67,491.67
5477,2024-2025,Sep,HARYANA,Agriculture,"Horticulture workers (including nursery growers)
",@,@
5478,2024-2025,Sep,HARYANA,Agriculture,"Fishermen-inland
",-,-
5479,2024-2025,Sep,HARYANA,Agriculture,"Fishermen-coastal/deep-sea
",-,-
5480,2024-2025,Sep,HARYANA,Agriculture,"Loggers and wood cutters
",514.00,-
5481,2024-2025,Sep,HARYANA,Agriculture,"Animal husbandry workers (including poultry workers, dairy workers & herdsman)
",481.67,@
5482,2024-2025,Sep,HARYANA,Agriculture,"Packaging labourers, agriculture
",@,@
5483,2024-2025,Sep,HARYANA,Agriculture,"General agricultural labourers (including watering/irrigation workers, etc.)
",502.33,444.67
5484,2024-2025,Sep,HARYANA,Agriculture,"Plant protection workers (applying pesticides, treating seeds, etc.
",513.50,-
5485,2025-2026,Sep,HARYANA,Agriculture,"Ploughing/Tilling workers",587.75,@
5486,2025-2026,Sep,HARYANA,Agriculture,"Sowing(including Planting/Transplanting/ Weeding) workers)
",612.1,513.9
5487,2025-2026,Sep,HARYANA,Agriculture,"Harvesting/Winnowing/Threshing workers
",525.6900000000001,407.33
5488,2025-2026,Sep,HARYANA,Agriculture,"Picking workers (including Tea, Cotton, Tobacco and other commercial crops)
",540,540
5489,2025-2026,Sep,HARYANA,Agriculture,"Horticulture workers (including nursery growers)
",@,@
5490,2025-2026,Sep,HARYANA,Agriculture,"Fishermen-inland
",-,-
5491,2025-2026,Sep,HARYANA,Agriculture,"Fishermen-coastal/deep-sea
",-,-
5492,2025-2026,Sep,HARYANA,Agriculture,"Loggers and wood cutters
",507.5,-
5493,2025-2026,Sep,HARYANA,Agriculture,"Animal husbandry workers (including poultry workers, dairy workers & herdsman)
",426.97,382.59
5494,2025-2026,Sep,HARYANA,Agriculture,"Packaging labourers, agriculture
",548,561.4299999999999
5495,2025-2026,Sep,HARYANA,Agriculture,"General agricultural labourers (including watering/irrigation workers, etc.)
",581.62,502.67
5496,2025-2026,Sep,HARYANA,Agriculture,"Plant protection workers (applying pesticides, treating seeds, etc.
",579.71,@
5497,2025-2026,Sep,"HIMACHAL PRADESH",Agriculture,"Ploughing/Tilling workers",766.67,@
5498,2025-2026,Sep,"HIMACHAL PRADESH",Agriculture,"Sowing(including Planting/Transplanting/ Weeding) workers)
",587.5,562.5
5499,2025-2026,Sep,"HIMACHAL PRADESH",Agriculture,"Harvesting/Winnowing/Threshing workers
",524.29,481.43
5500,2025-2026,Sep,"HIMACHAL PRADESH",Agriculture,"Picking workers (including Tea, Cotton, Tobacco and other commercial crops)
",-,-
5501,2025-2026,Sep,"HIMACHAL PRADESH",Agriculture,"Horticulture workers (including nursery growers)
",538,538
5502,2025-2026,Sep,"HIMACHAL PRADESH",Agriculture,"Fishermen-inland
",@,-
5503,2025-2026,Sep,"HIMACHAL PRADESH",Agriculture,"Fishermen-coastal/deep-sea
",-,-
5504,2025-2026,Sep,"HIMACHAL PRADESH",Agriculture,"Loggers and wood cutters
",648.75,@
5505,2025-2026,Sep,"HIMACHAL PRADESH",Agriculture,"Animal husbandry workers (including poultry workers, dairy workers & herdsman)
",@,@
5506,2025-2026,Sep,"HIMACHAL PRADESH",Agriculture,"Packaging labourers, agriculture
",@,@
5507,2025-2026,Sep,"HIMACHAL PRADESH",Agriculture,"General agricultural labourers (including watering/irrigation workers, etc.)
",520.91,523.75
5508,2025-2026,Sep,"HIMACHAL PRADESH",Agriculture,"Plant protection workers (applying pesticides, treating seeds, etc.
",691.67,@
5509,2024-2025,Sep,"HIMACHAL PRADESH",Agriculture,"Ploughing/Tilling workers",598.00,-
5510,2024-2025,Sep,"HIMACHAL PRADESH",Agriculture,"Sowing(including Planting/Transplanting/ Weeding) workers)
",493.33,@
5511,2024-2025,Sep,"HIMACHAL PRADESH",Agriculture,"Harvesting/Winnowing/Threshing workers
",498.00,@
5512,2024-2025,Sep,"HIMACHAL PRADESH",Agriculture,"Picking workers (including Tea, Cotton, Tobacco and other commercial crops)
",-,-
5513,2024-2025,Sep,"HIMACHAL PRADESH",Agriculture,"Horticulture workers (including nursery growers)
",476.00,@
5514,2024-2025,Sep,"HIMACHAL PRADESH",Agriculture,"Fishermen-inland
",-,-
5515,2024-2025,Sep,"HIMACHAL PRADESH",Agriculture,"Fishermen-coastal/deep-sea
",-,-
5516,2024-2025,Sep,"HIMACHAL PRADESH",Agriculture,"Loggers and wood cutters
",578.00,-
5517,2024-2025,Sep,"HIMACHAL PRADESH",Agriculture,"Animal husbandry workers (including poultry workers, dairy workers & herdsman)
",@,@
5518,2024-2025,Sep,"HIMACHAL PRADESH",Agriculture,"Packaging labourers, agriculture
",-,-
5519,2024-2025,Sep,"HIMACHAL PRADESH",Agriculture,"General agricultural labourers (including watering/irrigation workers, etc.)
",516.00,@
5520,2024-2025,Sep,"HIMACHAL PRADESH",Agriculture,"Plant protection workers (applying pesticides, treating seeds, etc.
",@,-
5521,2024-2025,Sep,"JAMMU & KASHMIR
",Agriculture,"Ploughing/Tilling workers",717.27,-
5522,2024-2025,Sep,"JAMMU & KASHMIR
",Agriculture,"Sowing(including Planting/Transplanting/ Weeding) workers)
",629.38,@
5523,2024-2025,Sep,"JAMMU & KASHMIR
",Agriculture,"Harvesting/Winnowing/Threshing workers
",634.62,@
5524,2024-2025,Sep,"JAMMU & KASHMIR
",Agriculture,"Picking workers (including Tea, Cotton, Tobacco and other commercial crops)
",@,-
5525,2024-2025,Sep,"JAMMU & KASHMIR
",Agriculture,"Horticulture workers (including nursery growers)
",620.00,-
5526,2024-2025,Sep,"JAMMU & KASHMIR
",Agriculture,"Fishermen-inland
",-,-
5527,2024-2025,Sep,"JAMMU & KASHMIR
",Agriculture,"Fishermen-coastal/deep-sea
",-,-
5528,2024-2025,Sep,"JAMMU & KASHMIR
",Agriculture,"Loggers and wood cutters
",637.00,-
5529,2024-2025,Sep,"JAMMU & KASHMIR
",Agriculture,"Animal husbandry workers (including poultry workers, dairy workers & herdsman)
",565.00,-
5530,2024-2025,Sep,"JAMMU & KASHMIR
",Agriculture,"Packaging labourers, agriculture
",647.14,-
5531,2024-2025,Sep,"JAMMU & KASHMIR
",Agriculture,"General agricultural labourers (including watering/irrigation workers, etc.)
",591.00,@
5532,2024-2025,Sep,"JAMMU & KASHMIR
",Agriculture,"Plant protection workers (applying pesticides, treating seeds, etc.
",@,-
5533,2025-2026,Sep,"JAMMU & KASHMIR
",Agriculture,"Ploughing/Tilling workers",740.45,-
5534,2025-2026,Sep,"JAMMU & KASHMIR
",Agriculture,"Sowing(including Planting/Transplanting/ Weeding) workers)
",667,@
5535,2025-2026,Sep,"JAMMU & KASHMIR
",Agriculture,"Harvesting/Winnowing/Threshing workers
",652.11,620
5536,2025-2026,Sep,"JAMMU & KASHMIR
",Agriculture,"Picking workers (including Tea, Cotton, Tobacco and other commercial crops)
",650,-
5537,2025-2026,Sep,"JAMMU & KASHMIR
",Agriculture,"Horticulture workers (including nursery growers)
",660.77,-
5538,2025-2026,Sep,"JAMMU & KASHMIR
",Agriculture,"Fishermen-inland
",-,-
5539,2025-2026,Sep,"JAMMU & KASHMIR
",Agriculture,"Fishermen-coastal/deep-sea
",-,-
5540,2025-2026,Sep,"JAMMU & KASHMIR
",Agriculture,"Loggers and wood cutters
",738,-
5541,2025-2026,Sep,"JAMMU & KASHMIR
",Agriculture,"Animal husbandry workers (including poultry workers, dairy workers & herdsman)
",443.59,-
5542,2025-2026,Sep,"JAMMU & KASHMIR
",Agriculture,"Packaging labourers, agriculture
",663.64,-
5543,2025-2026,Sep,"JAMMU & KASHMIR
",Agriculture,"General agricultural labourers (including watering/irrigation workers, etc.)
",583.33,-
5544,2025-2026,Sep,"JAMMU & KASHMIR
",Agriculture,"Plant protection workers (applying pesticides, treating seeds, etc.
",687.5,-
5545,2025-2026,Sep,KARNATAKA,Agriculture,"Ploughing/Tilling workers",616.67,@
5546,2025-2026,Sep,KARNATAKA,Agriculture,"Sowing(including Planting/Transplanting/ Weeding) workers)
",556.59,415.29
5547,2025-2026,Sep,KARNATAKA,Agriculture,"Harvesting/Winnowing/Threshing workers
",548.1799999999999,401.53
5548,2025-2026,Sep,KARNATAKA,Agriculture,"Picking workers (including Tea, Cotton, Tobacco and other commercial crops)
",486.43,347.14
5549,2025-2026,Sep,KARNATAKA,Agriculture,"Horticulture workers (including nursery growers)
",543.92,350.24
5550,2025-2026,Sep,KARNATAKA,Agriculture,"Fishermen-inland
",@,-
5551,2025-2026,Sep,KARNATAKA,Agriculture,"Fishermen-coastal/deep-sea
",-,-
5552,2025-2026,Sep,KARNATAKA,Agriculture,"Loggers and wood cutters
",612.36,-
5553,2025-2026,Sep,KARNATAKA,Agriculture,"Animal husbandry workers (including poultry workers, dairy workers & herdsman)
",533.08,@
5554,2025-2026,Sep,KARNATAKA,Agriculture,"Packaging labourers, agriculture
",501.25,392
5555,2025-2026,Sep,KARNATAKA,Agriculture,"General agricultural labourers (including watering/irrigation workers, etc.)
",516.72,398.77
5556,2025-2026,Sep,KARNATAKA,Agriculture,"Plant protection workers (applying pesticides, treating seeds, etc.
",484.38,409.57
5557,2024-2025,Sep,KARNATAKA,Agriculture,"Ploughing/Tilling workers",507.82,266.67
5558,2024-2025,Sep,KARNATAKA,Agriculture,"Sowing(including Planting/Transplanting/ Weeding) workers)
",458.67,337.86
5559,2024-2025,Sep,KARNATAKA,Agriculture,"Harvesting/Winnowing/Threshing workers
",457.67,322.67
5560,2024-2025,Sep,KARNATAKA,Agriculture,"Picking workers (including Tea, Cotton, Tobacco and other commercial crops)
",422.50,297.86
5561,2024-2025,Sep,KARNATAKA,Agriculture,"Horticulture workers (including nursery growers)
",477.69,362.00
5562,2024-2025,Sep,KARNATAKA,Agriculture,"Fishermen-inland
",@,-
5563,2024-2025,Sep,KARNATAKA,Agriculture,"Fishermen-coastal/deep-sea
",@,-
5564,2024-2025,Sep,KARNATAKA,Agriculture,"Loggers and wood cutters
",524.71,-
5565,2024-2025,Sep,KARNATAKA,Agriculture,"Animal husbandry workers (including poultry workers, dairy workers & herdsman)
",427.00,344.29
5566,2024-2025,Sep,KARNATAKA,Agriculture,"Packaging labourers, agriculture
",449.17,@
5567,2024-2025,Sep,KARNATAKA,Agriculture,"General agricultural labourers (including watering/irrigation workers, etc.)
",455.93,331.00
5568,2024-2025,Sep,KARNATAKA,Agriculture,"Plant protection workers (applying pesticides, treating seeds, etc.
",434.62,-
5569,2024-2025,Sep,KERALA,Agriculture,"Ploughing/Tilling workers",920.48,@
5570,2024-2025,Sep,KERALA,Agriculture,"Sowing(including Planting/Transplanting/ Weeding) workers)
",937.41,654.23
5571,2024-2025,Sep,KERALA,Agriculture,"Harvesting/Winnowing/Threshing workers
",794.00,666.25
5572,2024-2025,Sep,KERALA,Agriculture,"Picking workers (including Tea, Cotton, Tobacco and other commercial crops)
",-,@
5573,2024-2025,Sep,KERALA,Agriculture,"Horticulture workers (including nursery growers)
",@,@
5574,2024-2025,Sep,KERALA,Agriculture,"Fishermen-inland
",-,-
5575,2024-2025,Sep,KERALA,Agriculture,"Fishermen-coastal/deep-sea
",-,-
5576,2024-2025,Sep,KERALA,Agriculture,"Loggers and wood cutters
",1124.40,-
5577,2024-2025,Sep,KERALA,Agriculture,"Animal husbandry workers (including poultry workers, dairy workers & herdsman)
",651.09,-
5578,2024-2025,Sep,KERALA,Agriculture,"Packaging labourers, agriculture
",-,-
5579,2024-2025,Sep,KERALA,Agriculture,"General agricultural labourers (including watering/irrigation workers, etc.)
",873.21,627.50
5580,2024-2025,Sep,KERALA,Agriculture,"Plant protection workers (applying pesticides, treating seeds, etc.
",721.00,-
5581,2025-2026,Sep,KERALA,Agriculture,"Ploughing/Tilling workers",1033.33,-
5582,2025-2026,Sep,KERALA,Agriculture,"Sowing(including Planting/Transplanting/ Weeding) workers)
",871.15,645.83
5583,2025-2026,Sep,KERALA,Agriculture,"Harvesting/Winnowing/Threshing workers
",870.98,723.27
5584,2025-2026,Sep,KERALA,Agriculture,"Picking workers (including Tea, Cotton, Tobacco and other commercial crops)
",-,@
5585,2025-2026,Sep,KERALA,Agriculture,"Horticulture workers (including nursery growers)
",775,@
5586,2025-2026,Sep,KERALA,Agriculture,"Fishermen-inland
",-,-
5587,2025-2026,Sep,KERALA,Agriculture,"Fishermen-coastal/deep-sea
",-,-
5588,2025-2026,Sep,KERALA,Agriculture,"Loggers and wood cutters
",1055.56,-
5589,2025-2026,Sep,KERALA,Agriculture,"Animal husbandry workers (including poultry workers, dairy workers & herdsman)
",695.83,-
5590,2025-2026,Sep,KERALA,Agriculture,"Packaging labourers, agriculture
",902.5,693.75
5591,2025-2026,Sep,KERALA,Agriculture,"General agricultural labourers (including watering/irrigation workers, etc.)
",862.8099999999999,668.1799999999999
5592,2025-2026,Sep,KERALA,Agriculture,"Plant protection workers (applying pesticides, treating seeds, etc.
",841.76,@
5593,2025-2026,Sep,"MADHYA PRADESH",Agriculture,"Ploughing/Tilling workers",371.93,300
5594,2025-2026,Sep,"MADHYA PRADESH",Agriculture,"Sowing(including Planting/Transplanting/ Weeding) workers)
",361.96,303.03
5595,2025-2026,Sep,"MADHYA PRADESH",Agriculture,"Harvesting/Winnowing/Threshing workers
",359.26,305.45
5596,2025-2026,Sep,"MADHYA PRADESH",Agriculture,"Picking workers (including Tea, Cotton, Tobacco and other commercial crops)
",392.08,351.04
5597,2025-2026,Sep,"MADHYA PRADESH",Agriculture,"Horticulture workers (including nursery growers)
",300,283.33
5598,2025-2026,Sep,"MADHYA PRADESH",Agriculture,"Fishermen-inland
",-,-
5599,2025-2026,Sep,"MADHYA PRADESH",Agriculture,"Fishermen-coastal/deep-sea
",-,-
5600,2025-2026,Sep,"MADHYA PRADESH",Agriculture,"Loggers and wood cutters
",414.52,290
5601,2025-2026,Sep,"MADHYA PRADESH",Agriculture,"Animal husbandry workers (including poultry workers, dairy workers & herdsman)
",265,242.22
5602,2025-2026,Sep,"MADHYA PRADESH",Agriculture,"Packaging labourers, agriculture
",@,@
5603,2025-2026,Sep,"MADHYA PRADESH",Agriculture,"General agricultural labourers (including watering/irrigation workers, etc.)
",330.8,283.33
5604,2025-2026,Sep,"MADHYA PRADESH",Agriculture,"Plant protection workers (applying pesticides, treating seeds, etc.
",373.96,@
5605,2024-2025,Sep,"MADHYA PRADESH",Agriculture,"Ploughing/Tilling workers",305.98,244.29
5606,2024-2025,Sep,"MADHYA PRADESH",Agriculture,"Sowing(including Planting/Transplanting/ Weeding) workers)
",277.31,251.05
5607,2024-2025,Sep,"MADHYA PRADESH",Agriculture,"Harvesting/Winnowing/Threshing workers
",279.21,249.84
5608,2024-2025,Sep,"MADHYA PRADESH",Agriculture,"Picking workers (including Tea, Cotton, Tobacco and other commercial crops)
",275.56,252.86
5609,2024-2025,Sep,"MADHYA PRADESH",Agriculture,"Horticulture workers (including nursery growers)
",255.00,227.00
5610,2024-2025,Sep,"MADHYA PRADESH",Agriculture,"Fishermen-inland
",@,-
5611,2024-2025,Sep,"MADHYA PRADESH",Agriculture,"Fishermen-coastal/deep-sea
",-,-
5612,2024-2025,Sep,"MADHYA PRADESH",Agriculture,"Loggers and wood cutters
",256.67,@
5613,2024-2025,Sep,"MADHYA PRADESH",Agriculture,"Animal husbandry workers (including poultry workers, dairy workers & herdsman)
",230.48,202.50
5614,2024-2025,Sep,"MADHYA PRADESH",Agriculture,"Packaging labourers, agriculture
",224.38,203.12
5615,2024-2025,Sep,"MADHYA PRADESH",Agriculture,"General agricultural labourers (including watering/irrigation workers, etc.)
",257.39,222.10
5616,2024-2025,Sep,"MADHYA PRADESH",Agriculture,"Plant protection workers (applying pesticides, treating seeds, etc.
",280.94,240.00
5617,2024-2025,Sep,MAHARASHTRA,Agriculture,"Ploughing/Tilling workers",412.44,315.00
5618,2024-2025,Sep,MAHARASHTRA,Agriculture,"Sowing(including Planting/Transplanting/ Weeding) workers)
",393.74,287.09
5619,2024-2025,Sep,MAHARASHTRA,Agriculture,"Harvesting/Winnowing/Threshing workers
",405.43,289.63
5620,2024-2025,Sep,MAHARASHTRA,Agriculture,"Picking workers (including Tea, Cotton, Tobacco and other commercial crops)
",@,273.98
5621,2024-2025,Sep,MAHARASHTRA,Agriculture,"Horticulture workers (including nursery growers)
",383.64,274.55
5622,2024-2025,Sep,MAHARASHTRA,Agriculture,"Fishermen-inland
",@,-
5623,2024-2025,Sep,MAHARASHTRA,Agriculture,"Fishermen-coastal/deep-sea
",@,@
5624,2024-2025,Sep,MAHARASHTRA,Agriculture,"Loggers and wood cutters
",456.32,@
5625,2024-2025,Sep,MAHARASHTRA,Agriculture,"Animal husbandry workers (including poultry workers, dairy workers & herdsman)
",322.30,274.00
5626,2024-2025,Sep,MAHARASHTRA,Agriculture,"Packaging labourers, agriculture
",328.00,250.00
5627,2024-2025,Sep,MAHARASHTRA,Agriculture,"General agricultural labourers (including watering/irrigation workers, etc.)
",344.78,238.18
5628,2024-2025,Sep,MAHARASHTRA,Agriculture,"Plant protection workers (applying pesticides, treating seeds, etc.
",391.08,267.14
5629,2025-2026,Sep,MAHARASHTRA,Agriculture,"Ploughing/Tilling workers",415.56,320
5630,2025-2026,Sep,MAHARASHTRA,Agriculture,"Sowing(including Planting/Transplanting/ Weeding) workers)
",405,305.12
5631,2025-2026,Sep,MAHARASHTRA,Agriculture,"Harvesting/Winnowing/Threshing workers
",412.06,312.42
5632,2025-2026,Sep,MAHARASHTRA,Agriculture,"Picking workers (including Tea, Cotton, Tobacco and other commercial crops)
",@,320
5633,2025-2026,Sep,MAHARASHTRA,Agriculture,"Horticulture workers (including nursery growers)
",426.14,324.87
5634,2025-2026,Sep,MAHARASHTRA,Agriculture,"Fishermen-inland
",514.29,@
5635,2025-2026,Sep,MAHARASHTRA,Agriculture,"Fishermen-coastal/deep-sea
",-,-
5636,2025-2026,Sep,MAHARASHTRA,Agriculture,"Loggers and wood cutters
",500.71,@
5637,2025-2026,Sep,MAHARASHTRA,Agriculture,"Animal husbandry workers (including poultry workers, dairy workers & herdsman)
",320.6,308.33
5638,2025-2026,Sep,MAHARASHTRA,Agriculture,"Packaging labourers, agriculture
",386.36,310
5639,2025-2026,Sep,MAHARASHTRA,Agriculture,"General agricultural labourers (including watering/irrigation workers, etc.)
",368.52,257.02
5640,2025-2026,Sep,MAHARASHTRA,Agriculture,"Plant protection workers (applying pesticides, treating seeds, etc.
",457.06,334
5641,2025-2026,Sep,"MANIPUR
",Agriculture,"Ploughing/Tilling workers",636,@
5642,2025-2026,Sep,"MANIPUR
",Agriculture,"Sowing(including Planting/Transplanting/ Weeding) workers)
",635,525
5643,2025-2026,Sep,"MANIPUR
",Agriculture,"Harvesting/Winnowing/Threshing workers
",630,525
5644,2025-2026,Sep,"MANIPUR
",Agriculture,"Picking workers (including Tea, Cotton, Tobacco and other commercial crops)
",425,395
5645,2025-2026,Sep,"MANIPUR
",Agriculture,"Horticulture workers (including nursery growers)
",425,395
5646,2025-2026,Sep,"MANIPUR
",Agriculture,"Fishermen-inland
",390,360
5647,2025-2026,Sep,"MANIPUR
",Agriculture,"Fishermen-coastal/deep-sea
",-,-
5648,2025-2026,Sep,"MANIPUR
",Agriculture,"Loggers and wood cutters
",490,-
5649,2025-2026,Sep,"MANIPUR
",Agriculture,"Packaging labourers, agriculture
",-,-
5650,2025-2026,Sep,"MANIPUR
",Agriculture,"General agricultural labourers (including watering/irrigation workers, etc.)
",-,-
5651,2025-2026,Sep,"MANIPUR
",Agriculture,"Plant protection workers (applying pesticides, treating seeds, etc.
",650,650
5652,2024-2025,Sep,"MANIPUR
",Agriculture,"Ploughing/Tilling workers",351.43,-
5653,2024-2025,Sep,"MANIPUR
",Agriculture,"Sowing(including Planting/Transplanting/ Weeding) workers)
",333.89,309.38
5654,2024-2025,Sep,"MANIPUR
",Agriculture,"Harvesting/Winnowing/Threshing workers
",324.29,315.71
5655,2024-2025,Sep,"MANIPUR
",Agriculture,"Picking workers (including Tea, Cotton, Tobacco and other commercial crops)
",-,-
5656,2024-2025,Sep,"MANIPUR
",Agriculture,"Horticulture workers (including nursery growers)
",@,@
5657,2024-2025,Sep,"MANIPUR
",Agriculture,"Fishermen-inland
",-,-
5658,2024-2025,Sep,"MANIPUR
",Agriculture,"Fishermen-coastal/deep-sea
",-,-
5659,2024-2025,Sep,"MANIPUR
",Agriculture,"Loggers and wood cutters
",@,-
5660,2024-2025,Sep,"MANIPUR
",Agriculture,"Animal husbandry workers (including poultry workers, dairy workers & herdsman)
",330.00,-
5661,2024-2025,Sep,"MANIPUR
",Agriculture,"Packaging labourers, agriculture
",@,-
5662,2024-2025,Sep,"MANIPUR
",Agriculture,"General agricultural labourers (including watering/irrigation workers, etc.)
",@,-
5663,2024-2025,Sep,"MANIPUR
",Agriculture,"Plant protection workers (applying pesticides, treating seeds, etc.
",@,-
5664,2025-2026,Sep,"MANIPUR
",Agriculture,"Animal husbandry workers (including poultry workers, dairy workers & herdsman)
",425.00,415.00
5665,2025-2026,Sep,"MEGHALAYA
",Agriculture,"Animal husbandry workers (including poultry workers, dairy workers & herdsman)
",@,@
5666,2024-2025,Sep,"MEGHALAYA
",Agriculture,"Ploughing/Tilling workers",374.29,204.00
5667,2024-2025,Sep,"MEGHALAYA
",Agriculture,"Sowing(including Planting/Transplanting/ Weeding) workers)
",343.50,210.75
5668,2024-2025,Sep,"MEGHALAYA
",Agriculture,"Harvesting/Winnowing/Threshing workers
",349.33,197.17
5669,2024-2025,Sep,"MEGHALAYA
",Agriculture,"Picking workers (including Tea, Cotton, Tobacco and other commercial crops)
",@,@
5670,2024-2025,Sep,"MEGHALAYA
",Agriculture,"Horticulture workers (including nursery growers)
",@,@
5671,2024-2025,Sep,"MEGHALAYA
",Agriculture,"Fishermen-inland
",-,-
5672,2024-2025,Sep,"MEGHALAYA
",Agriculture,"Fishermen-coastal/deep-sea
",-,-
5673,2024-2025,Sep,"MEGHALAYA
",Agriculture,"Loggers and wood cutters
",@,-
5674,2024-2025,Sep,"MEGHALAYA
",Agriculture,"Animal husbandry workers (including poultry workers, dairy workers & herdsman)
",313.88,@
5675,2024-2025,Sep,"MEGHALAYA
",Agriculture,"Packaging labourers, agriculture
",@,-
5676,2024-2025,Sep,"MEGHALAYA
",Agriculture,"General agricultural labourers (including watering/irrigation workers, etc.)
",335.17,203.17
5677,2024-2025,Sep,"MEGHALAYA
",Agriculture,"Plant protection workers (applying pesticides, treating seeds, etc.
",-,-
5678,2025-2026,Sep,"MEGHALAYA
",Agriculture,"Ploughing/Tilling workers",411.43,@
5679,2025-2026,Sep,"MEGHALAYA
",Agriculture,"Sowing(including Planting/Transplanting/ Weeding) workers)
",473.57,314.14
5680,2025-2026,Sep,"MEGHALAYA
",Agriculture,"Harvesting/Winnowing/Threshing workers
",479.52,307.32
5681,2025-2026,Sep,"MEGHALAYA
",Agriculture,"Picking workers (including Tea, Cotton, Tobacco and other commercial crops)
",-,-
5682,2025-2026,Sep,"MEGHALAYA
",Agriculture,"Horticulture workers (including nursery growers)
",@,@
5683,2025-2026,Sep,"MEGHALAYA
",Agriculture,"Fishermen-inland
",-,-
5684,2025-2026,Sep,"MEGHALAYA
",Agriculture,"Fishermen-coastal/deep-sea
",-,-
5685,2025-2026,Sep,"MEGHALAYA
",Agriculture,"Loggers and wood cutters
",427.76,@
5686,2025-2026,Sep,"MEGHALAYA
",Agriculture,"Packaging labourers, agriculture
",-,-
5687,2025-2026,Sep,"MEGHALAYA
",Agriculture,"General agricultural labourers (including watering/irrigation workers, etc.)
",@,@
5688,2025-2026,Sep,"MEGHALAYA
",Agriculture,"Plant protection workers (applying pesticides, treating seeds, etc.
",-,-
5689,2025-2026,Sep,"ODISHA
",Agriculture,"Ploughing/Tilling workers",506.42,-
5690,2025-2026,Sep,"ODISHA
",Agriculture,"Sowing(including Planting/Transplanting/ Weeding) workers)
",475.54,392.45
5691,2025-2026,Sep,"ODISHA
",Agriculture,"Harvesting/Winnowing/Threshing workers
",393.59,308.97
5692,2025-2026,Sep,"ODISHA
",Agriculture,"Picking workers (including Tea, Cotton, Tobacco and other commercial crops)
",-,-
5693,2025-2026,Sep,"ODISHA
",Agriculture,"Horticulture workers (including nursery growers)
",369.8,300.48
5694,2025-2026,Sep,"ODISHA
",Agriculture,"Fishermen-inland
",381.25,-
5695,2025-2026,Sep,"ODISHA
",Agriculture,"Fishermen-coastal/deep-sea
",-,-
5696,2025-2026,Sep,"ODISHA
",Agriculture,"Loggers and wood cutters
",490.93,-
5697,2025-2026,Sep,"ODISHA
",Agriculture,"Packaging labourers, agriculture
",332.35,@
5698,2025-2026,Sep,"ODISHA
",Agriculture,"General agricultural labourers (including watering/irrigation workers, etc.)
",404.33,371.17
5699,2025-2026,Sep,"ODISHA
",Agriculture,"Plant protection workers (applying pesticides, treating seeds, etc.
",403.33,-
5700,2024-2025,Sep,"ODISHA
",Agriculture,"Ploughing/Tilling workers",374.49,309.64
5701,2024-2025,Sep,"ODISHA
",Agriculture,"Sowing(including Planting/Transplanting/ Weeding) workers)
",375.59,330.00
5702,2024-2025,Sep,"ODISHA
",Agriculture,"Harvesting/Winnowing/Threshing workers
",366.43,320.86
5703,2024-2025,Sep,"ODISHA
",Agriculture,"Picking workers (including Tea, Cotton, Tobacco and other commercial crops)
",@,@
5704,2024-2025,Sep,"ODISHA
",Agriculture,"Horticulture workers (including nursery growers)
",@,@
5705,2024-2025,Sep,"ODISHA
",Agriculture,"Fishermen-inland
",244.00,-
5706,2024-2025,Sep,"ODISHA
",Agriculture,"Fishermen-coastal/deep-sea
",@,-
5707,2024-2025,Sep,"ODISHA
",Agriculture,"Loggers and wood cutters
",322.62,-
5708,2024-2025,Sep,"ODISHA
",Agriculture,"Animal husbandry workers (including poultry workers, dairy workers & herdsman)
",260.67,191.25
5709,2024-2025,Sep,"ODISHA
",Agriculture,"Packaging labourers, agriculture
",@,-
5710,2024-2025,Sep,"ODISHA
",Agriculture,"General agricultural labourers (including watering/irrigation workers, etc.)
",365.08,316.34
5711,2024-2025,Sep,"ODISHA
",Agriculture,"Plant protection workers (applying pesticides, treating seeds, etc.
",277.78,@
5712,2025-2026,Sep,"ODISHA
",Agriculture,"Animal husbandry workers (including poultry workers, dairy workers & herdsman)
",348.89,304.00
5713,2025-2026,Sep,"PUNJAB
",Agriculture,"Animal husbandry workers (including poultry workers, dairy workers & herdsman)
",387.78,@
5714,2024-2025,Sep,"PUNJAB
",Agriculture,"Ploughing/Tilling workers",449.56,@
5715,2024-2025,Sep,"PUNJAB
",Agriculture,"Sowing(including Planting/Transplanting/ Weeding) workers)
",428.50,373.67
5716,2024-2025,Sep,"PUNJAB
",Agriculture,"Harvesting/Winnowing/Threshing workers
",438.36,@
5717,2024-2025,Sep,"PUNJAB
",Agriculture,"Picking workers (including Tea, Cotton, Tobacco and other commercial crops)
",384.00,@
5718,2024-2025,Sep,"PUNJAB
",Agriculture,"Horticulture workers (including nursery growers)
",@,-
5719,2024-2025,Sep,"PUNJAB
",Agriculture,"Fishermen-inland
",-,-
5720,2024-2025,Sep,"PUNJAB
",Agriculture,"Fishermen-coastal/deep-sea
",-,-
5721,2024-2025,Sep,"PUNJAB
",Agriculture,"Loggers and wood cutters
",@,-
5722,2024-2025,Sep,"PUNJAB
",Agriculture,"Animal husbandry workers (including poultry workers, dairy workers & herdsman)
",346.07,@
5723,2024-2025,Sep,"PUNJAB
",Agriculture,"Packaging labourers, agriculture
",403.33,@
5724,2024-2025,Sep,"PUNJAB
",Agriculture,"General agricultural labourers (including watering/irrigation workers, etc.)
",421.33,-
5725,2024-2025,Sep,"PUNJAB
",Agriculture,"Plant protection workers (applying pesticides, treating seeds, etc.
",414.29,-
5726,2025-2026,Sep,"PUNJAB
",Agriculture,"Ploughing/Tilling workers",475.45,@
5727,2025-2026,Sep,"PUNJAB
",Agriculture,"Sowing(including Planting/Transplanting/ Weeding) workers)
",464.55,382.5
5728,2025-2026,Sep,"PUNJAB
",Agriculture,"Harvesting/Winnowing/Threshing workers
",473.33,377.14
5729,2025-2026,Sep,"PUNJAB
",Agriculture,"Picking workers (including Tea, Cotton, Tobacco and other commercial crops)
",430,@
5730,2025-2026,Sep,"PUNJAB
",Agriculture,"Horticulture workers (including nursery growers)
",@,-
5731,2025-2026,Sep,"PUNJAB
",Agriculture,"Fishermen-inland
",-,-
5732,2025-2026,Sep,"PUNJAB
",Agriculture,"Fishermen-coastal/deep-sea
",-,-
5733,2025-2026,Sep,"PUNJAB
",Agriculture,"Loggers and wood cutters
",@,-
5734,2025-2026,Sep,"PUNJAB
",Agriculture,"Packaging labourers, agriculture
",450,-
5735,2025-2026,Sep,"PUNJAB
",Agriculture,"General agricultural labourers (including watering/irrigation workers, etc.)
",452,@
5736,2025-2026,Sep,"PUNJAB
",Agriculture,"Plant protection workers (applying pesticides, treating seeds, etc.
",458.82,-
5737,2025-2026,Sep,RAJASTHAN,Agriculture,"Ploughing/Tilling workers",543.5700000000001,@
5738,2025-2026,Sep,RAJASTHAN,Agriculture,"Sowing(including Planting/Transplanting/ Weeding) workers)
",465.17,379.13
5739,2025-2026,Sep,RAJASTHAN,Agriculture,"Harvesting/Winnowing/Threshing workers
",487.28,439.87
5740,2025-2026,Sep,RAJASTHAN,Agriculture,"Picking workers (including Tea, Cotton, Tobacco and other commercial crops)
",444,416.67
5741,2025-2026,Sep,RAJASTHAN,Agriculture,"Horticulture workers (including nursery growers)
",426,@
5742,2025-2026,Sep,RAJASTHAN,Agriculture,"Fishermen-inland
",-,-
5743,2025-2026,Sep,RAJASTHAN,Agriculture,"Fishermen-coastal/deep-sea
",-,-
5744,2025-2026,Sep,RAJASTHAN,Agriculture,"Loggers and wood cutters
",500.7,-
5745,2025-2026,Sep,RAJASTHAN,Agriculture,"Packaging labourers, agriculture
",387.69,@
5746,2025-2026,Sep,RAJASTHAN,Agriculture,"General agricultural labourers (including watering/irrigation workers, etc.)
",432.08,365.56
5747,2025-2026,Sep,RAJASTHAN,Agriculture,"Plant protection workers (applying pesticides, treating seeds, etc.
",479.76,-
5748,2024-2025,Sep,RAJASTHAN,Agriculture,"Ploughing/Tilling workers",405.00,@
5749,2024-2025,Sep,RAJASTHAN,Agriculture,"Sowing(including Planting/Transplanting/ Weeding) workers)
",405.00,367.50
5750,2024-2025,Sep,RAJASTHAN,Agriculture,"Harvesting/Winnowing/Threshing workers
",451.67,424.55
5751,2024-2025,Sep,RAJASTHAN,Agriculture,"Picking workers (including Tea, Cotton, Tobacco and other commercial crops)
",@,@
5752,2024-2025,Sep,RAJASTHAN,Agriculture,"Horticulture workers (including nursery growers)
",@,-
5753,2024-2025,Sep,RAJASTHAN,Agriculture,"Fishermen-inland
",-,-
5754,2024-2025,Sep,RAJASTHAN,Agriculture,"Fishermen-coastal/deep-sea
",-,-
5755,2024-2025,Sep,RAJASTHAN,Agriculture,"Loggers and wood cutters
",400.00,-
5756,2024-2025,Sep,RAJASTHAN,Agriculture,"Animal husbandry workers (including poultry workers, dairy workers & herdsman)
",@,@
5757,2024-2025,Sep,RAJASTHAN,Agriculture,"Packaging labourers, agriculture
",@,@
5758,2024-2025,Sep,RAJASTHAN,Agriculture,"General agricultural labourers (including watering/irrigation workers, etc.)
",408.75,363.08
5759,2024-2025,Sep,RAJASTHAN,Agriculture,"Plant protection workers (applying pesticides, treating seeds, etc.
",391.67,@
5760,2025-2026,Sep,RAJASTHAN,Agriculture,"Animal husbandry workers (including poultry workers, dairy workers & herdsman)
",413.33,@
5761,2025-2026,Sep,"TAMIL NADU",Agriculture,"Animal husbandry workers (including poultry workers, dairy workers & herdsman)
",594.81,361.90
5762,2024-2025,Sep,"TAMIL NADU",Agriculture,"Ploughing/Tilling workers",702.16,@
5763,2024-2025,Sep,"TAMIL NADU",Agriculture,"Sowing(including Planting/Transplanting/ Weeding) workers)
",582.67,397.36
5764,2024-2025,Sep,"TAMIL NADU",Agriculture,"Harvesting/Winnowing/Threshing workers
",585.28,393.51
5765,2024-2025,Sep,"TAMIL NADU",Agriculture,"Picking workers (including Tea, Cotton, Tobacco and other commercial crops)
",@,323.89
5766,2024-2025,Sep,"TAMIL NADU",Agriculture,"Horticulture workers (including nursery growers)
",@,@
5767,2024-2025,Sep,"TAMIL NADU",Agriculture,"Fishermen-inland
",-,-
5768,2024-2025,Sep,"TAMIL NADU",Agriculture,"Fishermen-coastal/deep-sea
",-,-
5769,2024-2025,Sep,"TAMIL NADU",Agriculture,"Loggers and wood cutters
",636.17,@
5770,2024-2025,Sep,"TAMIL NADU",Agriculture,"Animal husbandry workers (including poultry workers, dairy workers & herdsman)
",668.48,@
5771,2024-2025,Sep,"TAMIL NADU",Agriculture,"Packaging labourers, agriculture
",@,@
5772,2024-2025,Sep,"TAMIL NADU",Agriculture,"General agricultural labourers (including watering/irrigation workers, etc.)
",576.27,369.43
5773,2024-2025,Sep,"TAMIL NADU",Agriculture,"Plant protection workers (applying pesticides, treating seeds, etc.
",683.96,@
5774,2025-2026,Sep,"TAMIL NADU",Agriculture,"Ploughing/Tilling workers",743.33,@
5775,2025-2026,Sep,"TAMIL NADU",Agriculture,"Sowing(including Planting/Transplanting/ Weeding) workers)
",707.03,454.63
5776,2025-2026,Sep,"TAMIL NADU",Agriculture,"Harvesting/Winnowing/Threshing workers
",649.9299999999999,430.56
5777,2025-2026,Sep,"TAMIL NADU",Agriculture,"Picking workers (including Tea, Cotton, Tobacco and other commercial crops)
",@,520.71
5778,2025-2026,Sep,"TAMIL NADU",Agriculture,"Horticulture workers (including nursery growers)
",@,393.89
5779,2025-2026,Sep,"TAMIL NADU",Agriculture,"Fishermen-inland
",@,-
5780,2025-2026,Sep,"TAMIL NADU",Agriculture,"Fishermen-coastal/deep-sea
",-,-
5781,2025-2026,Sep,"TAMIL NADU",Agriculture,"Loggers and wood cutters
",728.99,-
5782,2025-2026,Sep,"TAMIL NADU",Agriculture,"Packaging labourers, agriculture
",@,@
5783,2025-2026,Sep,"TAMIL NADU",Agriculture,"General agricultural labourers (including watering/irrigation workers, etc.)
",621.91,376.92
5784,2025-2026,Sep,"TAMIL NADU",Agriculture,"Plant protection workers (applying pesticides, treating seeds, etc.
",899.05,-
5785,2025-2026,Sep,TRIPURA,Agriculture,"Ploughing/Tilling workers",520,-
5786,2025-2026,Sep,TRIPURA,Agriculture,"Sowing(including Planting/Transplanting/ Weeding) workers)
",520,-
5787,2025-2026,Sep,TRIPURA,Agriculture,"Harvesting/Winnowing/Threshing workers
",520,-
5788,2025-2026,Sep,TRIPURA,Agriculture,"Picking workers (including Tea, Cotton, Tobacco and other commercial crops)
",-,-
5789,2025-2026,Sep,TRIPURA,Agriculture,"Horticulture workers (including nursery growers)
",@,-
5790,2025-2026,Sep,TRIPURA,Agriculture,"Fishermen-inland
",-,-
5791,2025-2026,Sep,TRIPURA,Agriculture,"Fishermen-coastal/deep-sea
",-,-
5792,2025-2026,Sep,TRIPURA,Agriculture,"Loggers and wood cutters
",590,-
5793,2025-2026,Sep,TRIPURA,Agriculture,"Packaging labourers, agriculture
",-,-
5794,2025-2026,Sep,TRIPURA,Agriculture,"General agricultural labourers (including watering/irrigation workers, etc.)
",490,-
5795,2025-2026,Sep,TRIPURA,Agriculture,"Plant protection workers (applying pesticides, treating seeds, etc.
",-,-
5796,2024-2025,Sep,TRIPURA,Agriculture,"Ploughing/Tilling workers",420.00,-
5797,2024-2025,Sep,TRIPURA,Agriculture,"Sowing(including Planting/Transplanting/ Weeding) workers)
",420.00,-
5798,2024-2025,Sep,TRIPURA,Agriculture,"Harvesting/Winnowing/Threshing workers
",431.11,-
5799,2024-2025,Sep,TRIPURA,Agriculture,"Picking workers (including Tea, Cotton, Tobacco and other commercial crops)
",-,-
5800,2024-2025,Sep,TRIPURA,Agriculture,"Horticulture workers (including nursery growers)
",-,-
5801,2024-2025,Sep,TRIPURA,Agriculture,"Fishermen-inland
",-,-
5802,2024-2025,Sep,TRIPURA,Agriculture,"Fishermen-coastal/deep-sea
",-,-
5803,2024-2025,Sep,TRIPURA,Agriculture,"Loggers and wood cutters
",502.22,-
5804,2024-2025,Sep,TRIPURA,Agriculture,"Animal husbandry workers (including poultry workers, dairy workers & herdsman)
",320.00,-
5805,2024-2025,Sep,TRIPURA,Agriculture,"Packaging labourers, agriculture
",-,-
5806,2024-2025,Sep,TRIPURA,Agriculture,"General agricultural labourers (including watering/irrigation workers, etc.)
",401.11,-
5807,2024-2025,Sep,TRIPURA,Agriculture,"Plant protection workers (applying pesticides, treating seeds, etc.
",-,-
5808,2025-2026,Sep,TRIPURA,Agriculture,"Animal husbandry workers (including poultry workers, dairy workers & herdsman)
",420.00,-
5809,2025-2026,Sep,"UTTAR PRADESH",Agriculture,"Animal husbandry workers (including poultry workers, dairy workers & herdsman)
",408.50,415.00
5810,2024-2025,Sep,"UTTAR PRADESH",Agriculture,"Ploughing/Tilling workers",356.89,311.82
5811,2024-2025,Sep,"UTTAR PRADESH",Agriculture,"Sowing(including Planting/Transplanting/ Weeding) workers)
",371.73,327.98
5812,2024-2025,Sep,"UTTAR PRADESH",Agriculture,"Harvesting/Winnowing/Threshing workers
",377.09,332.71
5813,2024-2025,Sep,"UTTAR PRADESH",Agriculture,"Picking workers (including Tea, Cotton, Tobacco and other commercial crops)
",340.00,304.17
5814,2024-2025,Sep,"UTTAR PRADESH",Agriculture,"Horticulture workers (including nursery growers)
",@,@
5815,2024-2025,Sep,"UTTAR PRADESH",Agriculture,"Fishermen-inland
",-,-
5816,2024-2025,Sep,"UTTAR PRADESH",Agriculture,"Fishermen-coastal/deep-sea
",-,-
5817,2024-2025,Sep,"UTTAR PRADESH",Agriculture,"Loggers and wood cutters
",404.12,@
5818,2024-2025,Sep,"UTTAR PRADESH",Agriculture,"Animal husbandry workers (including poultry workers, dairy workers & herdsman)
",331.67,@
5819,2024-2025,Sep,"UTTAR PRADESH",Agriculture,"Packaging labourers, agriculture
",330.00,304.00
5820,2024-2025,Sep,"UTTAR PRADESH",Agriculture,"General agricultural labourers (including watering/irrigation workers, etc.)
",354.57,299.53
5821,2024-2025,Sep,"UTTAR PRADESH",Agriculture,"Plant protection workers (applying pesticides, treating seeds, etc.
",400.62,@
5822,2025-2026,Sep,"UTTAR PRADESH",Agriculture,"Ploughing/Tilling workers",436.2,456.36
5823,2025-2026,Sep,"UTTAR PRADESH",Agriculture,"Sowing(including Planting/Transplanting/ Weeding) workers)
",385.85,334.18
5824,2025-2026,Sep,"UTTAR PRADESH",Agriculture,"Harvesting/Winnowing/Threshing workers
",376.98,335.88
5825,2025-2026,Sep,"UTTAR PRADESH",Agriculture,"Picking workers (including Tea, Cotton, Tobacco and other commercial crops)
",340,290
5826,2025-2026,Sep,"UTTAR PRADESH",Agriculture,"Horticulture workers (including nursery growers)
",431.43,359.29
5827,2025-2026,Sep,"UTTAR PRADESH",Agriculture,"Fishermen-inland
",540,-
5828,2025-2026,Sep,"UTTAR PRADESH",Agriculture,"Fishermen-coastal/deep-sea
",-,-
5829,2025-2026,Sep,"UTTAR PRADESH",Agriculture,"Loggers and wood cutters
",522.3099999999999,-
5830,2025-2026,Sep,"UTTAR PRADESH",Agriculture,"Packaging labourers, agriculture
",418.42,374.72
5831,2025-2026,Sep,"UTTAR PRADESH",Agriculture,"General agricultural labourers (including watering/irrigation workers, etc.)
",394.57,333.29
5832,2025-2026,Sep,"UTTAR PRADESH",Agriculture,"Plant protection workers (applying pesticides, treating seeds, etc.
",494.44,@
5833,2025-2026,Sep,"WEST BENGAL",Agriculture,"Ploughing/Tilling workers",446.62,340.67
5834,2025-2026,Sep,"WEST BENGAL",Agriculture,"Sowing(including Planting/Transplanting/ Weeding) workers)
",392.82,357.96
5835,2025-2026,Sep,"WEST BENGAL",Agriculture,"Harvesting/Winnowing/Threshing workers
",407.48,373.17
5836,2025-2026,Sep,"WEST BENGAL",Agriculture,"Picking workers (including Tea, Cotton, Tobacco and other commercial crops)
",332.95,@
5837,2025-2026,Sep,"WEST BENGAL",Agriculture,"Horticulture workers (including nursery growers)
",368.2,309.71
5838,2025-2026,Sep,"WEST BENGAL",Agriculture,"Fishermen-inland
",590.33,-
5839,2025-2026,Sep,"WEST BENGAL",Agriculture,"Fishermen-coastal/deep-sea
",-,-
5840,2025-2026,Sep,"WEST BENGAL",Agriculture,"Loggers and wood cutters
",520.1900000000001,-
5841,2025-2026,Sep,"WEST BENGAL",Agriculture,"Packaging labourers, agriculture
",405.42,325.02
5842,2025-2026,Sep,"WEST BENGAL",Agriculture,"General agricultural labourers (including watering/irrigation workers, etc.)
",413.41,341.05
5843,2025-2026,Sep,"WEST BENGAL",Agriculture,"Plant protection workers (applying pesticides, treating seeds, etc.
",449.73,300.41
5844,2024-2025,Sep,"WEST BENGAL",Agriculture,"Ploughing/Tilling workers",438.52,@
5845,2024-2025,Sep,"WEST BENGAL",Agriculture,"Sowing(including Planting/Transplanting/ Weeding) workers)
",350.42,304.91
5846,2024-2025,Sep,"WEST BENGAL",Agriculture,"Harvesting/Winnowing/Threshing workers
",347.26,299.21
5847,2024-2025,Sep,"WEST BENGAL",Agriculture,"Picking workers (including Tea, Cotton, Tobacco and other commercial crops)
",-,@
5848,2024-2025,Sep,"WEST BENGAL",Agriculture,"Horticulture workers (including nursery growers)
",369.83,381.33
5849,2024-2025,Sep,"WEST BENGAL",Agriculture,"Fishermen-inland
",547.01,-
5850,2024-2025,Sep,"WEST BENGAL",Agriculture,"Fishermen-coastal/deep-sea
",@,-
5851,2024-2025,Sep,"WEST BENGAL",Agriculture,"Loggers and wood cutters
",480.03,-
5852,2024-2025,Sep,"WEST BENGAL",Agriculture,"Animal husbandry workers (including poultry workers, dairy workers & herdsman)
",309.85,274.44
5853,2024-2025,Sep,"WEST BENGAL",Agriculture,"Packaging labourers, agriculture
",406.90,@
5854,2024-2025,Sep,"WEST BENGAL",Agriculture,"General agricultural labourers (including watering/irrigation workers, etc.)
",348.70,325.89
5855,2024-2025,Sep,"WEST BENGAL",Agriculture,"Plant protection workers (applying pesticides, treating seeds, etc.
",431.40,275.12
5856,2025-2026,Sep,"WEST BENGAL",Agriculture,"Animal husbandry workers (including poultry workers, dairy workers & herdsman)
",370.87,@
5857,2025-2026,Sep,"Andaman and Nicobar Islands",Agriculture,"Ploughing/Tilling workers",680,680
5858,2025-2026,Sep,"Andaman and Nicobar Islands",Agriculture,"Sowing(including Planting/Transplanting/ Weeding) workers)
",800,800
5859,2025-2026,Sep,"Andaman and Nicobar Islands",Agriculture,"Harvesting/Winnowing/Threshing workers
",840,853.33
5860,2025-2026,Sep,"Andaman and Nicobar Islands",Agriculture,"Picking workers (including Tea, Cotton, Tobacco and other commercial crops)
",-,-
5861,2025-2026,Sep,"Andaman and Nicobar Islands",Agriculture,"Horticulture workers (including nursery growers)
",@,-
5862,2025-2026,Sep,"Andaman and Nicobar Islands",Agriculture,"Fishermen-inland
",-,-
5863,2025-2026,Sep,"Andaman and Nicobar Islands",Agriculture,"Fishermen-coastal/deep-sea
",822.86,-
5864,2025-2026,Sep,"Andaman and Nicobar Islands",Agriculture,"Loggers and wood cutters
",-,-
5865,2025-2026,Sep,"Andaman and Nicobar Islands",Agriculture,"Animal husbandry workers (including poultry workers, dairy workers & herdsman)
",638.1,-
5866,2025-2026,Sep,"Andaman and Nicobar Islands",Agriculture,"Packaging labourers, agriculture
",-,-
5867,2025-2026,Sep,"Andaman and Nicobar Islands",Agriculture,"General agricultural labourers (including watering/irrigation workers, etc.)
",-,-
5868,2025-2026,Sep,"Andaman and Nicobar Islands",Agriculture,"Plant protection workers (applying pesticides, treating seeds, etc.
",-,-
5869,2025-2026,Sep,"Arunachal Pradesh",Agriculture,"Ploughing/Tilling workers",521.4299999999999,420
5870,2025-2026,Sep,"Arunachal Pradesh",Agriculture,"Sowing(including Planting/Transplanting/ Weeding) workers)
",528.5700000000001,428.57
5871,2025-2026,Sep,"Arunachal Pradesh",Agriculture,"Harvesting/Winnowing/Threshing workers
",500,425
5872,2025-2026,Sep,"Arunachal Pradesh",Agriculture,"Picking workers (including Tea, Cotton, Tobacco and other commercial crops)
",450,356.25
5873,2025-2026,Sep,"Arunachal Pradesh",Agriculture,"Horticulture workers (including nursery growers)
",570,@
5874,2025-2026,Sep,"Arunachal Pradesh",Agriculture,"Fishermen-inland
",-,-
5875,2025-2026,Sep,"Arunachal Pradesh",Agriculture,"Fishermen-coastal/deep-sea
",-,-
5876,2025-2026,Sep,"Arunachal Pradesh",Agriculture,"Loggers and wood cutters
",614.29,-
5877,2025-2026,Sep,"Arunachal Pradesh",Agriculture,"Animal husbandry workers (including poultry workers, dairy workers & herdsman)
",@,@
5878,2025-2026,Sep,"Arunachal Pradesh",Agriculture,"Packaging labourers, agriculture
",@,@
5879,2025-2026,Sep,"Arunachal Pradesh",Agriculture,"General agricultural labourers (including watering/irrigation workers, etc.)
",471.43,@
5880,2025-2026,Sep,"Arunachal Pradesh",Agriculture,"Plant protection workers (applying pesticides, treating seeds, etc.
",514.29,-
5881,2025-2026,Sep,Chhattisgarh,Agriculture,"Ploughing/Tilling workers",370.59,292
5882,2025-2026,Sep,Chhattisgarh,Agriculture,"Sowing(including Planting/Transplanting/ Weeding) workers)
",336.3,257.78
5883,2025-2026,Sep,Chhattisgarh,Agriculture,"Harvesting/Winnowing/Threshing workers
",329.44,250
5884,2025-2026,Sep,Chhattisgarh,Agriculture,"Picking workers (including Tea, Cotton, Tobacco and other commercial crops)
",@,@
5885,2025-2026,Sep,Chhattisgarh,Agriculture,"Horticulture workers (including nursery growers)
",264.29,@
5886,2025-2026,Sep,Chhattisgarh,Agriculture,"Fishermen-inland
",@,-
5887,2025-2026,Sep,Chhattisgarh,Agriculture,"Fishermen-coastal/deep-sea
",-,-
5888,2025-2026,Sep,Chhattisgarh,Agriculture,"Loggers and wood cutters
",370,@
5889,2025-2026,Sep,Chhattisgarh,Agriculture,"Animal husbandry workers (including poultry workers, dairy workers & herdsman)
",328.18,225.38
5890,2025-2026,Sep,Chhattisgarh,Agriculture,"Packaging labourers, agriculture
",@,@
5891,2025-2026,Sep,Chhattisgarh,Agriculture,"General agricultural labourers (including watering/irrigation workers, etc.)
",280,228.33
5892,2025-2026,Sep,Chhattisgarh,Agriculture,"Plant protection workers (applying pesticides, treating seeds, etc.
",319.52,220
5893,2025-2026,Sep,"Daman and Diu, Dadra Nagar and Haveli",Agriculture,"Ploughing/Tilling workers",518.33,@
5894,2025-2026,Sep,"Daman and Diu, Dadra Nagar and Haveli",Agriculture,"Sowing(including Planting/Transplanting/ Weeding) workers)
",413.75,427.5
5895,2025-2026,Sep,"Daman and Diu, Dadra Nagar and Haveli",Agriculture,"Harvesting/Winnowing/Threshing workers
",413.75,427.5
5896,2025-2026,Sep,"Daman and Diu, Dadra Nagar and Haveli",Agriculture,"Picking workers (including Tea, Cotton, Tobacco and other commercial crops)
",-,-
5897,2025-2026,Sep,"Daman and Diu, Dadra Nagar and Haveli",Agriculture,"Horticulture workers (including nursery growers)
",@,-
5898,2025-2026,Sep,"Daman and Diu, Dadra Nagar and Haveli",Agriculture,"Fishermen-inland
",@,-
5899,2025-2026,Sep,"Daman and Diu, Dadra Nagar and Haveli",Agriculture,"Fishermen-coastal/deep-sea
",572,-
5900,2025-2026,Sep,"Daman and Diu, Dadra Nagar and Haveli",Agriculture,"Loggers and wood cutters
",520,-
5901,2025-2026,Sep,"Daman and Diu, Dadra Nagar and Haveli",Agriculture,"Animal husbandry workers (including poultry workers, dairy workers & herdsman)
",@,@
5902,2025-2026,Sep,"Daman and Diu, Dadra Nagar and Haveli",Agriculture,"Packaging labourers, agriculture
",@,@
5903,2025-2026,Sep,"Daman and Diu, Dadra Nagar and Haveli",Agriculture,"General agricultural labourers (including watering/irrigation workers, etc.)
",381.43,@
5904,2025-2026,Sep,"Daman and Diu, Dadra Nagar and Haveli",Agriculture,"Plant protection workers (applying pesticides, treating seeds, etc.
",@,-
5905,2025-2026,Sep,Delhi,Agriculture,"Ploughing/Tilling workers",712.5,-
5906,2025-2026,Sep,Delhi,Agriculture,"Sowing(including Planting/Transplanting/ Weeding) workers)
",525,-
5907,2025-2026,Sep,Delhi,Agriculture,"Harvesting/Winnowing/Threshing workers
",512.5,-
5908,2025-2026,Sep,Delhi,Agriculture,"Picking workers (including Tea, Cotton, Tobacco and other commercial crops)
",-,-
5909,2025-2026,Sep,Delhi,Agriculture,"Horticulture workers (including nursery growers)
",-,-
5910,2025-2026,Sep,Delhi,Agriculture,"Fishermen-inland
",-,-
5911,2025-2026,Sep,Delhi,Agriculture,"Fishermen-coastal/deep-sea
",-,-
5912,2025-2026,Sep,Delhi,Agriculture,"Loggers and wood cutters
",-,-
5913,2025-2026,Sep,Delhi,Agriculture,"Animal husbandry workers (including poultry workers, dairy workers & herdsman)
",-,-
5914,2025-2026,Sep,Delhi,Agriculture,"Packaging labourers, agriculture
",-,-
5915,2025-2026,Sep,Delhi,Agriculture,"General agricultural labourers (including watering/irrigation workers, etc.)
",-,-
5916,2025-2026,Sep,Delhi,Agriculture,"Plant protection workers (applying pesticides, treating seeds, etc.
",-,-
5917,2025-2026,Sep,Goa,Agriculture,"Ploughing/Tilling workers",650,-
5918,2025-2026,Sep,Goa,Agriculture,"Sowing(including Planting/Transplanting/ Weeding) workers)
",-,-
5919,2025-2026,Sep,Goa,Agriculture,"Harvesting/Winnowing/Threshing workers
",812.5,575
5920,2025-2026,Sep,Goa,Agriculture,"Picking workers (including Tea, Cotton, Tobacco and other commercial crops)
",575,387.5
5921,2025-2026,Sep,Goa,Agriculture,"Horticulture workers (including nursery growers)
",-,-
5922,2025-2026,Sep,Goa,Agriculture,"Fishermen-inland
",-,-
5923,2025-2026,Sep,Goa,Agriculture,"Fishermen-coastal/deep-sea
",-,-
5924,2025-2026,Sep,Goa,Agriculture,"Loggers and wood cutters
",-,-
5925,2025-2026,Sep,Goa,Agriculture,"Animal husbandry workers (including poultry workers, dairy workers & herdsman)
",-,-
5926,2025-2026,Sep,Goa,Agriculture,"Packaging labourers, agriculture
",-,-
5927,2025-2026,Sep,Goa,Agriculture,"General agricultural labourers (including watering/irrigation workers, etc.)
",575,400
5928,2025-2026,Sep,Goa,Agriculture,"Plant protection workers (applying pesticides, treating seeds, etc.
",437.5,-
5929,2025-2026,Sep,Jharkhand,Agriculture,"Ploughing/Tilling workers",386.25,@
5930,2025-2026,Sep,Jharkhand,Agriculture,"Sowing(including Planting/Transplanting/ Weeding) workers)
",350.59,322.5
5931,2025-2026,Sep,Jharkhand,Agriculture,"Harvesting/Winnowing/Threshing workers
",341.58,294.29
5932,2025-2026,Sep,Jharkhand,Agriculture,"Picking workers (including Tea, Cotton, Tobacco and other commercial crops)
",-,-
5933,2025-2026,Sep,Jharkhand,Agriculture,"Horticulture workers (including nursery growers)
",@,@
5934,2025-2026,Sep,Jharkhand,Agriculture,"Fishermen-inland
",477.33,-
5935,2025-2026,Sep,Jharkhand,Agriculture,"Fishermen-coastal/deep-sea
",-,-
5936,2025-2026,Sep,Jharkhand,Agriculture,"Loggers and wood cutters
",387.33,@
5937,2025-2026,Sep,Jharkhand,Agriculture,"Animal husbandry workers (including poultry workers, dairy workers & herdsman)
",338.89,-
5938,2025-2026,Sep,Jharkhand,Agriculture,"Packaging labourers, agriculture
",@,@
5939,2025-2026,Sep,Jharkhand,Agriculture,"General agricultural labourers (including watering/irrigation workers, etc.)
",309.12,293.53
5940,2025-2026,Sep,Jharkhand,Agriculture,"Plant protection workers (applying pesticides, treating seeds, etc.
",382.12,@
5941,2025-2026,Sep,Lakshadweep,Agriculture,"Ploughing/Tilling workers",@,-
5942,2025-2026,Sep,Lakshadweep,Agriculture,"Sowing(including Planting/Transplanting/ Weeding) workers)
",-,-
5943,2025-2026,Sep,Lakshadweep,Agriculture,"Harvesting/Winnowing/Threshing workers
",872.6,-
5944,2025-2026,Sep,Lakshadweep,Agriculture,"Picking workers (including Tea, Cotton, Tobacco and other commercial crops)
",-,-
5945,2025-2026,Sep,Lakshadweep,Agriculture,"Horticulture workers (including nursery growers)
",-,-
5946,2025-2026,Sep,Lakshadweep,Agriculture,"Fishermen-inland
",-,-
5947,2025-2026,Sep,Lakshadweep,Agriculture,"Fishermen-coastal/deep-sea
",786,-
5948,2025-2026,Sep,Lakshadweep,Agriculture,"Loggers and wood cutters
",433,-
5949,2025-2026,Sep,Lakshadweep,Agriculture,"Animal husbandry workers (including poultry workers, dairy workers & herdsman)
",548.6,-
5950,2025-2026,Sep,Lakshadweep,Agriculture,"Packaging labourers, agriculture
",-,-
5951,2025-2026,Sep,Lakshadweep,Agriculture,"General agricultural labourers (including watering/irrigation workers, etc.)
",-,-
5952,2025-2026,Sep,Lakshadweep,Agriculture,"Plant protection workers (applying pesticides, treating seeds, etc.
",-,-
5953,2025-2026,Sep,Mizoram,Agriculture,"Ploughing/Tilling workers",587.5,487.5
5954,2025-2026,Sep,Mizoram,Agriculture,"Sowing(including Planting/Transplanting/ Weeding) workers)
",587.5,487.5
5955,2025-2026,Sep,Mizoram,Agriculture,"Harvesting/Winnowing/Threshing workers
",587.5,487.5
5956,2025-2026,Sep,Mizoram,Agriculture,"Picking workers (including Tea, Cotton, Tobacco and other commercial crops)
",587.5,487.5
5957,2025-2026,Sep,Mizoram,Agriculture,"Horticulture workers (including nursery growers)
",587.5,503.75
5958,2025-2026,Sep,Mizoram,Agriculture,"Fishermen-inland
",587.5,-
5959,2025-2026,Sep,Mizoram,Agriculture,"Fishermen-coastal/deep-sea
",-,-
5960,2025-2026,Sep,Mizoram,Agriculture,"Loggers and wood cutters
",818.75,-
5961,2025-2026,Sep,Mizoram,Agriculture,"Packaging labourers, agriculture
",575,468.75
5962,2025-2026,Sep,Mizoram,Agriculture,"General agricultural labourers (including watering/irrigation workers, etc.)
",587.5,487.5
5963,2025-2026,Sep,Mizoram,Agriculture,"Plant protection workers (applying pesticides, treating seeds, etc.
",587.5,487.5
5964,2025-2026,Sep,Mizoram,Agriculture,"Animal husbandry workers (including poultry workers, dairy workers & herdsman)
",587.50,500.00
5965,2025-2026,Sep,Nagaland,Agriculture,"Animal husbandry workers (including poultry workers, dairy workers & herdsman)
",@,-
5966,2025-2026,Sep,Nagaland,Agriculture,"Ploughing/Tilling workers",483.33,416.67
5967,2025-2026,Sep,Nagaland,Agriculture,"Sowing(including Planting/Transplanting/ Weeding) workers)
",483.33,416.67
5968,2025-2026,Sep,Nagaland,Agriculture,"Harvesting/Winnowing/Threshing workers
",517.26,445.54
5969,2025-2026,Sep,Nagaland,Agriculture,"Picking workers (including Tea, Cotton, Tobacco and other commercial crops)
",@,@
5970,2025-2026,Sep,Nagaland,Agriculture,"Horticulture workers (including nursery growers)
",553.4,483.67
5971,2025-2026,Sep,Nagaland,Agriculture,"Fishermen-inland
",@,-
5972,2025-2026,Sep,Nagaland,Agriculture,"Fishermen-coastal/deep-sea
",-,-
5973,2025-2026,Sep,Nagaland,Agriculture,"Loggers and wood cutters
",937.5,-
5974,2025-2026,Sep,Nagaland,Agriculture,"Packaging labourers, agriculture
",@,@
5975,2025-2026,Sep,Nagaland,Agriculture,"General agricultural labourers (including watering/irrigation workers, etc.)
",@,@
5976,2025-2026,Sep,Nagaland,Agriculture,"Plant protection workers (applying pesticides, treating seeds, etc.
",673.21,-
5977,2025-2026,Sep,Puducerry,Agriculture,"Ploughing/Tilling workers",-,-
5978,2025-2026,Sep,Puducerry,Agriculture,"Sowing(including Planting/Transplanting/ Weeding) workers)
",858.75,452.86
5979,2025-2026,Sep,Puducerry,Agriculture,"Harvesting/Winnowing/Threshing workers
",966.25,492
5980,2025-2026,Sep,Puducerry,Agriculture,"Picking workers (including Tea, Cotton, Tobacco and other commercial crops)
",-,333.33
5981,2025-2026,Sep,Puducerry,Agriculture,"Horticulture workers (including nursery growers)
",-,-
5982,2025-2026,Sep,Puducerry,Agriculture,"Fishermen-inland
",-,-
5983,2025-2026,Sep,Puducerry,Agriculture,"Fishermen-coastal/deep-sea
",-,-
5984,2025-2026,Sep,Puducerry,Agriculture,"Loggers and wood cutters
",906.25,-
5985,2025-2026,Sep,Puducerry,Agriculture,"Packaging labourers, agriculture
",602.67,302.4
5986,2025-2026,Sep,Puducerry,Agriculture,"General agricultural labourers (including watering/irrigation workers, etc.)
",691.67,352
5987,2025-2026,Sep,Puducerry,Agriculture,"Plant protection workers (applying pesticides, treating seeds, etc.
",615,@
5988,2025-2026,Sep,Puducerry,Agriculture,"Animal husbandry workers (including poultry workers, dairy workers & herdsman)
",-,-
5989,2025-2026,Sep,Sikkim,Agriculture,"Animal husbandry workers (including poultry workers, dairy workers & herdsman)
",-,-
5990,2025-2026,Sep,Sikkim,Agriculture,"Ploughing/Tilling workers",1511.31,-
5991,2025-2026,Sep,Sikkim,Agriculture,"Sowing(including Planting/Transplanting/ Weeding) workers)
",576.1900000000001,514.29
5992,2025-2026,Sep,Sikkim,Agriculture,"Harvesting/Winnowing/Threshing workers
",478.57,478.57
5993,2025-2026,Sep,Sikkim,Agriculture,"Picking workers (including Tea, Cotton, Tobacco and other commercial crops)
",-,-
5994,2025-2026,Sep,Sikkim,Agriculture,"Horticulture workers (including nursery growers)
",464.76,476.19
5995,2025-2026,Sep,Sikkim,Agriculture,"Fishermen-inland
",-,-
5996,2025-2026,Sep,Sikkim,Agriculture,"Fishermen-coastal/deep-sea
",-,-
5997,2025-2026,Sep,Sikkim,Agriculture,"Loggers and wood cutters
",836.0700000000001,-
5998,2025-2026,Sep,Sikkim,Agriculture,"Packaging labourers, agriculture
",-,-
5999,2025-2026,Sep,Sikkim,Agriculture,"General agricultural labourers (including watering/irrigation workers, etc.)
",464.29,@
6000,2025-2026,Sep,Sikkim,Agriculture,"Plant protection workers (applying pesticides, treating seeds, etc.
",-,-
6001,2025-2026,Sep,Telangana,Agriculture,"Ploughing/Tilling workers",664.62,@
6002,2025-2026,Sep,Telangana,Agriculture,"Sowing(including Planting/Transplanting/ Weeding) workers)
",562.22,369.23
6003,2025-2026,Sep,Telangana,Agriculture,"Harvesting/Winnowing/Threshing workers
",571.4299999999999,400
6004,2025-2026,Sep,Telangana,Agriculture,"Picking workers (including Tea, Cotton, Tobacco and other commercial crops)
",456,342.35
6005,2025-2026,Sep,Telangana,Agriculture,"Horticulture workers (including nursery growers)
",@,335.71
6006,2025-2026,Sep,Telangana,Agriculture,"Fishermen-inland
",-,-
6007,2025-2026,Sep,Telangana,Agriculture,"Fishermen-coastal/deep-sea
",-,-
6008,2025-2026,Sep,Telangana,Agriculture,"Loggers and wood cutters
",383.33,-
6009,2025-2026,Sep,Telangana,Agriculture,"Packaging labourers, agriculture
",@,-
6010,2025-2026,Sep,Telangana,Agriculture,"General agricultural labourers (including watering/irrigation workers, etc.)
",404.14,348.7
6011,2025-2026,Sep,Telangana,Agriculture,"Plant protection workers (applying pesticides, treating seeds, etc.
",400,-
6012,2025-2026,Sep,Telangana,Agriculture,"Animal husbandry workers (including poultry workers, dairy workers & herdsman)
",315.56,-
6013,2025-2026,Sep,Uttarakhand,Agriculture,"Animal husbandry workers (including poultry workers, dairy workers & herdsman)
",433.33,@
6014,2025-2026,Sep,Uttarakhand,Agriculture,"Ploughing/Tilling workers",@,@
6015,2025-2026,Sep,Uttarakhand,Agriculture,"Sowing(including Planting/Transplanting/ Weeding) workers)
",536.36,481.82
6016,2025-2026,Sep,Uttarakhand,Agriculture,"Harvesting/Winnowing/Threshing workers
",@,@
6017,2025-2026,Sep,Uttarakhand,Agriculture,"Picking workers (including Tea, Cotton, Tobacco and other commercial crops)
",-,-
6018,2025-2026,Sep,Uttarakhand,Agriculture,"Horticulture workers (including nursery growers)
",@,@
6019,2025-2026,Sep,Uttarakhand,Agriculture,"Fishermen-inland
",-,-
6020,2025-2026,Sep,Uttarakhand,Agriculture,"Fishermen-coastal/deep-sea
",-,-
6021,2025-2026,Sep,Uttarakhand,Agriculture,"Loggers and wood cutters
",606.25,-
6022,2025-2026,Sep,Uttarakhand,Agriculture,"Packaging labourers, agriculture
",@,-
6023,2025-2026,Sep,Uttarakhand,Agriculture,"General agricultural labourers (including watering/irrigation workers, etc.)
",487.5,360
6024,2025-2026,Sep,Uttarakhand,Agriculture,"Plant protection workers (applying pesticides, treating seeds, etc.
",@,-
6025,2025-2026,Sep,"All India",Agriculture,"Ploughing/Tilling workers",534.08,401.86
6026,2025-2026,Sep,"All India",Agriculture,"Sowing(including Planting/Transplanting/ Weeding) workers)
",473.32,381.00
6027,2025-2026,Sep,"All India",Agriculture,"Harvesting/Winnowing/Threshing workers
",475.69,385.99
6028,2025-2026,Sep,"All India",Agriculture,"Picking workers (including Tea, Cotton, Tobacco and other commercial crops)
",442.91,375.05
6029,2025-2026,Sep,"All India",Agriculture,"Horticulture workers (including nursery growers)
",461.17,369.92
6030,2025-2026,Sep,"All India",Agriculture,"Fishermen-inland
",500.10,338.24
6031,2025-2026,Sep,"All India",Agriculture,"Fishermen-coastal/deep-sea
",738.24,-
6032,2025-2026,Sep,"All India",Agriculture,"Loggers and wood cutters
",562.14,340.16
6033,2025-2026,Sep,"All India",Agriculture,"Animal husbandry workers (including poultry workers, dairy workers & herdsman)
",404.44,343.31
6034,2025-2026,Sep,"All India",Agriculture,"Packaging labourers, agriculture
",457.05,387.03
6035,2025-2026,Sep,"All India",Agriculture,"General agricultural labourers (including watering/irrigation workers, etc.)
",445.53,364.56
6036,2025-2026,Sep,"All India",Agriculture,"Plant protection workers (applying pesticides, treating seeds, etc.
",496.27,396.50
6037,2024-2025,Sep,"All India",Agriculture,"Ploughing/Tilling workers",442.18,311.13
6038,2024-2025,Sep,"All India",Agriculture,"Sowing(including Planting/Transplanting/ Weeding) workers)
",406.50,337.78
6039,2024-2025,Sep,"All India",Agriculture,"Harvesting/Winnowing/Threshing workers
",398.52,335.52
6040,2024-2025,Sep,"All India",Agriculture,"Picking workers (including Tea, Cotton, Tobacco and other commercial crops)
",367.88,325.53
6041,2024-2025,Sep,"All India",Agriculture,"Horticulture workers (including nursery growers)
",400.24,313.17
6042,2024-2025,Sep,"All India",Agriculture,"Fishermen-inland
",452.70,@
6043,2024-2025,Sep,"All India",Agriculture,"Fishermen-coastal/deep-sea
",452.00,@
6044,2024-2025,Sep,"All India",Agriculture,"Loggers and wood cutters
",493.83,305.76
6045,2024-2025,Sep,"All India",Agriculture,"Animal husbandry workers (including poultry workers, dairy workers & herdsman)
",326.04,260.84
6046,2024-2025,Sep,"All India",Agriculture,"Packaging labourers, agriculture
",370.02,313.87
6047,2024-2025,Sep,"All India",Agriculture,"General agricultural labourers (including watering/irrigation workers, etc.)
",398.93,314.86
6048,2024-2025,Sep,"All India",Agriculture,"Plant protection workers (applying pesticides, treating seeds, etc.
",441.74,298.17
6049,2024-2025,Oct,"ANDHRA PRADESH",Agriculture,"Ploughing/Tilling workers",640.88,@
6050,2024-2025,Oct,"ANDHRA PRADESH",Agriculture,"Sowing(including Planting/Transplanting/ Weeding) workers)
",529.82,408.60
6051,2024-2025,Oct,"ANDHRA PRADESH",Agriculture,"Harvesting/Winnowing/Threshing workers
",541.60,400.92
6052,2024-2025,Oct,"ANDHRA PRADESH",Agriculture,"Picking workers (including Tea, Cotton, Tobacco and other commercial crops)
",447.50,380.21
6053,2024-2025,Oct,"ANDHRA PRADESH",Agriculture,"Horticulture workers (including nursery growers)
",@,316.00
6054,2024-2025,Oct,"ANDHRA PRADESH",Agriculture,"Fishermen-inland
",@,@
6055,2024-2025,Oct,"ANDHRA PRADESH",Agriculture,"Fishermen-coastal/deep-sea
",-,-
6056,2024-2025,Oct,"ANDHRA PRADESH",Agriculture,"Loggers and wood cutters
",507.02,-
6057,2024-2025,Oct,"ANDHRA PRADESH",Agriculture,"Animal husbandry workers (including poultry workers, dairy workers & herdsman)
",344.62,@
6058,2024-2025,Oct,"ANDHRA PRADESH",Agriculture,"Packaging labourers, agriculture
",@,@
6059,2024-2025,Oct,"ANDHRA PRADESH",Agriculture,"General agricultural labourers (including watering/irrigation workers, etc.)
",465.76,339.51
6060,2024-2025,Oct,"ANDHRA PRADESH",Agriculture,"Plant protection workers (applying pesticides, treating seeds, etc.
",703.19,@
6061,2025-2026,Oct,"ANDHRA PRADESH",Agriculture,"Ploughing/Tilling workers",690.8099999999999,@
6062,2025-2026,Oct,"ANDHRA PRADESH",Agriculture,"Sowing(including Planting/Transplanting/ Weeding) workers)
",620.9,431.86
6063,2025-2026,Oct,"ANDHRA PRADESH",Agriculture,"Harvesting/Winnowing/Threshing workers
",620.2,412.6
6064,2025-2026,Oct,"ANDHRA PRADESH",Agriculture,"Picking workers (including Tea, Cotton, Tobacco and other commercial crops)
",@,429.63
6065,2025-2026,Oct,"ANDHRA PRADESH",Agriculture,"Horticulture workers (including nursery growers)
",583.36,444.95
6066,2025-2026,Oct,"ANDHRA PRADESH",Agriculture,"Fishermen-inland
",@,-
6067,2025-2026,Oct,"ANDHRA PRADESH",Agriculture,"Fishermen-coastal/deep-sea
",-,-
6068,2025-2026,Oct,"ANDHRA PRADESH",Agriculture,"Loggers and wood cutters
",607.03,-
6069,2025-2026,Oct,"ANDHRA PRADESH",Agriculture,"Animal husbandry workers (including poultry workers, dairy workers & herdsman)
",@,@
6070,2025-2026,Oct,"ANDHRA PRADESH",Agriculture,"Packaging labourers, agriculture
",@,@
6071,2025-2026,Oct,"ANDHRA PRADESH",Agriculture,"General agricultural labourers (including watering/irrigation workers, etc.)
",594,439.12
6072,2025-2026,Oct,"ANDHRA PRADESH",Agriculture,"Plant protection workers (applying pesticides, treating seeds, etc.
",895.3099999999999,-
6073,2025-2026,Oct,ASSAM,Agriculture,"Ploughing/Tilling workers",510.83,-
6074,2025-2026,Oct,ASSAM,Agriculture,"Sowing(including Planting/Transplanting/ Weeding) workers)
",408.93,364.44
6075,2025-2026,Oct,ASSAM,Agriculture,"Harvesting/Winnowing/Threshing workers
",447.69,377.13
6076,2025-2026,Oct,ASSAM,Agriculture,"Picking workers (including Tea, Cotton, Tobacco and other commercial crops)
",@,@
6077,2025-2026,Oct,ASSAM,Agriculture,"Horticulture workers (including nursery growers)
",418.56,326.36
6078,2025-2026,Oct,ASSAM,Agriculture,"Fishermen-inland
",@,-
6079,2025-2026,Oct,ASSAM,Agriculture,"Fishermen-coastal/deep-sea
",-,-
6080,2025-2026,Oct,ASSAM,Agriculture,"Loggers and wood cutters
",467.46,-
6081,2025-2026,Oct,ASSAM,Agriculture,"Animal husbandry workers (including poultry workers, dairy workers & herdsman)
",443.91,418.75
6082,2025-2026,Oct,ASSAM,Agriculture,"Packaging labourers, agriculture
",@,@
6083,2025-2026,Oct,ASSAM,Agriculture,"General agricultural labourers (including watering/irrigation workers, etc.)
",387.49,332.5
6084,2025-2026,Oct,ASSAM,Agriculture,"Plant protection workers (applying pesticides, treating seeds, etc.
",434.29,@
6085,2024-2025,Oct,ASSAM,Agriculture,"Ploughing/Tilling workers",440.37,@
6086,2024-2025,Oct,ASSAM,Agriculture,"Sowing(including Planting/Transplanting/ Weeding) workers)
",416.39,338.52
6087,2024-2025,Oct,ASSAM,Agriculture,"Harvesting/Winnowing/Threshing workers
",405.10,310.19
6088,2024-2025,Oct,ASSAM,Agriculture,"Picking workers (including Tea, Cotton, Tobacco and other commercial crops)
",@,@
6089,2024-2025,Oct,ASSAM,Agriculture,"Horticulture workers (including nursery growers)
",-,342.22
6090,2024-2025,Oct,ASSAM,Agriculture,"Fishermen-inland
",-,-
6091,2024-2025,Oct,ASSAM,Agriculture,"Fishermen-coastal/deep-sea
",-,-
6092,2024-2025,Oct,ASSAM,Agriculture,"Loggers and wood cutters
",383.00,-
6093,2024-2025,Oct,ASSAM,Agriculture,"Animal husbandry workers (including poultry workers, dairy workers & herdsman)
",298.33,-
6094,2024-2025,Oct,ASSAM,Agriculture,"Packaging labourers, agriculture
",374.00,@
6095,2024-2025,Oct,ASSAM,Agriculture,"General agricultural labourers (including watering/irrigation workers, etc.)
",379.47,331.85
6096,2024-2025,Oct,ASSAM,Agriculture,"Plant protection workers (applying pesticides, treating seeds, etc.
",@,@
6097,2024-2025,Oct,BIHAR,Agriculture,"Ploughing/Tilling workers",413.98,-
6098,2024-2025,Oct,BIHAR,Agriculture,"Sowing(including Planting/Transplanting/ Weeding) workers)
",396.69,336.96
6099,2024-2025,Oct,BIHAR,Agriculture,"Harvesting/Winnowing/Threshing workers
",378.81,339.69
6100,2024-2025,Oct,BIHAR,Agriculture,"Picking workers (including Tea, Cotton, Tobacco and other commercial crops)
",360.90,@
6101,2024-2025,Oct,BIHAR,Agriculture,"Horticulture workers (including nursery growers)
",296.17,264.52
6102,2024-2025,Oct,BIHAR,Agriculture,"Fishermen-inland
",365.33,-
6103,2024-2025,Oct,BIHAR,Agriculture,"Fishermen-coastal/deep-sea
",-,-
6104,2024-2025,Oct,BIHAR,Agriculture,"Loggers and wood cutters
",482.01,-
6105,2024-2025,Oct,BIHAR,Agriculture,"Animal husbandry workers (including poultry workers, dairy workers & herdsman)
",307.72,301.67
6106,2024-2025,Oct,BIHAR,Agriculture,"Packaging labourers, agriculture
",325.00,323.33
6107,2024-2025,Oct,BIHAR,Agriculture,"General agricultural labourers (including watering/irrigation workers, etc.)
",360.56,324.82
6108,2024-2025,Oct,BIHAR,Agriculture,"Plant protection workers (applying pesticides, treating seeds, etc.
",378.36,@
6109,2025-2026,Oct,BIHAR,Agriculture,"Ploughing/Tilling workers",436.01,320
6110,2025-2026,Oct,BIHAR,Agriculture,"Sowing(including Planting/Transplanting/ Weeding) workers)
",384.69,325.67
6111,2025-2026,Oct,BIHAR,Agriculture,"Harvesting/Winnowing/Threshing workers
",386.7,323.47
6112,2025-2026,Oct,BIHAR,Agriculture,"Picking workers (including Tea, Cotton, Tobacco and other commercial crops)
",@,@
6113,2025-2026,Oct,BIHAR,Agriculture,"Horticulture workers (including nursery growers)
",344.44,287.5
6114,2025-2026,Oct,BIHAR,Agriculture,"Fishermen-inland
",450,-
6115,2025-2026,Oct,BIHAR,Agriculture,"Fishermen-coastal/deep-sea
",-,-
6116,2025-2026,Oct,BIHAR,Agriculture,"Loggers and wood cutters
",528.88,-
6117,2025-2026,Oct,BIHAR,Agriculture,"Animal husbandry workers (including poultry workers, dairy workers & herdsman)
",376.29,@
6118,2025-2026,Oct,BIHAR,Agriculture,"Packaging labourers, agriculture
",338.89,265
6119,2025-2026,Oct,BIHAR,Agriculture,"General agricultural labourers (including watering/irrigation workers, etc.)
",377.98,287.5
6120,2025-2026,Oct,BIHAR,Agriculture,"Plant protection workers (applying pesticides, treating seeds, etc.
",384.69,282.14
6121,2025-2026,Oct,GUJARAT,Agriculture,"Ploughing/Tilling workers",405.54,362.5
6122,2025-2026,Oct,GUJARAT,Agriculture,"Sowing(including Planting/Transplanting/ Weeding) workers)
",342.97,333.79
6123,2025-2026,Oct,GUJARAT,Agriculture,"Harvesting/Winnowing/Threshing workers
",345.53,333.18
6124,2025-2026,Oct,GUJARAT,Agriculture,"Picking workers (including Tea, Cotton, Tobacco and other commercial crops)
",339.77,325.17
6125,2025-2026,Oct,GUJARAT,Agriculture,"Horticulture workers (including nursery growers)
",294.29,280
6126,2025-2026,Oct,GUJARAT,Agriculture,"Fishermen-inland
",@,@
6127,2025-2026,Oct,GUJARAT,Agriculture,"Fishermen-coastal/deep-sea
",-,-
6128,2025-2026,Oct,GUJARAT,Agriculture,"Loggers and wood cutters
",414.08,361.43
6129,2025-2026,Oct,GUJARAT,Agriculture,"Animal husbandry workers (including poultry workers, dairy workers & herdsman)
",338.1,276.3
6130,2025-2026,Oct,GUJARAT,Agriculture,"Packaging labourers, agriculture
",357.06,347
6131,2025-2026,Oct,GUJARAT,Agriculture,"General agricultural labourers (including watering/irrigation workers, etc.)
",331.36,299.12
6132,2025-2026,Oct,GUJARAT,Agriculture,"Plant protection workers (applying pesticides, treating seeds, etc.
",358.97,321.67
6133,2024-2025,Oct,GUJARAT,Agriculture,"Ploughing/Tilling workers",344.83,288.00
6134,2024-2025,Oct,GUJARAT,Agriculture,"Sowing(including Planting/Transplanting/ Weeding) workers)
",305.17,294.66
6135,2024-2025,Oct,GUJARAT,Agriculture,"Harvesting/Winnowing/Threshing workers
",306.83,302.50
6136,2024-2025,Oct,GUJARAT,Agriculture,"Picking workers (including Tea, Cotton, Tobacco and other commercial crops)
",301.80,299.80
6137,2024-2025,Oct,GUJARAT,Agriculture,"Horticulture workers (including nursery growers)
",231.43,235.00
6138,2024-2025,Oct,GUJARAT,Agriculture,"Fishermen-inland
",@,-
6139,2024-2025,Oct,GUJARAT,Agriculture,"Fishermen-coastal/deep-sea
",-,-
6140,2024-2025,Oct,GUJARAT,Agriculture,"Loggers and wood cutters
",360.77,@
6141,2024-2025,Oct,GUJARAT,Agriculture,"Animal husbandry workers (including poultry workers, dairy workers & herdsman)
",258.64,@
6142,2024-2025,Oct,GUJARAT,Agriculture,"Packaging labourers, agriculture
",254.29,@
6143,2024-2025,Oct,GUJARAT,Agriculture,"General agricultural labourers (including watering/irrigation workers, etc.)
",281.84,273.82
6144,2024-2025,Oct,GUJARAT,Agriculture,"Plant protection workers (applying pesticides, treating seeds, etc.
",273.33,-
6145,2024-2025,Oct,HARYANA,Agriculture,"Ploughing/Tilling workers",508.50,@
6146,2024-2025,Oct,HARYANA,Agriculture,"Sowing(including Planting/Transplanting/ Weeding) workers)
",504.83,465.82
6147,2024-2025,Oct,HARYANA,Agriculture,"Harvesting/Winnowing/Threshing workers
",519.82,482.80
6148,2024-2025,Oct,HARYANA,Agriculture,"Picking workers (including Tea, Cotton, Tobacco and other commercial crops)
",510.00,500.00
6149,2024-2025,Oct,HARYANA,Agriculture,"Horticulture workers (including nursery growers)
",@,@
6150,2024-2025,Oct,HARYANA,Agriculture,"Fishermen-inland
",-,-
6151,2024-2025,Oct,HARYANA,Agriculture,"Fishermen-coastal/deep-sea
",-,-
6152,2024-2025,Oct,HARYANA,Agriculture,"Loggers and wood cutters
",514.00,-
6153,2024-2025,Oct,HARYANA,Agriculture,"Animal husbandry workers (including poultry workers, dairy workers & herdsman)
",490.00,@
6154,2024-2025,Oct,HARYANA,Agriculture,"Packaging labourers, agriculture
",@,@
6155,2024-2025,Oct,HARYANA,Agriculture,"General agricultural labourers (including watering/irrigation workers, etc.)
",509.00,453.00
6156,2024-2025,Oct,HARYANA,Agriculture,"Plant protection workers (applying pesticides, treating seeds, etc.
",519.75,-
6157,2025-2026,Oct,HARYANA,Agriculture,"Ploughing/Tilling workers",596.38,@
6158,2025-2026,Oct,HARYANA,Agriculture,"Sowing(including Planting/Transplanting/ Weeding) workers)
",614.48,542.5
6159,2025-2026,Oct,HARYANA,Agriculture,"Harvesting/Winnowing/Threshing workers
",558.5599999999999,434.4
6160,2025-2026,Oct,HARYANA,Agriculture,"Picking workers (including Tea, Cotton, Tobacco and other commercial crops)
",520,520
6161,2025-2026,Oct,HARYANA,Agriculture,"Horticulture workers (including nursery growers)
",@,@
6162,2025-2026,Oct,HARYANA,Agriculture,"Fishermen-inland
",-,-
6163,2025-2026,Oct,HARYANA,Agriculture,"Fishermen-coastal/deep-sea
",-,-
6164,2025-2026,Oct,HARYANA,Agriculture,"Loggers and wood cutters
",513.75,-
6165,2025-2026,Oct,HARYANA,Agriculture,"Animal husbandry workers (including poultry workers, dairy workers & herdsman)
",426.46,394.44
6166,2025-2026,Oct,HARYANA,Agriculture,"Packaging labourers, agriculture
",584,605.71
6167,2025-2026,Oct,HARYANA,Agriculture,"General agricultural labourers (including watering/irrigation workers, etc.)
",586.86,502.67
6168,2025-2026,Oct,HARYANA,Agriculture,"Plant protection workers (applying pesticides, treating seeds, etc.
",582.1,@
6169,2025-2026,Oct,"HIMACHAL PRADESH",Agriculture,"Ploughing/Tilling workers",766.67,@
6170,2025-2026,Oct,"HIMACHAL PRADESH",Agriculture,"Sowing(including Planting/Transplanting/ Weeding) workers)
",587.5,562.5
6171,2025-2026,Oct,"HIMACHAL PRADESH",Agriculture,"Harvesting/Winnowing/Threshing workers
",530,492.5
6172,2025-2026,Oct,"HIMACHAL PRADESH",Agriculture,"Picking workers (including Tea, Cotton, Tobacco and other commercial crops)
",-,-
6173,2025-2026,Oct,"HIMACHAL PRADESH",Agriculture,"Horticulture workers (including nursery growers)
",538,538
6174,2025-2026,Oct,"HIMACHAL PRADESH",Agriculture,"Fishermen-inland
",@,-
6175,2025-2026,Oct,"HIMACHAL PRADESH",Agriculture,"Fishermen-coastal/deep-sea
",-,-
6176,2025-2026,Oct,"HIMACHAL PRADESH",Agriculture,"Loggers and wood cutters
",648.75,@
6177,2025-2026,Oct,"HIMACHAL PRADESH",Agriculture,"Animal husbandry workers (including poultry workers, dairy workers & herdsman)
",@,@
6178,2025-2026,Oct,"HIMACHAL PRADESH",Agriculture,"Packaging labourers, agriculture
",@,@
6179,2025-2026,Oct,"HIMACHAL PRADESH",Agriculture,"General agricultural labourers (including watering/irrigation workers, etc.)
",520.91,523.75
6180,2025-2026,Oct,"HIMACHAL PRADESH",Agriculture,"Plant protection workers (applying pesticides, treating seeds, etc.
",691.67,@
6181,2024-2025,Oct,"HIMACHAL PRADESH",Agriculture,"Ploughing/Tilling workers",598.00,-
6182,2024-2025,Oct,"HIMACHAL PRADESH",Agriculture,"Sowing(including Planting/Transplanting/ Weeding) workers)
",493.33,@
6183,2024-2025,Oct,"HIMACHAL PRADESH",Agriculture,"Harvesting/Winnowing/Threshing workers
",498.00,@
6184,2024-2025,Oct,"HIMACHAL PRADESH",Agriculture,"Picking workers (including Tea, Cotton, Tobacco and other commercial crops)
",-,-
6185,2024-2025,Oct,"HIMACHAL PRADESH",Agriculture,"Horticulture workers (including nursery growers)
",476.00,@
6186,2024-2025,Oct,"HIMACHAL PRADESH",Agriculture,"Fishermen-inland
",-,-
6187,2024-2025,Oct,"HIMACHAL PRADESH",Agriculture,"Fishermen-coastal/deep-sea
",-,-
6188,2024-2025,Oct,"HIMACHAL PRADESH",Agriculture,"Loggers and wood cutters
",578.00,-
6189,2024-2025,Oct,"HIMACHAL PRADESH",Agriculture,"Animal husbandry workers (including poultry workers, dairy workers & herdsman)
",@,@
6190,2024-2025,Oct,"HIMACHAL PRADESH",Agriculture,"Packaging labourers, agriculture
",-,-
6191,2024-2025,Oct,"HIMACHAL PRADESH",Agriculture,"General agricultural labourers (including watering/irrigation workers, etc.)
",516.00,@
6192,2024-2025,Oct,"HIMACHAL PRADESH",Agriculture,"Plant protection workers (applying pesticides, treating seeds, etc.
",@,-
6193,2024-2025,Oct,"JAMMU & KASHMIR
",Agriculture,"Ploughing/Tilling workers",721.82,-
6194,2024-2025,Oct,"JAMMU & KASHMIR
",Agriculture,"Sowing(including Planting/Transplanting/ Weeding) workers)
",629.38,@
6195,2024-2025,Oct,"JAMMU & KASHMIR
",Agriculture,"Harvesting/Winnowing/Threshing workers
",642.31,@
6196,2024-2025,Oct,"JAMMU & KASHMIR
",Agriculture,"Picking workers (including Tea, Cotton, Tobacco and other commercial crops)
",@,-
6197,2024-2025,Oct,"JAMMU & KASHMIR
",Agriculture,"Horticulture workers (including nursery growers)
",620.00,-
6198,2024-2025,Oct,"JAMMU & KASHMIR
",Agriculture,"Fishermen-inland
",-,-
6199,2024-2025,Oct,"JAMMU & KASHMIR
",Agriculture,"Fishermen-coastal/deep-sea
",-,-
6200,2024-2025,Oct,"JAMMU & KASHMIR
",Agriculture,"Loggers and wood cutters
",637.00,-
6201,2024-2025,Oct,"JAMMU & KASHMIR
",Agriculture,"Animal husbandry workers (including poultry workers, dairy workers & herdsman)
",570.00,-
6202,2024-2025,Oct,"JAMMU & KASHMIR
",Agriculture,"Packaging labourers, agriculture
",654.29,-
6203,2024-2025,Oct,"JAMMU & KASHMIR
",Agriculture,"General agricultural labourers (including watering/irrigation workers, etc.)
",591.00,@
6204,2024-2025,Oct,"JAMMU & KASHMIR
",Agriculture,"Plant protection workers (applying pesticides, treating seeds, etc.
",@,-
6205,2025-2026,Oct,"JAMMU & KASHMIR
",Agriculture,"Ploughing/Tilling workers",740.45,-
6206,2025-2026,Oct,"JAMMU & KASHMIR
",Agriculture,"Sowing(including Planting/Transplanting/ Weeding) workers)
",667,@
6207,2025-2026,Oct,"JAMMU & KASHMIR
",Agriculture,"Harvesting/Winnowing/Threshing workers
",674.5,620
6208,2025-2026,Oct,"JAMMU & KASHMIR
",Agriculture,"Picking workers (including Tea, Cotton, Tobacco and other commercial crops)
",678.5700000000001,-
6209,2025-2026,Oct,"JAMMU & KASHMIR
",Agriculture,"Horticulture workers (including nursery growers)
",660.77,-
6210,2025-2026,Oct,"JAMMU & KASHMIR
",Agriculture,"Fishermen-inland
",-,-
6211,2025-2026,Oct,"JAMMU & KASHMIR
",Agriculture,"Fishermen-coastal/deep-sea
",-,-
6212,2025-2026,Oct,"JAMMU & KASHMIR
",Agriculture,"Loggers and wood cutters
",738,-
6213,2025-2026,Oct,"JAMMU & KASHMIR
",Agriculture,"Animal husbandry workers (including poultry workers, dairy workers & herdsman)
",447.44,-
6214,2025-2026,Oct,"JAMMU & KASHMIR
",Agriculture,"Packaging labourers, agriculture
",709.09,-
6215,2025-2026,Oct,"JAMMU & KASHMIR
",Agriculture,"General agricultural labourers (including watering/irrigation workers, etc.)
",583.33,-
6216,2025-2026,Oct,"JAMMU & KASHMIR
",Agriculture,"Plant protection workers (applying pesticides, treating seeds, etc.
",675,-
6217,2025-2026,Oct,KARNATAKA,Agriculture,"Ploughing/Tilling workers",622.3,@
6218,2025-2026,Oct,KARNATAKA,Agriculture,"Sowing(including Planting/Transplanting/ Weeding) workers)
",564.23,421.42
6219,2025-2026,Oct,KARNATAKA,Agriculture,"Harvesting/Winnowing/Threshing workers
",548.1799999999999,405.74
6220,2025-2026,Oct,KARNATAKA,Agriculture,"Picking workers (including Tea, Cotton, Tobacco and other commercial crops)
",486.43,347.14
6221,2025-2026,Oct,KARNATAKA,Agriculture,"Horticulture workers (including nursery growers)
",546.3,350.91
6222,2025-2026,Oct,KARNATAKA,Agriculture,"Fishermen-inland
",@,-
6223,2025-2026,Oct,KARNATAKA,Agriculture,"Fishermen-coastal/deep-sea
",-,-
6224,2025-2026,Oct,KARNATAKA,Agriculture,"Loggers and wood cutters
",621.98,-
6225,2025-2026,Oct,KARNATAKA,Agriculture,"Animal husbandry workers (including poultry workers, dairy workers & herdsman)
",533.08,@
6226,2025-2026,Oct,KARNATAKA,Agriculture,"Packaging labourers, agriculture
",501.25,392
6227,2025-2026,Oct,KARNATAKA,Agriculture,"General agricultural labourers (including watering/irrigation workers, etc.)
",518.24,398.77
6228,2025-2026,Oct,KARNATAKA,Agriculture,"Plant protection workers (applying pesticides, treating seeds, etc.
",485.94,409.57
6229,2024-2025,Oct,KARNATAKA,Agriculture,"Ploughing/Tilling workers",507.82,266.67
6230,2024-2025,Oct,KARNATAKA,Agriculture,"Sowing(including Planting/Transplanting/ Weeding) workers)
",462.00,339.64
6231,2024-2025,Oct,KARNATAKA,Agriculture,"Harvesting/Winnowing/Threshing workers
",459.33,322.67
6232,2024-2025,Oct,KARNATAKA,Agriculture,"Picking workers (including Tea, Cotton, Tobacco and other commercial crops)
",428.75,297.86
6233,2024-2025,Oct,KARNATAKA,Agriculture,"Horticulture workers (including nursery growers)
",485.38,362.00
6234,2024-2025,Oct,KARNATAKA,Agriculture,"Fishermen-inland
",@,-
6235,2024-2025,Oct,KARNATAKA,Agriculture,"Fishermen-coastal/deep-sea
",@,-
6236,2024-2025,Oct,KARNATAKA,Agriculture,"Loggers and wood cutters
",530.59,-
6237,2024-2025,Oct,KARNATAKA,Agriculture,"Animal husbandry workers (including poultry workers, dairy workers & herdsman)
",427.00,344.29
6238,2024-2025,Oct,KARNATAKA,Agriculture,"Packaging labourers, agriculture
",453.33,@
6239,2024-2025,Oct,KARNATAKA,Agriculture,"General agricultural labourers (including watering/irrigation workers, etc.)
",459.63,331.00
6240,2024-2025,Oct,KARNATAKA,Agriculture,"Plant protection workers (applying pesticides, treating seeds, etc.
",434.62,-
6241,2024-2025,Oct,KERALA,Agriculture,"Ploughing/Tilling workers",920.48,@
6242,2024-2025,Oct,KERALA,Agriculture,"Sowing(including Planting/Transplanting/ Weeding) workers)
",937.41,654.23
6243,2024-2025,Oct,KERALA,Agriculture,"Harvesting/Winnowing/Threshing workers
",794.00,666.25
6244,2024-2025,Oct,KERALA,Agriculture,"Picking workers (including Tea, Cotton, Tobacco and other commercial crops)
",-,@
6245,2024-2025,Oct,KERALA,Agriculture,"Horticulture workers (including nursery growers)
",@,@
6246,2024-2025,Oct,KERALA,Agriculture,"Fishermen-inland
",-,-
6247,2024-2025,Oct,KERALA,Agriculture,"Fishermen-coastal/deep-sea
",-,-
6248,2024-2025,Oct,KERALA,Agriculture,"Loggers and wood cutters
",1124.40,-
6249,2024-2025,Oct,KERALA,Agriculture,"Animal husbandry workers (including poultry workers, dairy workers & herdsman)
",655.37,-
6250,2024-2025,Oct,KERALA,Agriculture,"Packaging labourers, agriculture
",-,-
6251,2024-2025,Oct,KERALA,Agriculture,"General agricultural labourers (including watering/irrigation workers, etc.)
",873.21,627.50
6252,2024-2025,Oct,KERALA,Agriculture,"Plant protection workers (applying pesticides, treating seeds, etc.
",726.00,-
6253,2025-2026,Oct,KERALA,Agriculture,"Ploughing/Tilling workers",1033.33,-
6254,2025-2026,Oct,KERALA,Agriculture,"Sowing(including Planting/Transplanting/ Weeding) workers)
",871.15,645.83
6255,2025-2026,Oct,KERALA,Agriculture,"Harvesting/Winnowing/Threshing workers
",870.98,723.27
6256,2025-2026,Oct,KERALA,Agriculture,"Picking workers (including Tea, Cotton, Tobacco and other commercial crops)
",-,@
6257,2025-2026,Oct,KERALA,Agriculture,"Horticulture workers (including nursery growers)
",775,@
6258,2025-2026,Oct,KERALA,Agriculture,"Fishermen-inland
",-,-
6259,2025-2026,Oct,KERALA,Agriculture,"Fishermen-coastal/deep-sea
",-,-
6260,2025-2026,Oct,KERALA,Agriculture,"Loggers and wood cutters
",1055.56,-
6261,2025-2026,Oct,KERALA,Agriculture,"Animal husbandry workers (including poultry workers, dairy workers & herdsman)
",695.83,-
6262,2025-2026,Oct,KERALA,Agriculture,"Packaging labourers, agriculture
",902.5,693.75
6263,2025-2026,Oct,KERALA,Agriculture,"General agricultural labourers (including watering/irrigation workers, etc.)
",862.8099999999999,668.1799999999999
6264,2025-2026,Oct,KERALA,Agriculture,"Plant protection workers (applying pesticides, treating seeds, etc.
",841.76,@
6265,2025-2026,Oct,"MADHYA PRADESH",Agriculture,"Ploughing/Tilling workers",370.09,300
6266,2025-2026,Oct,"MADHYA PRADESH",Agriculture,"Sowing(including Planting/Transplanting/ Weeding) workers)
",360.87,303.03
6267,2025-2026,Oct,"MADHYA PRADESH",Agriculture,"Harvesting/Winnowing/Threshing workers
",356.78,305.33
6268,2025-2026,Oct,"MADHYA PRADESH",Agriculture,"Picking workers (including Tea, Cotton, Tobacco and other commercial crops)
",392.08,351.04
6269,2025-2026,Oct,"MADHYA PRADESH",Agriculture,"Horticulture workers (including nursery growers)
",300,283.33
6270,2025-2026,Oct,"MADHYA PRADESH",Agriculture,"Fishermen-inland
",-,-
6271,2025-2026,Oct,"MADHYA PRADESH",Agriculture,"Fishermen-coastal/deep-sea
",-,-
6272,2025-2026,Oct,"MADHYA PRADESH",Agriculture,"Loggers and wood cutters
",414.52,290
6273,2025-2026,Oct,"MADHYA PRADESH",Agriculture,"Animal husbandry workers (including poultry workers, dairy workers & herdsman)
",265,242.22
6274,2025-2026,Oct,"MADHYA PRADESH",Agriculture,"Packaging labourers, agriculture
",@,@
6275,2025-2026,Oct,"MADHYA PRADESH",Agriculture,"General agricultural labourers (including watering/irrigation workers, etc.)
",330.8,283.33
6276,2025-2026,Oct,"MADHYA PRADESH",Agriculture,"Plant protection workers (applying pesticides, treating seeds, etc.
",373.96,@
6277,2024-2025,Oct,"MADHYA PRADESH",Agriculture,"Ploughing/Tilling workers",305.98,244.29
6278,2024-2025,Oct,"MADHYA PRADESH",Agriculture,"Sowing(including Planting/Transplanting/ Weeding) workers)
",278.08,251.85
6279,2024-2025,Oct,"MADHYA PRADESH",Agriculture,"Harvesting/Winnowing/Threshing workers
",281.59,252.30
6280,2024-2025,Oct,"MADHYA PRADESH",Agriculture,"Picking workers (including Tea, Cotton, Tobacco and other commercial crops)
",275.56,252.86
6281,2024-2025,Oct,"MADHYA PRADESH",Agriculture,"Horticulture workers (including nursery growers)
",255.00,227.00
6282,2024-2025,Oct,"MADHYA PRADESH",Agriculture,"Fishermen-inland
",@,-
6283,2024-2025,Oct,"MADHYA PRADESH",Agriculture,"Fishermen-coastal/deep-sea
",-,-
6284,2024-2025,Oct,"MADHYA PRADESH",Agriculture,"Loggers and wood cutters
",259.05,@
6285,2024-2025,Oct,"MADHYA PRADESH",Agriculture,"Animal husbandry workers (including poultry workers, dairy workers & herdsman)
",230.48,202.50
6286,2024-2025,Oct,"MADHYA PRADESH",Agriculture,"Packaging labourers, agriculture
",224.38,203.12
6287,2024-2025,Oct,"MADHYA PRADESH",Agriculture,"General agricultural labourers (including watering/irrigation workers, etc.)
",257.39,222.10
6288,2024-2025,Oct,"MADHYA PRADESH",Agriculture,"Plant protection workers (applying pesticides, treating seeds, etc.
",280.94,240.00
6289,2024-2025,Oct,MAHARASHTRA,Agriculture,"Ploughing/Tilling workers",415.78,320.00
6290,2024-2025,Oct,MAHARASHTRA,Agriculture,"Sowing(including Planting/Transplanting/ Weeding) workers)
",393.74,287.09
6291,2024-2025,Oct,MAHARASHTRA,Agriculture,"Harvesting/Winnowing/Threshing workers
",406.94,293.94
6292,2024-2025,Oct,MAHARASHTRA,Agriculture,"Picking workers (including Tea, Cotton, Tobacco and other commercial crops)
",339.29,277.98
6293,2024-2025,Oct,MAHARASHTRA,Agriculture,"Horticulture workers (including nursery growers)
",389.17,280.83
6294,2024-2025,Oct,MAHARASHTRA,Agriculture,"Fishermen-inland
",@,-
6295,2024-2025,Oct,MAHARASHTRA,Agriculture,"Fishermen-coastal/deep-sea
",@,@
6296,2024-2025,Oct,MAHARASHTRA,Agriculture,"Loggers and wood cutters
",459.77,@
6297,2024-2025,Oct,MAHARASHTRA,Agriculture,"Animal husbandry workers (including poultry workers, dairy workers & herdsman)
",322.36,280.00
6298,2024-2025,Oct,MAHARASHTRA,Agriculture,"Packaging labourers, agriculture
",331.33,250.00
6299,2024-2025,Oct,MAHARASHTRA,Agriculture,"General agricultural labourers (including watering/irrigation workers, etc.)
",347.61,243.23
6300,2024-2025,Oct,MAHARASHTRA,Agriculture,"Plant protection workers (applying pesticides, treating seeds, etc.
",391.08,267.14
6301,2025-2026,Oct,MAHARASHTRA,Agriculture,"Ploughing/Tilling workers",424.44,320
6302,2025-2026,Oct,MAHARASHTRA,Agriculture,"Sowing(including Planting/Transplanting/ Weeding) workers)
",403.33,307.07
6303,2025-2026,Oct,MAHARASHTRA,Agriculture,"Harvesting/Winnowing/Threshing workers
",419.46,320
6304,2025-2026,Oct,MAHARASHTRA,Agriculture,"Picking workers (including Tea, Cotton, Tobacco and other commercial crops)
",380,312.5
6305,2025-2026,Oct,MAHARASHTRA,Agriculture,"Horticulture workers (including nursery growers)
",436.14,324.87
6306,2025-2026,Oct,MAHARASHTRA,Agriculture,"Fishermen-inland
",514.29,@
6307,2025-2026,Oct,MAHARASHTRA,Agriculture,"Fishermen-coastal/deep-sea
",-,-
6308,2025-2026,Oct,MAHARASHTRA,Agriculture,"Loggers and wood cutters
",500.71,@
6309,2025-2026,Oct,MAHARASHTRA,Agriculture,"Animal husbandry workers (including poultry workers, dairy workers & herdsman)
",327.55,304.17
6310,2025-2026,Oct,MAHARASHTRA,Agriculture,"Packaging labourers, agriculture
",386.36,310
6311,2025-2026,Oct,MAHARASHTRA,Agriculture,"General agricultural labourers (including watering/irrigation workers, etc.)
",368.52,252.78
6312,2025-2026,Oct,MAHARASHTRA,Agriculture,"Plant protection workers (applying pesticides, treating seeds, etc.
",466.59,344
6313,2025-2026,Oct,"MANIPUR
",Agriculture,"Ploughing/Tilling workers",636,@
6314,2025-2026,Oct,"MANIPUR
",Agriculture,"Sowing(including Planting/Transplanting/ Weeding) workers)
",635,525
6315,2025-2026,Oct,"MANIPUR
",Agriculture,"Harvesting/Winnowing/Threshing workers
",630,525
6316,2025-2026,Oct,"MANIPUR
",Agriculture,"Picking workers (including Tea, Cotton, Tobacco and other commercial crops)
",425,395
6317,2025-2026,Oct,"MANIPUR
",Agriculture,"Horticulture workers (including nursery growers)
",425,395
6318,2025-2026,Oct,"MANIPUR
",Agriculture,"Fishermen-inland
",390,360
6319,2025-2026,Oct,"MANIPUR
",Agriculture,"Fishermen-coastal/deep-sea
",-,-
6320,2025-2026,Oct,"MANIPUR
",Agriculture,"Loggers and wood cutters
",490,-
6321,2025-2026,Oct,"MANIPUR
",Agriculture,"Packaging labourers, agriculture
",-,-
6322,2025-2026,Oct,"MANIPUR
",Agriculture,"General agricultural labourers (including watering/irrigation workers, etc.)
",-,-
6323,2025-2026,Oct,"MANIPUR
",Agriculture,"Plant protection workers (applying pesticides, treating seeds, etc.
",650,650
6324,2024-2025,Oct,"MANIPUR
",Agriculture,"Ploughing/Tilling workers",351.43,-
6325,2024-2025,Oct,"MANIPUR
",Agriculture,"Sowing(including Planting/Transplanting/ Weeding) workers)
",333.89,309.38
6326,2024-2025,Oct,"MANIPUR
",Agriculture,"Harvesting/Winnowing/Threshing workers
",324.29,315.71
6327,2024-2025,Oct,"MANIPUR
",Agriculture,"Picking workers (including Tea, Cotton, Tobacco and other commercial crops)
",-,-
6328,2024-2025,Oct,"MANIPUR
",Agriculture,"Horticulture workers (including nursery growers)
",@,@
6329,2024-2025,Oct,"MANIPUR
",Agriculture,"Fishermen-inland
",-,-
6330,2024-2025,Oct,"MANIPUR
",Agriculture,"Fishermen-coastal/deep-sea
",-,-
6331,2024-2025,Oct,"MANIPUR
",Agriculture,"Loggers and wood cutters
",@,-
6332,2024-2025,Oct,"MANIPUR
",Agriculture,"Animal husbandry workers (including poultry workers, dairy workers & herdsman)
",330.00,-
6333,2024-2025,Oct,"MANIPUR
",Agriculture,"Packaging labourers, agriculture
",@,-
6334,2024-2025,Oct,"MANIPUR
",Agriculture,"General agricultural labourers (including watering/irrigation workers, etc.)
",@,-
6335,2024-2025,Oct,"MANIPUR
",Agriculture,"Plant protection workers (applying pesticides, treating seeds, etc.
",@,-
6336,2025-2026,Oct,"MANIPUR
",Agriculture,"Animal husbandry workers (including poultry workers, dairy workers & herdsman)
",425.00,415.00
6337,2025-2026,Oct,"MEGHALAYA
",Agriculture,"Animal husbandry workers (including poultry workers, dairy workers & herdsman)
",@,@
6338,2024-2025,Oct,"MEGHALAYA
",Agriculture,"Ploughing/Tilling workers",374.29,204.00
6339,2024-2025,Oct,"MEGHALAYA
",Agriculture,"Sowing(including Planting/Transplanting/ Weeding) workers)
",343.50,210.75
6340,2024-2025,Oct,"MEGHALAYA
",Agriculture,"Harvesting/Winnowing/Threshing workers
",349.33,197.17
6341,2024-2025,Oct,"MEGHALAYA
",Agriculture,"Picking workers (including Tea, Cotton, Tobacco and other commercial crops)
",@,@
6342,2024-2025,Oct,"MEGHALAYA
",Agriculture,"Horticulture workers (including nursery growers)
",@,@
6343,2024-2025,Oct,"MEGHALAYA
",Agriculture,"Fishermen-inland
",-,-
6344,2024-2025,Oct,"MEGHALAYA
",Agriculture,"Fishermen-coastal/deep-sea
",-,-
6345,2024-2025,Oct,"MEGHALAYA
",Agriculture,"Loggers and wood cutters
",@,-
6346,2024-2025,Oct,"MEGHALAYA
",Agriculture,"Animal husbandry workers (including poultry workers, dairy workers & herdsman)
",313.88,@
6347,2024-2025,Oct,"MEGHALAYA
",Agriculture,"Packaging labourers, agriculture
",@,-
6348,2024-2025,Oct,"MEGHALAYA
",Agriculture,"General agricultural labourers (including watering/irrigation workers, etc.)
",335.17,203.17
6349,2024-2025,Oct,"MEGHALAYA
",Agriculture,"Plant protection workers (applying pesticides, treating seeds, etc.
",-,-
6350,2025-2026,Oct,"MEGHALAYA
",Agriculture,"Ploughing/Tilling workers",411.43,@
6351,2025-2026,Oct,"MEGHALAYA
",Agriculture,"Sowing(including Planting/Transplanting/ Weeding) workers)
",473.57,316.43
6352,2025-2026,Oct,"MEGHALAYA
",Agriculture,"Harvesting/Winnowing/Threshing workers
",479.52,307.32
6353,2025-2026,Oct,"MEGHALAYA
",Agriculture,"Picking workers (including Tea, Cotton, Tobacco and other commercial crops)
",-,-
6354,2025-2026,Oct,"MEGHALAYA
",Agriculture,"Horticulture workers (including nursery growers)
",@,@
6355,2025-2026,Oct,"MEGHALAYA
",Agriculture,"Fishermen-inland
",-,-
6356,2025-2026,Oct,"MEGHALAYA
",Agriculture,"Fishermen-coastal/deep-sea
",-,-
6357,2025-2026,Oct,"MEGHALAYA
",Agriculture,"Loggers and wood cutters
",434.9,@
6358,2025-2026,Oct,"MEGHALAYA
",Agriculture,"Packaging labourers, agriculture
",-,-
6359,2025-2026,Oct,"MEGHALAYA
",Agriculture,"General agricultural labourers (including watering/irrigation workers, etc.)
",@,@
6360,2025-2026,Oct,"MEGHALAYA
",Agriculture,"Plant protection workers (applying pesticides, treating seeds, etc.
",-,-
6361,2025-2026,Oct,"ODISHA
",Agriculture,"Ploughing/Tilling workers",509.33,-
6362,2025-2026,Oct,"ODISHA
",Agriculture,"Sowing(including Planting/Transplanting/ Weeding) workers)
",478.76,396.57
6363,2025-2026,Oct,"ODISHA
",Agriculture,"Harvesting/Winnowing/Threshing workers
",398.72,315.38
6364,2025-2026,Oct,"ODISHA
",Agriculture,"Picking workers (including Tea, Cotton, Tobacco and other commercial crops)
",-,-
6365,2025-2026,Oct,"ODISHA
",Agriculture,"Horticulture workers (including nursery growers)
",369.8,300.48
6366,2025-2026,Oct,"ODISHA
",Agriculture,"Fishermen-inland
",384.38,-
6367,2025-2026,Oct,"ODISHA
",Agriculture,"Fishermen-coastal/deep-sea
",-,-
6368,2025-2026,Oct,"ODISHA
",Agriculture,"Loggers and wood cutters
",497.86,-
6369,2025-2026,Oct,"ODISHA
",Agriculture,"Packaging labourers, agriculture
",332.35,@
6370,2025-2026,Oct,"ODISHA
",Agriculture,"General agricultural labourers (including watering/irrigation workers, etc.)
",410,379.33
6371,2025-2026,Oct,"ODISHA
",Agriculture,"Plant protection workers (applying pesticides, treating seeds, etc.
",406.67,-
6372,2024-2025,Oct,"ODISHA
",Agriculture,"Ploughing/Tilling workers",374.49,309.64
6373,2024-2025,Oct,"ODISHA
",Agriculture,"Sowing(including Planting/Transplanting/ Weeding) workers)
",375.59,330.00
6374,2024-2025,Oct,"ODISHA
",Agriculture,"Harvesting/Winnowing/Threshing workers
",366.43,320.86
6375,2024-2025,Oct,"ODISHA
",Agriculture,"Picking workers (including Tea, Cotton, Tobacco and other commercial crops)
",@,@
6376,2024-2025,Oct,"ODISHA
",Agriculture,"Horticulture workers (including nursery growers)
",@,@
6377,2024-2025,Oct,"ODISHA
",Agriculture,"Fishermen-inland
",244.00,-
6378,2024-2025,Oct,"ODISHA
",Agriculture,"Fishermen-coastal/deep-sea
",@,-
6379,2024-2025,Oct,"ODISHA
",Agriculture,"Loggers and wood cutters
",322.62,-
6380,2024-2025,Oct,"ODISHA
",Agriculture,"Animal husbandry workers (including poultry workers, dairy workers & herdsman)
",260.67,191.25
6381,2024-2025,Oct,"ODISHA
",Agriculture,"Packaging labourers, agriculture
",@,-
6382,2024-2025,Oct,"ODISHA
",Agriculture,"General agricultural labourers (including watering/irrigation workers, etc.)
",365.08,316.34
6383,2024-2025,Oct,"ODISHA
",Agriculture,"Plant protection workers (applying pesticides, treating seeds, etc.
",277.78,@
6384,2025-2026,Oct,"ODISHA
",Agriculture,"Animal husbandry workers (including poultry workers, dairy workers & herdsman)
",348.89,304.00
6385,2025-2026,Oct,"PUNJAB
",Agriculture,"Animal husbandry workers (including poultry workers, dairy workers & herdsman)
",387.78,@
6386,2024-2025,Oct,"PUNJAB
",Agriculture,"Ploughing/Tilling workers",449.56,@
6387,2024-2025,Oct,"PUNJAB
",Agriculture,"Sowing(including Planting/Transplanting/ Weeding) workers)
",428.50,373.67
6388,2024-2025,Oct,"PUNJAB
",Agriculture,"Harvesting/Winnowing/Threshing workers
",442.91,@
6389,2024-2025,Oct,"PUNJAB
",Agriculture,"Picking workers (including Tea, Cotton, Tobacco and other commercial crops)
",384.00,@
6390,2024-2025,Oct,"PUNJAB
",Agriculture,"Horticulture workers (including nursery growers)
",@,-
6391,2024-2025,Oct,"PUNJAB
",Agriculture,"Fishermen-inland
",-,-
6392,2024-2025,Oct,"PUNJAB
",Agriculture,"Fishermen-coastal/deep-sea
",-,-
6393,2024-2025,Oct,"PUNJAB
",Agriculture,"Loggers and wood cutters
",@,-
6394,2024-2025,Oct,"PUNJAB
",Agriculture,"Animal husbandry workers (including poultry workers, dairy workers & herdsman)
",346.07,@
6395,2024-2025,Oct,"PUNJAB
",Agriculture,"Packaging labourers, agriculture
",403.33,@
6396,2024-2025,Oct,"PUNJAB
",Agriculture,"General agricultural labourers (including watering/irrigation workers, etc.)
",422.67,-
6397,2024-2025,Oct,"PUNJAB
",Agriculture,"Plant protection workers (applying pesticides, treating seeds, etc.
",414.29,-
6398,2025-2026,Oct,"PUNJAB
",Agriculture,"Ploughing/Tilling workers",475.45,@
6399,2025-2026,Oct,"PUNJAB
",Agriculture,"Sowing(including Planting/Transplanting/ Weeding) workers)
",473.64,407.5
6400,2025-2026,Oct,"PUNJAB
",Agriculture,"Harvesting/Winnowing/Threshing workers
",484.44,405.71
6401,2025-2026,Oct,"PUNJAB
",Agriculture,"Picking workers (including Tea, Cotton, Tobacco and other commercial crops)
",430,@
6402,2025-2026,Oct,"PUNJAB
",Agriculture,"Horticulture workers (including nursery growers)
",@,-
6403,2025-2026,Oct,"PUNJAB
",Agriculture,"Fishermen-inland
",-,-
6404,2025-2026,Oct,"PUNJAB
",Agriculture,"Fishermen-coastal/deep-sea
",-,-
6405,2025-2026,Oct,"PUNJAB
",Agriculture,"Loggers and wood cutters
",@,-
6406,2025-2026,Oct,"PUNJAB
",Agriculture,"Packaging labourers, agriculture
",450,-
6407,2025-2026,Oct,"PUNJAB
",Agriculture,"General agricultural labourers (including watering/irrigation workers, etc.)
",452,@
6408,2025-2026,Oct,"PUNJAB
",Agriculture,"Plant protection workers (applying pesticides, treating seeds, etc.
",475.79,-
6409,2025-2026,Oct,RAJASTHAN,Agriculture,"Ploughing/Tilling workers",530.63,@
6410,2025-2026,Oct,RAJASTHAN,Agriculture,"Sowing(including Planting/Transplanting/ Weeding) workers)
",461.61,370.4
6411,2025-2026,Oct,RAJASTHAN,Agriculture,"Harvesting/Winnowing/Threshing workers
",476.99,431.56
6412,2025-2026,Oct,RAJASTHAN,Agriculture,"Picking workers (including Tea, Cotton, Tobacco and other commercial crops)
",444,416.67
6413,2025-2026,Oct,RAJASTHAN,Agriculture,"Horticulture workers (including nursery growers)
",426,@
6414,2025-2026,Oct,RAJASTHAN,Agriculture,"Fishermen-inland
",-,-
6415,2025-2026,Oct,RAJASTHAN,Agriculture,"Fishermen-coastal/deep-sea
",-,-
6416,2025-2026,Oct,RAJASTHAN,Agriculture,"Loggers and wood cutters
",497.89,-
6417,2025-2026,Oct,RAJASTHAN,Agriculture,"Packaging labourers, agriculture
",397.86,@
6418,2025-2026,Oct,RAJASTHAN,Agriculture,"General agricultural labourers (including watering/irrigation workers, etc.)
",433.46,353.64
6419,2025-2026,Oct,RAJASTHAN,Agriculture,"Plant protection workers (applying pesticides, treating seeds, etc.
",472.44,-
6420,2024-2025,Oct,RAJASTHAN,Agriculture,"Ploughing/Tilling workers",405.00,@
6421,2024-2025,Oct,RAJASTHAN,Agriculture,"Sowing(including Planting/Transplanting/ Weeding) workers)
",405.00,373.75
6422,2024-2025,Oct,RAJASTHAN,Agriculture,"Harvesting/Winnowing/Threshing workers
",459.17,430.91
6423,2024-2025,Oct,RAJASTHAN,Agriculture,"Picking workers (including Tea, Cotton, Tobacco and other commercial crops)
",@,@
6424,2024-2025,Oct,RAJASTHAN,Agriculture,"Horticulture workers (including nursery growers)
",@,-
6425,2024-2025,Oct,RAJASTHAN,Agriculture,"Fishermen-inland
",-,-
6426,2024-2025,Oct,RAJASTHAN,Agriculture,"Fishermen-coastal/deep-sea
",-,-
6427,2024-2025,Oct,RAJASTHAN,Agriculture,"Loggers and wood cutters
",400.00,-
6428,2024-2025,Oct,RAJASTHAN,Agriculture,"Animal husbandry workers (including poultry workers, dairy workers & herdsman)
",@,@
6429,2024-2025,Oct,RAJASTHAN,Agriculture,"Packaging labourers, agriculture
",@,@
6430,2024-2025,Oct,RAJASTHAN,Agriculture,"General agricultural labourers (including watering/irrigation workers, etc.)
",408.75,363.08
6431,2024-2025,Oct,RAJASTHAN,Agriculture,"Plant protection workers (applying pesticides, treating seeds, etc.
",399.17,@
6432,2025-2026,Oct,RAJASTHAN,Agriculture,"Animal husbandry workers (including poultry workers, dairy workers & herdsman)
",411.67,@
6433,2025-2026,Oct,"TAMIL NADU",Agriculture,"Animal husbandry workers (including poultry workers, dairy workers & herdsman)
",603.90,361.90
6434,2024-2025,Oct,"TAMIL NADU",Agriculture,"Ploughing/Tilling workers",706.08,@
6435,2024-2025,Oct,"TAMIL NADU",Agriculture,"Sowing(including Planting/Transplanting/ Weeding) workers)
",585.95,397.36
6436,2024-2025,Oct,"TAMIL NADU",Agriculture,"Harvesting/Winnowing/Threshing workers
",585.28,396.14
6437,2024-2025,Oct,"TAMIL NADU",Agriculture,"Picking workers (including Tea, Cotton, Tobacco and other commercial crops)
",@,329.05
6438,2024-2025,Oct,"TAMIL NADU",Agriculture,"Horticulture workers (including nursery growers)
",@,@
6439,2024-2025,Oct,"TAMIL NADU",Agriculture,"Fishermen-inland
",-,-
6440,2024-2025,Oct,"TAMIL NADU",Agriculture,"Fishermen-coastal/deep-sea
",-,-
6441,2024-2025,Oct,"TAMIL NADU",Agriculture,"Loggers and wood cutters
",636.15,@
6442,2024-2025,Oct,"TAMIL NADU",Agriculture,"Animal husbandry workers (including poultry workers, dairy workers & herdsman)
",675.14,@
6443,2024-2025,Oct,"TAMIL NADU",Agriculture,"Packaging labourers, agriculture
",@,@
6444,2024-2025,Oct,"TAMIL NADU",Agriculture,"General agricultural labourers (including watering/irrigation workers, etc.)
",582.80,372.37
6445,2024-2025,Oct,"TAMIL NADU",Agriculture,"Plant protection workers (applying pesticides, treating seeds, etc.
",691.65,@
6446,2025-2026,Oct,"TAMIL NADU",Agriculture,"Ploughing/Tilling workers",751.67,@
6447,2025-2026,Oct,"TAMIL NADU",Agriculture,"Sowing(including Planting/Transplanting/ Weeding) workers)
",706.53,455.34
6448,2025-2026,Oct,"TAMIL NADU",Agriculture,"Harvesting/Winnowing/Threshing workers
",649.9299999999999,430.56
6449,2025-2026,Oct,"TAMIL NADU",Agriculture,"Picking workers (including Tea, Cotton, Tobacco and other commercial crops)
",@,520.71
6450,2025-2026,Oct,"TAMIL NADU",Agriculture,"Horticulture workers (including nursery growers)
",@,393.89
6451,2025-2026,Oct,"TAMIL NADU",Agriculture,"Fishermen-inland
",@,-
6452,2025-2026,Oct,"TAMIL NADU",Agriculture,"Fishermen-coastal/deep-sea
",-,-
6453,2025-2026,Oct,"TAMIL NADU",Agriculture,"Loggers and wood cutters
",733.15,-
6454,2025-2026,Oct,"TAMIL NADU",Agriculture,"Packaging labourers, agriculture
",@,@
6455,2025-2026,Oct,"TAMIL NADU",Agriculture,"General agricultural labourers (including watering/irrigation workers, etc.)
",626.13,381.01
6456,2025-2026,Oct,"TAMIL NADU",Agriculture,"Plant protection workers (applying pesticides, treating seeds, etc.
",899.05,-
6457,2025-2026,Oct,TRIPURA,Agriculture,"Ploughing/Tilling workers",520,-
6458,2025-2026,Oct,TRIPURA,Agriculture,"Sowing(including Planting/Transplanting/ Weeding) workers)
",520,-
6459,2025-2026,Oct,TRIPURA,Agriculture,"Harvesting/Winnowing/Threshing workers
",520,-
6460,2025-2026,Oct,TRIPURA,Agriculture,"Picking workers (including Tea, Cotton, Tobacco and other commercial crops)
",-,-
6461,2025-2026,Oct,TRIPURA,Agriculture,"Horticulture workers (including nursery growers)
",@,-
6462,2025-2026,Oct,TRIPURA,Agriculture,"Fishermen-inland
",-,-
6463,2025-2026,Oct,TRIPURA,Agriculture,"Fishermen-coastal/deep-sea
",-,-
6464,2025-2026,Oct,TRIPURA,Agriculture,"Loggers and wood cutters
",590,-
6465,2025-2026,Oct,TRIPURA,Agriculture,"Packaging labourers, agriculture
",-,-
6466,2025-2026,Oct,TRIPURA,Agriculture,"General agricultural labourers (including watering/irrigation workers, etc.)
",490,-
6467,2025-2026,Oct,TRIPURA,Agriculture,"Plant protection workers (applying pesticides, treating seeds, etc.
",-,-
6468,2024-2025,Oct,TRIPURA,Agriculture,"Ploughing/Tilling workers",420.00,-
6469,2024-2025,Oct,TRIPURA,Agriculture,"Sowing(including Planting/Transplanting/ Weeding) workers)
",420.00,-
6470,2024-2025,Oct,TRIPURA,Agriculture,"Harvesting/Winnowing/Threshing workers
",431.11,-
6471,2024-2025,Oct,TRIPURA,Agriculture,"Picking workers (including Tea, Cotton, Tobacco and other commercial crops)
",-,-
6472,2024-2025,Oct,TRIPURA,Agriculture,"Horticulture workers (including nursery growers)
",-,-
6473,2024-2025,Oct,TRIPURA,Agriculture,"Fishermen-inland
",-,-
6474,2024-2025,Oct,TRIPURA,Agriculture,"Fishermen-coastal/deep-sea
",-,-
6475,2024-2025,Oct,TRIPURA,Agriculture,"Loggers and wood cutters
",502.22,-
6476,2024-2025,Oct,TRIPURA,Agriculture,"Animal husbandry workers (including poultry workers, dairy workers & herdsman)
",320.00,-
6477,2024-2025,Oct,TRIPURA,Agriculture,"Packaging labourers, agriculture
",-,-
6478,2024-2025,Oct,TRIPURA,Agriculture,"General agricultural labourers (including watering/irrigation workers, etc.)
",401.11,-
6479,2024-2025,Oct,TRIPURA,Agriculture,"Plant protection workers (applying pesticides, treating seeds, etc.
",-,-
6480,2025-2026,Oct,TRIPURA,Agriculture,"Animal husbandry workers (including poultry workers, dairy workers & herdsman)
",420.00,-
6481,2025-2026,Oct,"UTTAR PRADESH",Agriculture,"Animal husbandry workers (including poultry workers, dairy workers & herdsman)
",408.50,415.00
6482,2024-2025,Oct,"UTTAR PRADESH",Agriculture,"Ploughing/Tilling workers",359.59,311.82
6483,2024-2025,Oct,"UTTAR PRADESH",Agriculture,"Sowing(including Planting/Transplanting/ Weeding) workers)
",371.73,327.98
6484,2024-2025,Oct,"UTTAR PRADESH",Agriculture,"Harvesting/Winnowing/Threshing workers
",381.07,338.16
6485,2024-2025,Oct,"UTTAR PRADESH",Agriculture,"Picking workers (including Tea, Cotton, Tobacco and other commercial crops)
",340.00,304.17
6486,2024-2025,Oct,"UTTAR PRADESH",Agriculture,"Horticulture workers (including nursery growers)
",@,@
6487,2024-2025,Oct,"UTTAR PRADESH",Agriculture,"Fishermen-inland
",-,-
6488,2024-2025,Oct,"UTTAR PRADESH",Agriculture,"Fishermen-coastal/deep-sea
",-,-
6489,2024-2025,Oct,"UTTAR PRADESH",Agriculture,"Loggers and wood cutters
",404.12,@
6490,2024-2025,Oct,"UTTAR PRADESH",Agriculture,"Animal husbandry workers (including poultry workers, dairy workers & herdsman)
",331.67,@
6491,2024-2025,Oct,"UTTAR PRADESH",Agriculture,"Packaging labourers, agriculture
",330.00,304.00
6492,2024-2025,Oct,"UTTAR PRADESH",Agriculture,"General agricultural labourers (including watering/irrigation workers, etc.)
",357.21,300.70
6493,2024-2025,Oct,"UTTAR PRADESH",Agriculture,"Plant protection workers (applying pesticides, treating seeds, etc.
",400.62,@
6494,2025-2026,Oct,"UTTAR PRADESH",Agriculture,"Ploughing/Tilling workers",438.06,456.36
6495,2025-2026,Oct,"UTTAR PRADESH",Agriculture,"Sowing(including Planting/Transplanting/ Weeding) workers)
",388.66,335
6496,2025-2026,Oct,"UTTAR PRADESH",Agriculture,"Harvesting/Winnowing/Threshing workers
",378.87,328.18
6497,2025-2026,Oct,"UTTAR PRADESH",Agriculture,"Picking workers (including Tea, Cotton, Tobacco and other commercial crops)
",340,290
6498,2025-2026,Oct,"UTTAR PRADESH",Agriculture,"Horticulture workers (including nursery growers)
",431.43,359.29
6499,2025-2026,Oct,"UTTAR PRADESH",Agriculture,"Fishermen-inland
",556.67,-
6500,2025-2026,Oct,"UTTAR PRADESH",Agriculture,"Fishermen-coastal/deep-sea
",-,-
6501,2025-2026,Oct,"UTTAR PRADESH",Agriculture,"Loggers and wood cutters
",522.3099999999999,-
6502,2025-2026,Oct,"UTTAR PRADESH",Agriculture,"Packaging labourers, agriculture
",421.05,377.5
6503,2025-2026,Oct,"UTTAR PRADESH",Agriculture,"General agricultural labourers (including watering/irrigation workers, etc.)
",396.74,335
6504,2025-2026,Oct,"UTTAR PRADESH",Agriculture,"Plant protection workers (applying pesticides, treating seeds, etc.
",494.44,@
6505,2025-2026,Oct,"WEST BENGAL",Agriculture,"Ploughing/Tilling workers",448.29,340.67
6506,2025-2026,Oct,"WEST BENGAL",Agriculture,"Sowing(including Planting/Transplanting/ Weeding) workers)
",394.41,359.54
6507,2025-2026,Oct,"WEST BENGAL",Agriculture,"Harvesting/Winnowing/Threshing workers
",407.48,373.17
6508,2025-2026,Oct,"WEST BENGAL",Agriculture,"Picking workers (including Tea, Cotton, Tobacco and other commercial crops)
",340.95,@
6509,2025-2026,Oct,"WEST BENGAL",Agriculture,"Horticulture workers (including nursery growers)
",368.2,309.71
6510,2025-2026,Oct,"WEST BENGAL",Agriculture,"Fishermen-inland
",596.85,-
6511,2025-2026,Oct,"WEST BENGAL",Agriculture,"Fishermen-coastal/deep-sea
",-,-
6512,2025-2026,Oct,"WEST BENGAL",Agriculture,"Loggers and wood cutters
",521.38,-
6513,2025-2026,Oct,"WEST BENGAL",Agriculture,"Packaging labourers, agriculture
",405.42,325.02
6514,2025-2026,Oct,"WEST BENGAL",Agriculture,"General agricultural labourers (including watering/irrigation workers, etc.)
",418.72,350
6515,2025-2026,Oct,"WEST BENGAL",Agriculture,"Plant protection workers (applying pesticides, treating seeds, etc.
",463.65,300.41
6516,2024-2025,Oct,"WEST BENGAL",Agriculture,"Ploughing/Tilling workers",438.52,@
6517,2024-2025,Oct,"WEST BENGAL",Agriculture,"Sowing(including Planting/Transplanting/ Weeding) workers)
",350.42,304.91
6518,2024-2025,Oct,"WEST BENGAL",Agriculture,"Harvesting/Winnowing/Threshing workers
",347.26,299.21
6519,2024-2025,Oct,"WEST BENGAL",Agriculture,"Picking workers (including Tea, Cotton, Tobacco and other commercial crops)
",-,@
6520,2024-2025,Oct,"WEST BENGAL",Agriculture,"Horticulture workers (including nursery growers)
",373.83,381.33
6521,2024-2025,Oct,"WEST BENGAL",Agriculture,"Fishermen-inland
",550.35,-
6522,2024-2025,Oct,"WEST BENGAL",Agriculture,"Fishermen-coastal/deep-sea
",@,-
6523,2024-2025,Oct,"WEST BENGAL",Agriculture,"Loggers and wood cutters
",480.03,-
6524,2024-2025,Oct,"WEST BENGAL",Agriculture,"Animal husbandry workers (including poultry workers, dairy workers & herdsman)
",309.85,274.44
6525,2024-2025,Oct,"WEST BENGAL",Agriculture,"Packaging labourers, agriculture
",406.90,@
6526,2024-2025,Oct,"WEST BENGAL",Agriculture,"General agricultural labourers (including watering/irrigation workers, etc.)
",348.70,325.89
6527,2024-2025,Oct,"WEST BENGAL",Agriculture,"Plant protection workers (applying pesticides, treating seeds, etc.
",435.21,275.12
6528,2025-2026,Oct,"WEST BENGAL",Agriculture,"Animal husbandry workers (including poultry workers, dairy workers & herdsman)
",370.87,@
6529,2025-2026,Oct,"Andaman and Nicobar Islands",Agriculture,"Ploughing/Tilling workers",680,680
6530,2025-2026,Oct,"Andaman and Nicobar Islands",Agriculture,"Sowing(including Planting/Transplanting/ Weeding) workers)
",800,800
6531,2025-2026,Oct,"Andaman and Nicobar Islands",Agriculture,"Harvesting/Winnowing/Threshing workers
",840,853.33
6532,2025-2026,Oct,"Andaman and Nicobar Islands",Agriculture,"Picking workers (including Tea, Cotton, Tobacco and other commercial crops)
",-,-
6533,2025-2026,Oct,"Andaman and Nicobar Islands",Agriculture,"Horticulture workers (including nursery growers)
",@,-
6534,2025-2026,Oct,"Andaman and Nicobar Islands",Agriculture,"Fishermen-inland
",-,-
6535,2025-2026,Oct,"Andaman and Nicobar Islands",Agriculture,"Fishermen-coastal/deep-sea
",822.86,-
6536,2025-2026,Oct,"Andaman and Nicobar Islands",Agriculture,"Loggers and wood cutters
",-,-
6537,2025-2026,Oct,"Andaman and Nicobar Islands",Agriculture,"Animal husbandry workers (including poultry workers, dairy workers & herdsman)
",638.1,-
6538,2025-2026,Oct,"Andaman and Nicobar Islands",Agriculture,"Packaging labourers, agriculture
",-,-
6539,2025-2026,Oct,"Andaman and Nicobar Islands",Agriculture,"General agricultural labourers (including watering/irrigation workers, etc.)
",-,-
6540,2025-2026,Oct,"Andaman and Nicobar Islands",Agriculture,"Plant protection workers (applying pesticides, treating seeds, etc.
",-,-
6541,2025-2026,Oct,"Arunachal Pradesh",Agriculture,"Ploughing/Tilling workers",521.4299999999999,420
6542,2025-2026,Oct,"Arunachal Pradesh",Agriculture,"Sowing(including Planting/Transplanting/ Weeding) workers)
",528.5700000000001,428.57
6543,2025-2026,Oct,"Arunachal Pradesh",Agriculture,"Harvesting/Winnowing/Threshing workers
",500,425
6544,2025-2026,Oct,"Arunachal Pradesh",Agriculture,"Picking workers (including Tea, Cotton, Tobacco and other commercial crops)
",450,356.25
6545,2025-2026,Oct,"Arunachal Pradesh",Agriculture,"Horticulture workers (including nursery growers)
",570,@
6546,2025-2026,Oct,"Arunachal Pradesh",Agriculture,"Fishermen-inland
",-,-
6547,2025-2026,Oct,"Arunachal Pradesh",Agriculture,"Fishermen-coastal/deep-sea
",-,-
6548,2025-2026,Oct,"Arunachal Pradesh",Agriculture,"Loggers and wood cutters
",614.29,-
6549,2025-2026,Oct,"Arunachal Pradesh",Agriculture,"Animal husbandry workers (including poultry workers, dairy workers & herdsman)
",@,@
6550,2025-2026,Oct,"Arunachal Pradesh",Agriculture,"Packaging labourers, agriculture
",@,@
6551,2025-2026,Oct,"Arunachal Pradesh",Agriculture,"General agricultural labourers (including watering/irrigation workers, etc.)
",471.43,@
6552,2025-2026,Oct,"Arunachal Pradesh",Agriculture,"Plant protection workers (applying pesticides, treating seeds, etc.
",514.29,-
6553,2025-2026,Oct,Chhattisgarh,Agriculture,"Ploughing/Tilling workers",361.76,292
6554,2025-2026,Oct,Chhattisgarh,Agriculture,"Sowing(including Planting/Transplanting/ Weeding) workers)
",328.15,250.37
6555,2025-2026,Oct,Chhattisgarh,Agriculture,"Harvesting/Winnowing/Threshing workers
",318.42,243.16
6556,2025-2026,Oct,Chhattisgarh,Agriculture,"Picking workers (including Tea, Cotton, Tobacco and other commercial crops)
",@,@
6557,2025-2026,Oct,Chhattisgarh,Agriculture,"Horticulture workers (including nursery growers)
",264.29,@
6558,2025-2026,Oct,Chhattisgarh,Agriculture,"Fishermen-inland
",@,-
6559,2025-2026,Oct,Chhattisgarh,Agriculture,"Fishermen-coastal/deep-sea
",-,-
6560,2025-2026,Oct,Chhattisgarh,Agriculture,"Loggers and wood cutters
",370,@
6561,2025-2026,Oct,Chhattisgarh,Agriculture,"Animal husbandry workers (including poultry workers, dairy workers & herdsman)
",319.09,225.38
6562,2025-2026,Oct,Chhattisgarh,Agriculture,"Packaging labourers, agriculture
",@,@
6563,2025-2026,Oct,Chhattisgarh,Agriculture,"General agricultural labourers (including watering/irrigation workers, etc.)
",280,228.33
6564,2025-2026,Oct,Chhattisgarh,Agriculture,"Plant protection workers (applying pesticides, treating seeds, etc.
",310,220
6565,2025-2026,Oct,"Daman and Diu, Dadra Nagar and Haveli",Agriculture,"Ploughing/Tilling workers",518.33,@
6566,2025-2026,Oct,"Daman and Diu, Dadra Nagar and Haveli",Agriculture,"Sowing(including Planting/Transplanting/ Weeding) workers)
",413.75,430
6567,2025-2026,Oct,"Daman and Diu, Dadra Nagar and Haveli",Agriculture,"Harvesting/Winnowing/Threshing workers
",418,433.75
6568,2025-2026,Oct,"Daman and Diu, Dadra Nagar and Haveli",Agriculture,"Picking workers (including Tea, Cotton, Tobacco and other commercial crops)
",-,-
6569,2025-2026,Oct,"Daman and Diu, Dadra Nagar and Haveli",Agriculture,"Horticulture workers (including nursery growers)
",@,-
6570,2025-2026,Oct,"Daman and Diu, Dadra Nagar and Haveli",Agriculture,"Fishermen-inland
",@,-
6571,2025-2026,Oct,"Daman and Diu, Dadra Nagar and Haveli",Agriculture,"Fishermen-coastal/deep-sea
",572,-
6572,2025-2026,Oct,"Daman and Diu, Dadra Nagar and Haveli",Agriculture,"Loggers and wood cutters
",520,-
6573,2025-2026,Oct,"Daman and Diu, Dadra Nagar and Haveli",Agriculture,"Animal husbandry workers (including poultry workers, dairy workers & herdsman)
",@,@
6574,2025-2026,Oct,"Daman and Diu, Dadra Nagar and Haveli",Agriculture,"Packaging labourers, agriculture
",@,@
6575,2025-2026,Oct,"Daman and Diu, Dadra Nagar and Haveli",Agriculture,"General agricultural labourers (including watering/irrigation workers, etc.)
",388.57,@
6576,2025-2026,Oct,"Daman and Diu, Dadra Nagar and Haveli",Agriculture,"Plant protection workers (applying pesticides, treating seeds, etc.
",@,-
6577,2025-2026,Oct,Delhi,Agriculture,"Ploughing/Tilling workers",712.5,-
6578,2025-2026,Oct,Delhi,Agriculture,"Sowing(including Planting/Transplanting/ Weeding) workers)
",525,-
6579,2025-2026,Oct,Delhi,Agriculture,"Harvesting/Winnowing/Threshing workers
",512.5,-
6580,2025-2026,Oct,Delhi,Agriculture,"Picking workers (including Tea, Cotton, Tobacco and other commercial crops)
",-,-
6581,2025-2026,Oct,Delhi,Agriculture,"Horticulture workers (including nursery growers)
",-,-
6582,2025-2026,Oct,Delhi,Agriculture,"Fishermen-inland
",-,-
6583,2025-2026,Oct,Delhi,Agriculture,"Fishermen-coastal/deep-sea
",-,-
6584,2025-2026,Oct,Delhi,Agriculture,"Loggers and wood cutters
",-,-
6585,2025-2026,Oct,Delhi,Agriculture,"Animal husbandry workers (including poultry workers, dairy workers & herdsman)
",-,-
6586,2025-2026,Oct,Delhi,Agriculture,"Packaging labourers, agriculture
",-,-
6587,2025-2026,Oct,Delhi,Agriculture,"General agricultural labourers (including watering/irrigation workers, etc.)
",-,-
6588,2025-2026,Oct,Delhi,Agriculture,"Plant protection workers (applying pesticides, treating seeds, etc.
",-,-
6589,2025-2026,Oct,Goa,Agriculture,"Ploughing/Tilling workers",650,-
6590,2025-2026,Oct,Goa,Agriculture,"Sowing(including Planting/Transplanting/ Weeding) workers)
",-,-
6591,2025-2026,Oct,Goa,Agriculture,"Harvesting/Winnowing/Threshing workers
",812.5,575
6592,2025-2026,Oct,Goa,Agriculture,"Picking workers (including Tea, Cotton, Tobacco and other commercial crops)
",575,387.5
6593,2025-2026,Oct,Goa,Agriculture,"Horticulture workers (including nursery growers)
",-,-
6594,2025-2026,Oct,Goa,Agriculture,"Fishermen-inland
",-,-
6595,2025-2026,Oct,Goa,Agriculture,"Fishermen-coastal/deep-sea
",-,-
6596,2025-2026,Oct,Goa,Agriculture,"Loggers and wood cutters
",-,-
6597,2025-2026,Oct,Goa,Agriculture,"Animal husbandry workers (including poultry workers, dairy workers & herdsman)
",-,-
6598,2025-2026,Oct,Goa,Agriculture,"Packaging labourers, agriculture
",-,-
6599,2025-2026,Oct,Goa,Agriculture,"General agricultural labourers (including watering/irrigation workers, etc.)
",575,400
6600,2025-2026,Oct,Goa,Agriculture,"Plant protection workers (applying pesticides, treating seeds, etc.
",437.5,-
6601,2025-2026,Oct,Jharkhand,Agriculture,"Ploughing/Tilling workers",386.25,@
6602,2025-2026,Oct,Jharkhand,Agriculture,"Sowing(including Planting/Transplanting/ Weeding) workers)
",350.59,322.5
6603,2025-2026,Oct,Jharkhand,Agriculture,"Harvesting/Winnowing/Threshing workers
",341.58,294.29
6604,2025-2026,Oct,Jharkhand,Agriculture,"Picking workers (including Tea, Cotton, Tobacco and other commercial crops)
",-,-
6605,2025-2026,Oct,Jharkhand,Agriculture,"Horticulture workers (including nursery growers)
",@,@
6606,2025-2026,Oct,Jharkhand,Agriculture,"Fishermen-inland
",477.33,-
6607,2025-2026,Oct,Jharkhand,Agriculture,"Fishermen-coastal/deep-sea
",-,-
6608,2025-2026,Oct,Jharkhand,Agriculture,"Loggers and wood cutters
",387.33,@
6609,2025-2026,Oct,Jharkhand,Agriculture,"Animal husbandry workers (including poultry workers, dairy workers & herdsman)
",338.89,-
6610,2025-2026,Oct,Jharkhand,Agriculture,"Packaging labourers, agriculture
",@,@
6611,2025-2026,Oct,Jharkhand,Agriculture,"General agricultural labourers (including watering/irrigation workers, etc.)
",314.39,293.53
6612,2025-2026,Oct,Jharkhand,Agriculture,"Plant protection workers (applying pesticides, treating seeds, etc.
",387.88,@
6613,2025-2026,Oct,Lakshadweep,Agriculture,"Ploughing/Tilling workers",@,-
6614,2025-2026,Oct,Lakshadweep,Agriculture,"Sowing(including Planting/Transplanting/ Weeding) workers)
",-,-
6615,2025-2026,Oct,Lakshadweep,Agriculture,"Harvesting/Winnowing/Threshing workers
",873.4,-
6616,2025-2026,Oct,Lakshadweep,Agriculture,"Picking workers (including Tea, Cotton, Tobacco and other commercial crops)
",-,-
6617,2025-2026,Oct,Lakshadweep,Agriculture,"Horticulture workers (including nursery growers)
",-,-
6618,2025-2026,Oct,Lakshadweep,Agriculture,"Fishermen-inland
",-,-
6619,2025-2026,Oct,Lakshadweep,Agriculture,"Fishermen-coastal/deep-sea
",782,-
6620,2025-2026,Oct,Lakshadweep,Agriculture,"Loggers and wood cutters
",431,-
6621,2025-2026,Oct,Lakshadweep,Agriculture,"Animal husbandry workers (including poultry workers, dairy workers & herdsman)
",550,-
6622,2025-2026,Oct,Lakshadweep,Agriculture,"Packaging labourers, agriculture
",-,-
6623,2025-2026,Oct,Lakshadweep,Agriculture,"General agricultural labourers (including watering/irrigation workers, etc.)
",-,-
6624,2025-2026,Oct,Lakshadweep,Agriculture,"Plant protection workers (applying pesticides, treating seeds, etc.
",-,-
6625,2025-2026,Oct,Mizoram,Agriculture,"Ploughing/Tilling workers",587.5,487.5
6626,2025-2026,Oct,Mizoram,Agriculture,"Sowing(including Planting/Transplanting/ Weeding) workers)
",587.5,487.5
6627,2025-2026,Oct,Mizoram,Agriculture,"Harvesting/Winnowing/Threshing workers
",587.5,487.5
6628,2025-2026,Oct,Mizoram,Agriculture,"Picking workers (including Tea, Cotton, Tobacco and other commercial crops)
",587.5,487.5
6629,2025-2026,Oct,Mizoram,Agriculture,"Horticulture workers (including nursery growers)
",587.5,503.75
6630,2025-2026,Oct,Mizoram,Agriculture,"Fishermen-inland
",587.5,-
6631,2025-2026,Oct,Mizoram,Agriculture,"Fishermen-coastal/deep-sea
",-,-
6632,2025-2026,Oct,Mizoram,Agriculture,"Loggers and wood cutters
",818.75,-
6633,2025-2026,Oct,Mizoram,Agriculture,"Packaging labourers, agriculture
",575,468.75
6634,2025-2026,Oct,Mizoram,Agriculture,"General agricultural labourers (including watering/irrigation workers, etc.)
",587.5,487.5
6635,2025-2026,Oct,Mizoram,Agriculture,"Plant protection workers (applying pesticides, treating seeds, etc.
",587.5,487.5
6636,2025-2026,Oct,Mizoram,Agriculture,"Animal husbandry workers (including poultry workers, dairy workers & herdsman)
",587.50,500.00
6637,2025-2026,Oct,Nagaland,Agriculture,"Animal husbandry workers (including poultry workers, dairy workers & herdsman)
",@,-
6638,2025-2026,Oct,Nagaland,Agriculture,"Ploughing/Tilling workers",483.33,416.67
6639,2025-2026,Oct,Nagaland,Agriculture,"Sowing(including Planting/Transplanting/ Weeding) workers)
",483.33,416.67
6640,2025-2026,Oct,Nagaland,Agriculture,"Harvesting/Winnowing/Threshing workers
",517.26,445.54
6641,2025-2026,Oct,Nagaland,Agriculture,"Picking workers (including Tea, Cotton, Tobacco and other commercial crops)
",@,@
6642,2025-2026,Oct,Nagaland,Agriculture,"Horticulture workers (including nursery growers)
",553.4,483.67
6643,2025-2026,Oct,Nagaland,Agriculture,"Fishermen-inland
",@,-
6644,2025-2026,Oct,Nagaland,Agriculture,"Fishermen-coastal/deep-sea
",-,-
6645,2025-2026,Oct,Nagaland,Agriculture,"Loggers and wood cutters
",937.5,-
6646,2025-2026,Oct,Nagaland,Agriculture,"Packaging labourers, agriculture
",@,@
6647,2025-2026,Oct,Nagaland,Agriculture,"General agricultural labourers (including watering/irrigation workers, etc.)
",@,@
6648,2025-2026,Oct,Nagaland,Agriculture,"Plant protection workers (applying pesticides, treating seeds, etc.
",673.21,-
6649,2025-2026,Oct,Puducerry,Agriculture,"Ploughing/Tilling workers",-,-
6650,2025-2026,Oct,Puducerry,Agriculture,"Sowing(including Planting/Transplanting/ Weeding) workers)
",858.75,448.57
6651,2025-2026,Oct,Puducerry,Agriculture,"Harvesting/Winnowing/Threshing workers
",966.25,492
6652,2025-2026,Oct,Puducerry,Agriculture,"Picking workers (including Tea, Cotton, Tobacco and other commercial crops)
",-,333.33
6653,2025-2026,Oct,Puducerry,Agriculture,"Horticulture workers (including nursery growers)
",-,-
6654,2025-2026,Oct,Puducerry,Agriculture,"Fishermen-inland
",-,-
6655,2025-2026,Oct,Puducerry,Agriculture,"Fishermen-coastal/deep-sea
",-,-
6656,2025-2026,Oct,Puducerry,Agriculture,"Loggers and wood cutters
",906.25,-
6657,2025-2026,Oct,Puducerry,Agriculture,"Packaging labourers, agriculture
",602.67,302.4
6658,2025-2026,Oct,Puducerry,Agriculture,"General agricultural labourers (including watering/irrigation workers, etc.)
",691.67,352
6659,2025-2026,Oct,Puducerry,Agriculture,"Plant protection workers (applying pesticides, treating seeds, etc.
",615,@
6660,2025-2026,Oct,Puducerry,Agriculture,"Animal husbandry workers (including poultry workers, dairy workers & herdsman)
",-,-
6661,2025-2026,Oct,Sikkim,Agriculture,"Animal husbandry workers (including poultry workers, dairy workers & herdsman)
",-,-
6662,2025-2026,Oct,Sikkim,Agriculture,"Ploughing/Tilling workers",1511.31,-
6663,2025-2026,Oct,Sikkim,Agriculture,"Sowing(including Planting/Transplanting/ Weeding) workers)
",576.1900000000001,514.29
6664,2025-2026,Oct,Sikkim,Agriculture,"Harvesting/Winnowing/Threshing workers
",478.57,478.57
6665,2025-2026,Oct,Sikkim,Agriculture,"Picking workers (including Tea, Cotton, Tobacco and other commercial crops)
",-,-
6666,2025-2026,Oct,Sikkim,Agriculture,"Horticulture workers (including nursery growers)
",464.76,476.19
6667,2025-2026,Oct,Sikkim,Agriculture,"Fishermen-inland
",-,-
6668,2025-2026,Oct,Sikkim,Agriculture,"Fishermen-coastal/deep-sea
",-,-
6669,2025-2026,Oct,Sikkim,Agriculture,"Loggers and wood cutters
",841.0700000000001,-
6670,2025-2026,Oct,Sikkim,Agriculture,"Packaging labourers, agriculture
",-,-
6671,2025-2026,Oct,Sikkim,Agriculture,"General agricultural labourers (including watering/irrigation workers, etc.)
",471.43,@
6672,2025-2026,Oct,Sikkim,Agriculture,"Plant protection workers (applying pesticides, treating seeds, etc.
",-,-
6673,2025-2026,Oct,Telangana,Agriculture,"Ploughing/Tilling workers",666.54,@
6674,2025-2026,Oct,Telangana,Agriculture,"Sowing(including Planting/Transplanting/ Weeding) workers)
",562.22,371.15
6675,2025-2026,Oct,Telangana,Agriculture,"Harvesting/Winnowing/Threshing workers
",614.74,412
6676,2025-2026,Oct,Telangana,Agriculture,"Picking workers (including Tea, Cotton, Tobacco and other commercial crops)
",447.14,338.5
6677,2025-2026,Oct,Telangana,Agriculture,"Horticulture workers (including nursery growers)
",@,335.71
6678,2025-2026,Oct,Telangana,Agriculture,"Fishermen-inland
",-,-
6679,2025-2026,Oct,Telangana,Agriculture,"Fishermen-coastal/deep-sea
",-,-
6680,2025-2026,Oct,Telangana,Agriculture,"Loggers and wood cutters
",383.33,-
6681,2025-2026,Oct,Telangana,Agriculture,"Packaging labourers, agriculture
",@,-
6682,2025-2026,Oct,Telangana,Agriculture,"General agricultural labourers (including watering/irrigation workers, etc.)
",405.86,350.87
6683,2025-2026,Oct,Telangana,Agriculture,"Plant protection workers (applying pesticides, treating seeds, etc.
",400,-
6684,2025-2026,Oct,Telangana,Agriculture,"Animal husbandry workers (including poultry workers, dairy workers & herdsman)
",315.56,-
6685,2025-2026,Oct,Uttarakhand,Agriculture,"Animal husbandry workers (including poultry workers, dairy workers & herdsman)
",433.33,@
6686,2025-2026,Oct,Uttarakhand,Agriculture,"Ploughing/Tilling workers",@,@
6687,2025-2026,Oct,Uttarakhand,Agriculture,"Sowing(including Planting/Transplanting/ Weeding) workers)
",537.5,485.71
6688,2025-2026,Oct,Uttarakhand,Agriculture,"Harvesting/Winnowing/Threshing workers
",516.67,520
6689,2025-2026,Oct,Uttarakhand,Agriculture,"Picking workers (including Tea, Cotton, Tobacco and other commercial crops)
",-,-
6690,2025-2026,Oct,Uttarakhand,Agriculture,"Horticulture workers (including nursery growers)
",@,@
6691,2025-2026,Oct,Uttarakhand,Agriculture,"Fishermen-inland
",-,-
6692,2025-2026,Oct,Uttarakhand,Agriculture,"Fishermen-coastal/deep-sea
",-,-
6693,2025-2026,Oct,Uttarakhand,Agriculture,"Loggers and wood cutters
",606.25,-
6694,2025-2026,Oct,Uttarakhand,Agriculture,"Packaging labourers, agriculture
",@,-
6695,2025-2026,Oct,Uttarakhand,Agriculture,"General agricultural labourers (including watering/irrigation workers, etc.)
",487.5,360
6696,2025-2026,Oct,Uttarakhand,Agriculture,"Plant protection workers (applying pesticides, treating seeds, etc.
",@,-
6697,2025-2026,Oct,"All India",Agriculture,"Ploughing/Tilling workers",535.36,402.72
6698,2025-2026,Oct,"All India",Agriculture,"Sowing(including Planting/Transplanting/ Weeding) workers)
",473.97,382.09
6699,2025-2026,Oct,"All India",Agriculture,"Harvesting/Winnowing/Threshing workers
",480.14,386.61
6700,2025-2026,Oct,"All India",Agriculture,"Picking workers (including Tea, Cotton, Tobacco and other commercial crops)
",441.79,372.54
6701,2025-2026,Oct,"All India",Agriculture,"Horticulture workers (including nursery growers)
",461.25,370.36
6702,2025-2026,Oct,"All India",Agriculture,"Fishermen-inland
",503.48,338.24
6703,2025-2026,Oct,"All India",Agriculture,"Fishermen-coastal/deep-sea
",737.06,-
6704,2025-2026,Oct,"All India",Agriculture,"Loggers and wood cutters
",563.05,340.16
6705,2025-2026,Oct,"All India",Agriculture,"Animal husbandry workers (including poultry workers, dairy workers & herdsman)
",404.83,346.49
6706,2025-2026,Oct,"All India",Agriculture,"Packaging labourers, agriculture
",462.42,392.01
6707,2025-2026,Oct,"All India",Agriculture,"General agricultural labourers (including watering/irrigation workers, etc.)
",448.05,365.92
6708,2025-2026,Oct,"All India",Agriculture,"Plant protection workers (applying pesticides, treating seeds, etc.
",500.65,397.75
6709,2024-2025,Oct,"All India",Agriculture,"Ploughing/Tilling workers",444.45,312.14
6710,2024-2025,Oct,"All India",Agriculture,"Sowing(including Planting/Transplanting/ Weeding) workers)
",407.04,338.79
6711,2024-2025,Oct,"All India",Agriculture,"Harvesting/Winnowing/Threshing workers
",401.73,337.15
6712,2024-2025,Oct,"All India",Agriculture,"Picking workers (including Tea, Cotton, Tobacco and other commercial crops)
",369.47,327.89
6713,2024-2025,Oct,"All India",Agriculture,"Horticulture workers (including nursery growers)
",402.79,312.63
6714,2024-2025,Oct,"All India",Agriculture,"Fishermen-inland
",455.20,@
6715,2024-2025,Oct,"All India",Agriculture,"Fishermen-coastal/deep-sea
",454.00,@
6716,2024-2025,Oct,"All India",Agriculture,"Loggers and wood cutters
",494.62,305.76
6717,2024-2025,Oct,"All India",Agriculture,"Animal husbandry workers (including poultry workers, dairy workers & herdsman)
",326.73,261.31
6718,2024-2025,Oct,"All India",Agriculture,"Packaging labourers, agriculture
",371.70,314.48
6719,2024-2025,Oct,"All India",Agriculture,"General agricultural labourers (including watering/irrigation workers, etc.)
",400.21,316.21
6720,2024-2025,Oct,"All India",Agriculture,"Plant protection workers (applying pesticides, treating seeds, etc.
",443.24,298.17
6721,2024-2025,Nov,"ANDHRA PRADESH",Agriculture,"Ploughing/Tilling workers",640.88,@
6722,2024-2025,Nov,"ANDHRA PRADESH",Agriculture,"Sowing(including Planting/Transplanting/ Weeding) workers)
",534.12,412.03
6723,2024-2025,Nov,"ANDHRA PRADESH",Agriculture,"Harvesting/Winnowing/Threshing workers
",544.11,406.52
6724,2024-2025,Nov,"ANDHRA PRADESH",Agriculture,"Picking workers (including Tea, Cotton, Tobacco and other commercial crops)
",448.00,381.35
6725,2024-2025,Nov,"ANDHRA PRADESH",Agriculture,"Horticulture workers (including nursery growers)
",@,316.00
6726,2024-2025,Nov,"ANDHRA PRADESH",Agriculture,"Fishermen-inland
",@,@
6727,2024-2025,Nov,"ANDHRA PRADESH",Agriculture,"Fishermen-coastal/deep-sea
",-,-
6728,2024-2025,Nov,"ANDHRA PRADESH",Agriculture,"Loggers and wood cutters
",513.68,-
6729,2024-2025,Nov,"ANDHRA PRADESH",Agriculture,"Animal husbandry workers (including poultry workers, dairy workers & herdsman)
",344.62,@
6730,2024-2025,Nov,"ANDHRA PRADESH",Agriculture,"Packaging labourers, agriculture
",@,@
6731,2024-2025,Nov,"ANDHRA PRADESH",Agriculture,"General agricultural labourers (including watering/irrigation workers, etc.)
",465.76,339.51
6732,2024-2025,Nov,"ANDHRA PRADESH",Agriculture,"Plant protection workers (applying pesticides, treating seeds, etc.
",706.52,@
6733,2025-2026,Nov,"ANDHRA PRADESH",Agriculture,"Ploughing/Tilling workers",691.65,@
6734,2025-2026,Nov,"ANDHRA PRADESH",Agriculture,"Sowing(including Planting/Transplanting/ Weeding) workers)
",615.29,445.88
6735,2025-2026,Nov,"ANDHRA PRADESH",Agriculture,"Harvesting/Winnowing/Threshing workers
",605.1799999999999,403.29
6736,2025-2026,Nov,"ANDHRA PRADESH",Agriculture,"Picking workers (including Tea, Cotton, Tobacco and other commercial crops)
",479.71,431.75
6737,2025-2026,Nov,"ANDHRA PRADESH",Agriculture,"Horticulture workers (including nursery growers)
",583.36,444.95
6738,2025-2026,Nov,"ANDHRA PRADESH",Agriculture,"Fishermen-inland
",@,-
6739,2025-2026,Nov,"ANDHRA PRADESH",Agriculture,"Fishermen-coastal/deep-sea
",-,-
6740,2025-2026,Nov,"ANDHRA PRADESH",Agriculture,"Loggers and wood cutters
",631.15,-
6741,2025-2026,Nov,"ANDHRA PRADESH",Agriculture,"Animal husbandry workers (including poultry workers, dairy workers & herdsman)
",@,@
6742,2025-2026,Nov,"ANDHRA PRADESH",Agriculture,"Packaging labourers, agriculture
",@,@
6743,2025-2026,Nov,"ANDHRA PRADESH",Agriculture,"General agricultural labourers (including watering/irrigation workers, etc.)
",594,439.12
6744,2025-2026,Nov,"ANDHRA PRADESH",Agriculture,"Plant protection workers (applying pesticides, treating seeds, etc.
",890.97,-
6745,2025-2026,Nov,ASSAM,Agriculture,"Animal husbandry workers (including poultry workers, dairy workers & herdsman)
",444.35,440.83
6746,2025-2026,Nov,ASSAM,Agriculture,"Packaging labourers, agriculture
",@,@
6747,2025-2026,Nov,ASSAM,Agriculture,"General agricultural labourers (including watering/irrigation workers, etc.)
",393.84,358.13
6748,2025-2026,Nov,ASSAM,Agriculture,"Plant protection workers (applying pesticides, treating seeds, etc.
",435,@
6749,2024-2025,Nov,ASSAM,Agriculture,"Ploughing/Tilling workers",446.54,@
6750,2024-2025,Nov,ASSAM,Agriculture,"Sowing(including Planting/Transplanting/ Weeding) workers)
",418.47,338.52
6751,2024-2025,Nov,ASSAM,Agriculture,"Harvesting/Winnowing/Threshing workers
",405.10,319.44
6752,2024-2025,Nov,ASSAM,Agriculture,"Picking workers (including Tea, Cotton, Tobacco and other commercial crops)
",@,@
6753,2024-2025,Nov,ASSAM,Agriculture,"Horticulture workers (including nursery growers)
",-,342.22
6754,2024-2025,Nov,ASSAM,Agriculture,"Fishermen-inland
",-,-
6755,2024-2025,Nov,ASSAM,Agriculture,"Fishermen-coastal/deep-sea
",-,-
6756,2024-2025,Nov,ASSAM,Agriculture,"Loggers and wood cutters
",383.00,-
6757,2024-2025,Nov,ASSAM,Agriculture,"Animal husbandry workers (including poultry workers, dairy workers & herdsman)
",298.33,-
6758,2024-2025,Nov,ASSAM,Agriculture,"Packaging labourers, agriculture
",374.00,@
6759,2024-2025,Nov,ASSAM,Agriculture,"General agricultural labourers (including watering/irrigation workers, etc.)
",387.89,339.67
6760,2024-2025,Nov,ASSAM,Agriculture,"Plant protection workers (applying pesticides, treating seeds, etc.
",@,@
6761,2025-2026,Nov,ASSAM,Agriculture,"Ploughing/Tilling workers",511.13,@
6762,2025-2026,Nov,ASSAM,Agriculture,"Sowing(including Planting/Transplanting/ Weeding) workers)
",409.9,372.38
6763,2025-2026,Nov,ASSAM,Agriculture,"Harvesting/Winnowing/Threshing workers
",447.35,382.05
6764,2025-2026,Nov,ASSAM,Agriculture,"Picking workers (including Tea, Cotton, Tobacco and other commercial crops)
",@,@
6765,2025-2026,Nov,ASSAM,Agriculture,"Horticulture workers (including nursery growers)
",432.85,340
6766,2025-2026,Nov,ASSAM,Agriculture,"Fishermen-inland
",502.38,-
6767,2025-2026,Nov,ASSAM,Agriculture,"Fishermen-coastal/deep-sea
",-,-
6768,2025-2026,Nov,ASSAM,Agriculture,"Loggers and wood cutters
",467.46,-
6769,2025-2026,Nov,BIHAR,Agriculture,"Ploughing/Tilling workers",436.01,320
6770,2025-2026,Nov,BIHAR,Agriculture,"Sowing(including Planting/Transplanting/ Weeding) workers)
",384.69,325.67
6771,2025-2026,Nov,BIHAR,Agriculture,"Harvesting/Winnowing/Threshing workers
",386.7,323.47
6772,2025-2026,Nov,BIHAR,Agriculture,"Picking workers (including Tea, Cotton, Tobacco and other commercial crops)
",@,@
6773,2025-2026,Nov,BIHAR,Agriculture,"Horticulture workers (including nursery growers)
",344.44,287.5
6774,2025-2026,Nov,BIHAR,Agriculture,"Fishermen-inland
",450,-
6775,2025-2026,Nov,BIHAR,Agriculture,"Fishermen-coastal/deep-sea
",-,-
6776,2025-2026,Nov,BIHAR,Agriculture,"Loggers and wood cutters
",528.88,-
6777,2025-2026,Nov,BIHAR,Agriculture,"Animal husbandry workers (including poultry workers, dairy workers & herdsman)
",376.29,@
6778,2025-2026,Nov,BIHAR,Agriculture,"Packaging labourers, agriculture
",338.89,265
6779,2025-2026,Nov,BIHAR,Agriculture,"General agricultural labourers (including watering/irrigation workers, etc.)
",377.98,287.5
6780,2025-2026,Nov,BIHAR,Agriculture,"Plant protection workers (applying pesticides, treating seeds, etc.
",384.69,282.14
6781,2024-2025,Nov,BIHAR,Agriculture,"Ploughing/Tilling workers",413.98,-
6782,2024-2025,Nov,BIHAR,Agriculture,"Sowing(including Planting/Transplanting/ Weeding) workers)
",396.69,336.96
6783,2024-2025,Nov,BIHAR,Agriculture,"Harvesting/Winnowing/Threshing workers
",378.81,340.31
6784,2024-2025,Nov,BIHAR,Agriculture,"Picking workers (including Tea, Cotton, Tobacco and other commercial crops)
",360.90,@
6785,2024-2025,Nov,BIHAR,Agriculture,"Horticulture workers (including nursery growers)
",296.17,264.52
6786,2024-2025,Nov,BIHAR,Agriculture,"Fishermen-inland
",365.33,-
6787,2024-2025,Nov,BIHAR,Agriculture,"Fishermen-coastal/deep-sea
",-,-
6788,2024-2025,Nov,BIHAR,Agriculture,"Loggers and wood cutters
",482.01,-
6789,2024-2025,Nov,BIHAR,Agriculture,"Animal husbandry workers (including poultry workers, dairy workers & herdsman)
",307.72,301.67
6790,2024-2025,Nov,BIHAR,Agriculture,"Packaging labourers, agriculture
",325.00,323.33
6791,2024-2025,Nov,BIHAR,Agriculture,"General agricultural labourers (including watering/irrigation workers, etc.)
",363.12,327.83
6792,2024-2025,Nov,BIHAR,Agriculture,"Plant protection workers (applying pesticides, treating seeds, etc.
",386.36,@
6793,2024-2025,Nov,GUJARAT,Agriculture,"Ploughing/Tilling workers",351.55,288.00
6794,2024-2025,Nov,GUJARAT,Agriculture,"Sowing(including Planting/Transplanting/ Weeding) workers)
",311.67,299.66
6795,2024-2025,Nov,GUJARAT,Agriculture,"Harvesting/Winnowing/Threshing workers
",315.00,310.67
6796,2024-2025,Nov,GUJARAT,Agriculture,"Picking workers (including Tea, Cotton, Tobacco and other commercial crops)
",308.00,306.00
6797,2024-2025,Nov,GUJARAT,Agriculture,"Horticulture workers (including nursery growers)
",231.43,235.00
6798,2024-2025,Nov,GUJARAT,Agriculture,"Fishermen-inland
",@,-
6799,2024-2025,Nov,GUJARAT,Agriculture,"Fishermen-coastal/deep-sea
",-,-
6800,2024-2025,Nov,GUJARAT,Agriculture,"Loggers and wood cutters
",370.38,@
6801,2024-2025,Nov,GUJARAT,Agriculture,"Animal husbandry workers (including poultry workers, dairy workers & herdsman)
",267.73,@
6802,2024-2025,Nov,GUJARAT,Agriculture,"Packaging labourers, agriculture
",254.29,@
6803,2024-2025,Nov,GUJARAT,Agriculture,"General agricultural labourers (including watering/irrigation workers, etc.)
",289.74,282.65
6804,2024-2025,Nov,GUJARAT,Agriculture,"Plant protection workers (applying pesticides, treating seeds, etc.
",273.33,-
6805,2025-2026,Nov,GUJARAT,Agriculture,"Ploughing/Tilling workers",405.54,362.5
6806,2025-2026,Nov,GUJARAT,Agriculture,"Sowing(including Planting/Transplanting/ Weeding) workers)
",342.97,335.07
6807,2025-2026,Nov,GUJARAT,Agriculture,"Harvesting/Winnowing/Threshing workers
",345.53,334.49
6808,2025-2026,Nov,GUJARAT,Agriculture,"Picking workers (including Tea, Cotton, Tobacco and other commercial crops)
",339.77,326.9
6809,2025-2026,Nov,GUJARAT,Agriculture,"Horticulture workers (including nursery growers)
",294.29,280
6810,2025-2026,Nov,GUJARAT,Agriculture,"Fishermen-inland
",@,@
6811,2025-2026,Nov,GUJARAT,Agriculture,"Fishermen-coastal/deep-sea
",-,-
6812,2025-2026,Nov,GUJARAT,Agriculture,"Loggers and wood cutters
",421.58,361.43
6813,2025-2026,Nov,GUJARAT,Agriculture,"Animal husbandry workers (including poultry workers, dairy workers & herdsman)
",344.67,283.7
6814,2025-2026,Nov,GUJARAT,Agriculture,"Packaging labourers, agriculture
",357.06,347
6815,2025-2026,Nov,GUJARAT,Agriculture,"General agricultural labourers (including watering/irrigation workers, etc.)
",335.91,300.29
6816,2025-2026,Nov,GUJARAT,Agriculture,"Plant protection workers (applying pesticides, treating seeds, etc.
",364.14,327.22
6817,2025-2026,Nov,HARYANA,Agriculture,"Animal husbandry workers (including poultry workers, dairy workers & herdsman)
",426.46,394.44
6818,2025-2026,Nov,HARYANA,Agriculture,"Packaging labourers, agriculture
",584,605.71
6819,2025-2026,Nov,HARYANA,Agriculture,"General agricultural labourers (including watering/irrigation workers, etc.)
",586.86,502.67
6820,2025-2026,Nov,HARYANA,Agriculture,"Plant protection workers (applying pesticides, treating seeds, etc.
",582.1,@
6821,2024-2025,Nov,HARYANA,Agriculture,"Ploughing/Tilling workers",508.50,@
6822,2024-2025,Nov,HARYANA,Agriculture,"Sowing(including Planting/Transplanting/ Weeding) workers)
",504.83,465.82
6823,2024-2025,Nov,HARYANA,Agriculture,"Harvesting/Winnowing/Threshing workers
",519.82,482.80
6824,2024-2025,Nov,HARYANA,Agriculture,"Picking workers (including Tea, Cotton, Tobacco and other commercial crops)
",518.33,508.33
6825,2024-2025,Nov,HARYANA,Agriculture,"Horticulture workers (including nursery growers)
",@,@
6826,2024-2025,Nov,HARYANA,Agriculture,"Fishermen-inland
",-,-
6827,2024-2025,Nov,HARYANA,Agriculture,"Fishermen-coastal/deep-sea
",-,-
6828,2024-2025,Nov,HARYANA,Agriculture,"Loggers and wood cutters
",514.00,-
6829,2024-2025,Nov,HARYANA,Agriculture,"Animal husbandry workers (including poultry workers, dairy workers & herdsman)
",490.00,@
6830,2024-2025,Nov,HARYANA,Agriculture,"Packaging labourers, agriculture
",@,@
6831,2024-2025,Nov,HARYANA,Agriculture,"General agricultural labourers (including watering/irrigation workers, etc.)
",509.00,461.33
6832,2024-2025,Nov,HARYANA,Agriculture,"Plant protection workers (applying pesticides, treating seeds, etc.
",519.75,-
6833,2025-2026,Nov,HARYANA,Agriculture,"Ploughing/Tilling workers",596.38,@
6834,2025-2026,Nov,HARYANA,Agriculture,"Sowing(including Planting/Transplanting/ Weeding) workers)
",614.48,542.5
6835,2025-2026,Nov,HARYANA,Agriculture,"Harvesting/Winnowing/Threshing workers
",564.48,434.4
6836,2025-2026,Nov,HARYANA,Agriculture,"Picking workers (including Tea, Cotton, Tobacco and other commercial crops)
",520,520
6837,2025-2026,Nov,HARYANA,Agriculture,"Horticulture workers (including nursery growers)
",@,@
6838,2025-2026,Nov,HARYANA,Agriculture,"Fishermen-inland
",-,-
6839,2025-2026,Nov,HARYANA,Agriculture,"Fishermen-coastal/deep-sea
",-,-
6840,2025-2026,Nov,HARYANA,Agriculture,"Loggers and wood cutters
",513.75,-
6841,2025-2026,Nov,"HIMACHAL PRADESH",Agriculture,"Ploughing/Tilling workers",766.67,@
6842,2025-2026,Nov,"HIMACHAL PRADESH",Agriculture,"Sowing(including Planting/Transplanting/ Weeding) workers)
",580,557.78
6843,2025-2026,Nov,"HIMACHAL PRADESH",Agriculture,"Harvesting/Winnowing/Threshing workers
",530,492.5
6844,2025-2026,Nov,"HIMACHAL PRADESH",Agriculture,"Picking workers (including Tea, Cotton, Tobacco and other commercial crops)
",-,-
6845,2025-2026,Nov,"HIMACHAL PRADESH",Agriculture,"Horticulture workers (including nursery growers)
",538,538
6846,2025-2026,Nov,"HIMACHAL PRADESH",Agriculture,"Fishermen-inland
",@,-
6847,2025-2026,Nov,"HIMACHAL PRADESH",Agriculture,"Fishermen-coastal/deep-sea
",-,-
6848,2025-2026,Nov,"HIMACHAL PRADESH",Agriculture,"Loggers and wood cutters
",648.75,@
6849,2025-2026,Nov,"HIMACHAL PRADESH",Agriculture,"Animal husbandry workers (including poultry workers, dairy workers & herdsman)
",@,@
6850,2025-2026,Nov,"HIMACHAL PRADESH",Agriculture,"Packaging labourers, agriculture
",@,@
6851,2025-2026,Nov,"HIMACHAL PRADESH",Agriculture,"General agricultural labourers (including watering/irrigation workers, etc.)
",525.45,530
6852,2025-2026,Nov,"HIMACHAL PRADESH",Agriculture,"Plant protection workers (applying pesticides, treating seeds, etc.
",691.67,@
6853,2024-2025,Nov,"HIMACHAL PRADESH",Agriculture,"Ploughing/Tilling workers",608.00,-
6854,2024-2025,Nov,"HIMACHAL PRADESH",Agriculture,"Sowing(including Planting/Transplanting/ Weeding) workers)
",501.67,@
6855,2024-2025,Nov,"HIMACHAL PRADESH",Agriculture,"Harvesting/Winnowing/Threshing workers
",508.00,@
6856,2024-2025,Nov,"HIMACHAL PRADESH",Agriculture,"Picking workers (including Tea, Cotton, Tobacco and other commercial crops)
",-,-
6857,2024-2025,Nov,"HIMACHAL PRADESH",Agriculture,"Horticulture workers (including nursery growers)
",486.00,@
6858,2024-2025,Nov,"HIMACHAL PRADESH",Agriculture,"Fishermen-inland
",-,-
6859,2024-2025,Nov,"HIMACHAL PRADESH",Agriculture,"Fishermen-coastal/deep-sea
",-,-
6860,2024-2025,Nov,"HIMACHAL PRADESH",Agriculture,"Loggers and wood cutters
",578.00,-
6861,2024-2025,Nov,"HIMACHAL PRADESH",Agriculture,"Animal husbandry workers (including poultry workers, dairy workers & herdsman)
",@,@
6862,2024-2025,Nov,"HIMACHAL PRADESH",Agriculture,"Packaging labourers, agriculture
",-,-
6863,2024-2025,Nov,"HIMACHAL PRADESH",Agriculture,"General agricultural labourers (including watering/irrigation workers, etc.)
",516.00,@
6864,2024-2025,Nov,"HIMACHAL PRADESH",Agriculture,"Plant protection workers (applying pesticides, treating seeds, etc.
",@,-
6865,2024-2025,Nov,"JAMMU & KASHMIR
",Agriculture,"Ploughing/Tilling workers",721.82,-
6866,2024-2025,Nov,"JAMMU & KASHMIR
",Agriculture,"Sowing(including Planting/Transplanting/ Weeding) workers)
",633.68,@
6867,2024-2025,Nov,"JAMMU & KASHMIR
",Agriculture,"Harvesting/Winnowing/Threshing workers
",642.31,@
6868,2024-2025,Nov,"JAMMU & KASHMIR
",Agriculture,"Picking workers (including Tea, Cotton, Tobacco and other commercial crops)
",@,-
6869,2024-2025,Nov,"JAMMU & KASHMIR
",Agriculture,"Horticulture workers (including nursery growers)
",625.71,-
6870,2024-2025,Nov,"JAMMU & KASHMIR
",Agriculture,"Fishermen-inland
",-,-
6871,2024-2025,Nov,"JAMMU & KASHMIR
",Agriculture,"Fishermen-coastal/deep-sea
",-,-
6872,2024-2025,Nov,"JAMMU & KASHMIR
",Agriculture,"Loggers and wood cutters
",637.00,-
6873,2024-2025,Nov,"JAMMU & KASHMIR
",Agriculture,"Animal husbandry workers (including poultry workers, dairy workers & herdsman)
",570.00,-
6874,2024-2025,Nov,"JAMMU & KASHMIR
",Agriculture,"Packaging labourers, agriculture
",661.43,-
6875,2024-2025,Nov,"JAMMU & KASHMIR
",Agriculture,"General agricultural labourers (including watering/irrigation workers, etc.)
",591.50,@
6876,2024-2025,Nov,"JAMMU & KASHMIR
",Agriculture,"Plant protection workers (applying pesticides, treating seeds, etc.
",648.00,-
6877,2025-2026,Nov,"JAMMU & KASHMIR
",Agriculture,"Ploughing/Tilling workers",740.45,-
6878,2025-2026,Nov,"JAMMU & KASHMIR
",Agriculture,"Sowing(including Planting/Transplanting/ Weeding) workers)
",667,@
6879,2025-2026,Nov,"JAMMU & KASHMIR
",Agriculture,"Harvesting/Winnowing/Threshing workers
",674.5,620
6880,2025-2026,Nov,"JAMMU & KASHMIR
",Agriculture,"Picking workers (including Tea, Cotton, Tobacco and other commercial crops)
",685.71,-
6881,2025-2026,Nov,"JAMMU & KASHMIR
",Agriculture,"Horticulture workers (including nursery growers)
",660.77,-
6882,2025-2026,Nov,"JAMMU & KASHMIR
",Agriculture,"Fishermen-inland
",-,-
6883,2025-2026,Nov,"JAMMU & KASHMIR
",Agriculture,"Fishermen-coastal/deep-sea
",-,-
6884,2025-2026,Nov,"JAMMU & KASHMIR
",Agriculture,"Loggers and wood cutters
",758,-
6885,2025-2026,Nov,"JAMMU & KASHMIR
",Agriculture,"Animal husbandry workers (including poultry workers, dairy workers & herdsman)
",447.36,-
6886,2025-2026,Nov,"JAMMU & KASHMIR
",Agriculture,"Packaging labourers, agriculture
",713.64,-
6887,2025-2026,Nov,"JAMMU & KASHMIR
",Agriculture,"General agricultural labourers (including watering/irrigation workers, etc.)
",583.33,-
6888,2025-2026,Nov,"JAMMU & KASHMIR
",Agriculture,"Plant protection workers (applying pesticides, treating seeds, etc.
",681.25,-
6889,2025-2026,Nov,KARNATAKA,Agriculture,"Animal husbandry workers (including poultry workers, dairy workers & herdsman)
",536.92,@
6890,2025-2026,Nov,KARNATAKA,Agriculture,"Packaging labourers, agriculture
",504.38,402
6891,2025-2026,Nov,KARNATAKA,Agriculture,"General agricultural labourers (including watering/irrigation workers, etc.)
",519.38,398.77
6892,2025-2026,Nov,KARNATAKA,Agriculture,"Plant protection workers (applying pesticides, treating seeds, etc.
",487.5,409.57
6893,2024-2025,Nov,KARNATAKA,Agriculture,"Ploughing/Tilling workers",507.82,266.67
6894,2024-2025,Nov,KARNATAKA,Agriculture,"Sowing(including Planting/Transplanting/ Weeding) workers)
",462.00,339.64
6895,2024-2025,Nov,KARNATAKA,Agriculture,"Harvesting/Winnowing/Threshing workers
",459.33,322.67
6896,2024-2025,Nov,KARNATAKA,Agriculture,"Picking workers (including Tea, Cotton, Tobacco and other commercial crops)
",435.00,297.86
6897,2024-2025,Nov,KARNATAKA,Agriculture,"Horticulture workers (including nursery growers)
",485.38,362.00
6898,2024-2025,Nov,KARNATAKA,Agriculture,"Fishermen-inland
",@,-
6899,2024-2025,Nov,KARNATAKA,Agriculture,"Fishermen-coastal/deep-sea
",@,-
6900,2024-2025,Nov,KARNATAKA,Agriculture,"Loggers and wood cutters
",533.53,-
6901,2024-2025,Nov,KARNATAKA,Agriculture,"Animal husbandry workers (including poultry workers, dairy workers & herdsman)
",427.00,344.29
6902,2024-2025,Nov,KARNATAKA,Agriculture,"Packaging labourers, agriculture
",461.67,@
6903,2024-2025,Nov,KARNATAKA,Agriculture,"General agricultural labourers (including watering/irrigation workers, etc.)
",461.48,331.00
6904,2024-2025,Nov,KARNATAKA,Agriculture,"Plant protection workers (applying pesticides, treating seeds, etc.
",436.54,-
6905,2025-2026,Nov,KARNATAKA,Agriculture,"Ploughing/Tilling workers",624.21,@
6906,2025-2026,Nov,KARNATAKA,Agriculture,"Sowing(including Planting/Transplanting/ Weeding) workers)
",569.58,425.81
6907,2025-2026,Nov,KARNATAKA,Agriculture,"Harvesting/Winnowing/Threshing workers
",551.02,407.59
6908,2025-2026,Nov,KARNATAKA,Agriculture,"Picking workers (including Tea, Cotton, Tobacco and other commercial crops)
",486.43,347.14
6909,2025-2026,Nov,KARNATAKA,Agriculture,"Horticulture workers (including nursery growers)
",546.3,350.91
6910,2025-2026,Nov,KARNATAKA,Agriculture,"Fishermen-inland
",@,-
6911,2025-2026,Nov,KARNATAKA,Agriculture,"Fishermen-coastal/deep-sea
",-,-
6912,2025-2026,Nov,KARNATAKA,Agriculture,"Loggers and wood cutters
",621.98,-
6913,2025-2026,Nov,KERALA,Agriculture,"Ploughing/Tilling workers",1033.33,-
6914,2025-2026,Nov,KERALA,Agriculture,"Sowing(including Planting/Transplanting/ Weeding) workers)
",871.15,645.83
6915,2025-2026,Nov,KERALA,Agriculture,"Harvesting/Winnowing/Threshing workers
",870.98,723.27
6916,2025-2026,Nov,KERALA,Agriculture,"Picking workers (including Tea, Cotton, Tobacco and other commercial crops)
",-,@
6917,2025-2026,Nov,KERALA,Agriculture,"Horticulture workers (including nursery growers)
",775,@
6918,2025-2026,Nov,KERALA,Agriculture,"Fishermen-inland
",-,-
6919,2025-2026,Nov,KERALA,Agriculture,"Fishermen-coastal/deep-sea
",-,-
6920,2025-2026,Nov,KERALA,Agriculture,"Loggers and wood cutters
",1055.56,-
6921,2025-2026,Nov,KERALA,Agriculture,"Animal husbandry workers (including poultry workers, dairy workers & herdsman)
",695.83,-
6922,2025-2026,Nov,KERALA,Agriculture,"Packaging labourers, agriculture
",902.5,693.75
6923,2025-2026,Nov,KERALA,Agriculture,"General agricultural labourers (including watering/irrigation workers, etc.)
",862.8099999999999,668.1799999999999
6924,2025-2026,Nov,KERALA,Agriculture,"Plant protection workers (applying pesticides, treating seeds, etc.
",841.76,@
6925,2024-2025,Nov,KERALA,Agriculture,"Ploughing/Tilling workers",920.48,@
6926,2024-2025,Nov,KERALA,Agriculture,"Sowing(including Planting/Transplanting/ Weeding) workers)
",937.41,654.23
6927,2024-2025,Nov,KERALA,Agriculture,"Harvesting/Winnowing/Threshing workers
",800.00,666.25
6928,2024-2025,Nov,KERALA,Agriculture,"Picking workers (including Tea, Cotton, Tobacco and other commercial crops)
",-,@
6929,2024-2025,Nov,KERALA,Agriculture,"Horticulture workers (including nursery growers)
",@,@
6930,2024-2025,Nov,KERALA,Agriculture,"Fishermen-inland
",-,-
6931,2024-2025,Nov,KERALA,Agriculture,"Fishermen-coastal/deep-sea
",-,-
6932,2024-2025,Nov,KERALA,Agriculture,"Loggers and wood cutters
",1124.40,-
6933,2024-2025,Nov,KERALA,Agriculture,"Animal husbandry workers (including poultry workers, dairy workers & herdsman)
",661.09,-
6934,2024-2025,Nov,KERALA,Agriculture,"Packaging labourers, agriculture
",-,-
6935,2024-2025,Nov,KERALA,Agriculture,"General agricultural labourers (including watering/irrigation workers, etc.)
",873.21,627.50
6936,2024-2025,Nov,KERALA,Agriculture,"Plant protection workers (applying pesticides, treating seeds, etc.
",731.00,-
6937,2024-2025,Nov,"MADHYA PRADESH",Agriculture,"Ploughing/Tilling workers",309.26,244.29
6938,2024-2025,Nov,"MADHYA PRADESH",Agriculture,"Sowing(including Planting/Transplanting/ Weeding) workers)
",282.80,254.44
6939,2024-2025,Nov,"MADHYA PRADESH",Agriculture,"Harvesting/Winnowing/Threshing workers
",290.46,258.10
6940,2024-2025,Nov,"MADHYA PRADESH",Agriculture,"Picking workers (including Tea, Cotton, Tobacco and other commercial crops)
",281.82,256.36
6941,2024-2025,Nov,"MADHYA PRADESH",Agriculture,"Horticulture workers (including nursery growers)
",255.00,227.00
6942,2024-2025,Nov,"MADHYA PRADESH",Agriculture,"Fishermen-inland
",@,-
6943,2024-2025,Nov,"MADHYA PRADESH",Agriculture,"Fishermen-coastal/deep-sea
",-,-
6944,2024-2025,Nov,"MADHYA PRADESH",Agriculture,"Loggers and wood cutters
",263.81,@
6945,2024-2025,Nov,"MADHYA PRADESH",Agriculture,"Animal husbandry workers (including poultry workers, dairy workers & herdsman)
",230.48,202.50
6946,2024-2025,Nov,"MADHYA PRADESH",Agriculture,"Packaging labourers, agriculture
",224.38,211.25
6947,2024-2025,Nov,"MADHYA PRADESH",Agriculture,"General agricultural labourers (including watering/irrigation workers, etc.)
",258.92,225.32
6948,2024-2025,Nov,"MADHYA PRADESH",Agriculture,"Plant protection workers (applying pesticides, treating seeds, etc.
",280.94,240.00
6949,2025-2026,Nov,"MADHYA PRADESH",Agriculture,"Ploughing/Tilling workers",375.2,300
6950,2025-2026,Nov,"MADHYA PRADESH",Agriculture,"Sowing(including Planting/Transplanting/ Weeding) workers)
",360.87,303.03
6951,2025-2026,Nov,"MADHYA PRADESH",Agriculture,"Harvesting/Winnowing/Threshing workers
",357.84,306.37
6952,2025-2026,Nov,"MADHYA PRADESH",Agriculture,"Picking workers (including Tea, Cotton, Tobacco and other commercial crops)
",392.08,351.04
6953,2025-2026,Nov,"MADHYA PRADESH",Agriculture,"Horticulture workers (including nursery growers)
",300,283.33
6954,2025-2026,Nov,"MADHYA PRADESH",Agriculture,"Fishermen-inland
",-,-
6955,2025-2026,Nov,"MADHYA PRADESH",Agriculture,"Fishermen-coastal/deep-sea
",-,-
6956,2025-2026,Nov,"MADHYA PRADESH",Agriculture,"Loggers and wood cutters
",414.52,290
6957,2025-2026,Nov,"MADHYA PRADESH",Agriculture,"Animal husbandry workers (including poultry workers, dairy workers & herdsman)
",265,242.22
6958,2025-2026,Nov,"MADHYA PRADESH",Agriculture,"Packaging labourers, agriculture
",@,@
6959,2025-2026,Nov,"MADHYA PRADESH",Agriculture,"General agricultural labourers (including watering/irrigation workers, etc.)
",330.8,283.33
6960,2025-2026,Nov,"MADHYA PRADESH",Agriculture,"Plant protection workers (applying pesticides, treating seeds, etc.
",374.47,@
6961,2025-2026,Nov,MAHARASHTRA,Agriculture,"Animal husbandry workers (including poultry workers, dairy workers & herdsman)
",328.15,304.17
6962,2025-2026,Nov,MAHARASHTRA,Agriculture,"Packaging labourers, agriculture
",386.36,310
6963,2025-2026,Nov,MAHARASHTRA,Agriculture,"General agricultural labourers (including watering/irrigation workers, etc.)
",371.85,256.84
6964,2025-2026,Nov,MAHARASHTRA,Agriculture,"Plant protection workers (applying pesticides, treating seeds, etc.
",466.59,344
6965,2024-2025,Nov,MAHARASHTRA,Agriculture,"Ploughing/Tilling workers",420.00,320.00
6966,2024-2025,Nov,MAHARASHTRA,Agriculture,"Sowing(including Planting/Transplanting/ Weeding) workers)
",395.98,288.48
6967,2024-2025,Nov,MAHARASHTRA,Agriculture,"Harvesting/Winnowing/Threshing workers
",407.36,293.94
6968,2024-2025,Nov,MAHARASHTRA,Agriculture,"Picking workers (including Tea, Cotton, Tobacco and other commercial crops)
",339.29,279.05
6969,2024-2025,Nov,MAHARASHTRA,Agriculture,"Horticulture workers (including nursery growers)
",397.50,285.00
6970,2024-2025,Nov,MAHARASHTRA,Agriculture,"Fishermen-inland
",@,-
6971,2024-2025,Nov,MAHARASHTRA,Agriculture,"Fishermen-coastal/deep-sea
",@,@
6972,2024-2025,Nov,MAHARASHTRA,Agriculture,"Loggers and wood cutters
",464.40,@
6973,2024-2025,Nov,MAHARASHTRA,Agriculture,"Animal husbandry workers (including poultry workers, dairy workers & herdsman)
",322.36,285.56
6974,2024-2025,Nov,MAHARASHTRA,Agriculture,"Packaging labourers, agriculture
",338.00,250.00
6975,2024-2025,Nov,MAHARASHTRA,Agriculture,"General agricultural labourers (including watering/irrigation workers, etc.)
",347.61,243.23
6976,2024-2025,Nov,MAHARASHTRA,Agriculture,"Plant protection workers (applying pesticides, treating seeds, etc.
",391.08,267.14
6977,2025-2026,Nov,MAHARASHTRA,Agriculture,"Ploughing/Tilling workers",424.44,320
6978,2025-2026,Nov,MAHARASHTRA,Agriculture,"Sowing(including Planting/Transplanting/ Weeding) workers)
",404.55,308.14
6979,2025-2026,Nov,MAHARASHTRA,Agriculture,"Harvesting/Winnowing/Threshing workers
",418.95,320.81
6980,2025-2026,Nov,MAHARASHTRA,Agriculture,"Picking workers (including Tea, Cotton, Tobacco and other commercial crops)
",360.71,302.78
6981,2025-2026,Nov,MAHARASHTRA,Agriculture,"Horticulture workers (including nursery growers)
",441.14,324.87
6982,2025-2026,Nov,MAHARASHTRA,Agriculture,"Fishermen-inland
",514.29,@
6983,2025-2026,Nov,MAHARASHTRA,Agriculture,"Fishermen-coastal/deep-sea
",-,-
6984,2025-2026,Nov,MAHARASHTRA,Agriculture,"Loggers and wood cutters
",504.76,@
6985,2025-2026,Nov,"MANIPUR
",Agriculture,"Ploughing/Tilling workers",636,@
6986,2025-2026,Nov,"MANIPUR
",Agriculture,"Sowing(including Planting/Transplanting/ Weeding) workers)
",635,525
6987,2025-2026,Nov,"MANIPUR
",Agriculture,"Harvesting/Winnowing/Threshing workers
",630,525
6988,2025-2026,Nov,"MANIPUR
",Agriculture,"Picking workers (including Tea, Cotton, Tobacco and other commercial crops)
",425,395
6989,2025-2026,Nov,"MANIPUR
",Agriculture,"Horticulture workers (including nursery growers)
",425,395
6990,2025-2026,Nov,"MANIPUR
",Agriculture,"Fishermen-inland
",390,360
6991,2025-2026,Nov,"MANIPUR
",Agriculture,"Fishermen-coastal/deep-sea
",-,-
6992,2025-2026,Nov,"MANIPUR
",Agriculture,"Loggers and wood cutters
",490,-
6993,2025-2026,Nov,"MANIPUR
",Agriculture,"Packaging labourers, agriculture
",-,-
6994,2025-2026,Nov,"MANIPUR
",Agriculture,"General agricultural labourers (including watering/irrigation workers, etc.)
",-,-
6995,2025-2026,Nov,"MANIPUR
",Agriculture,"Plant protection workers (applying pesticides, treating seeds, etc.
",650,650
6996,2025-2026,Nov,"MANIPUR
",Agriculture,"Animal husbandry workers (including poultry workers, dairy workers & herdsman)
",425.00,415.00
6997,2024-2025,Nov,"MANIPUR
",Agriculture,"Ploughing/Tilling workers",351.43,-
6998,2024-2025,Nov,"MANIPUR
",Agriculture,"Sowing(including Planting/Transplanting/ Weeding) workers)
",333.89,309.38
6999,2024-2025,Nov,"MANIPUR
",Agriculture,"Harvesting/Winnowing/Threshing workers
",324.29,315.71
7000,2024-2025,Nov,"MANIPUR
",Agriculture,"Picking workers (including Tea, Cotton, Tobacco and other commercial crops)
",-,-
7001,2024-2025,Nov,"MANIPUR
",Agriculture,"Horticulture workers (including nursery growers)
",@,@
7002,2024-2025,Nov,"MANIPUR
",Agriculture,"Fishermen-inland
",-,-
7003,2024-2025,Nov,"MANIPUR
",Agriculture,"Fishermen-coastal/deep-sea
",-,-
7004,2024-2025,Nov,"MANIPUR
",Agriculture,"Loggers and wood cutters
",@,-
7005,2024-2025,Nov,"MANIPUR
",Agriculture,"Animal husbandry workers (including poultry workers, dairy workers & herdsman)
",330.00,-
7006,2024-2025,Nov,"MANIPUR
",Agriculture,"Packaging labourers, agriculture
",@,-
7007,2024-2025,Nov,"MANIPUR
",Agriculture,"General agricultural labourers (including watering/irrigation workers, etc.)
",@,-
7008,2024-2025,Nov,"MANIPUR
",Agriculture,"Plant protection workers (applying pesticides, treating seeds, etc.
",@,-
7009,2024-2025,Nov,"MEGHALAYA
",Agriculture,"Ploughing/Tilling workers",374.29,204.00
7010,2024-2025,Nov,"MEGHALAYA
",Agriculture,"Sowing(including Planting/Transplanting/ Weeding) workers)
",343.50,210.75
7011,2024-2025,Nov,"MEGHALAYA
",Agriculture,"Harvesting/Winnowing/Threshing workers
",349.33,197.17
7012,2024-2025,Nov,"MEGHALAYA
",Agriculture,"Picking workers (including Tea, Cotton, Tobacco and other commercial crops)
",@,@
7013,2024-2025,Nov,"MEGHALAYA
",Agriculture,"Horticulture workers (including nursery growers)
",@,@
7014,2024-2025,Nov,"MEGHALAYA
",Agriculture,"Fishermen-inland
",-,-
7015,2024-2025,Nov,"MEGHALAYA
",Agriculture,"Fishermen-coastal/deep-sea
",-,-
7016,2024-2025,Nov,"MEGHALAYA
",Agriculture,"Loggers and wood cutters
",@,-
7017,2024-2025,Nov,"MEGHALAYA
",Agriculture,"Animal husbandry workers (including poultry workers, dairy workers & herdsman)
",313.88,@
7018,2024-2025,Nov,"MEGHALAYA
",Agriculture,"Packaging labourers, agriculture
",@,-
7019,2024-2025,Nov,"MEGHALAYA
",Agriculture,"General agricultural labourers (including watering/irrigation workers, etc.)
",335.17,203.17
7020,2024-2025,Nov,"MEGHALAYA
",Agriculture,"Plant protection workers (applying pesticides, treating seeds, etc.
",-,-
7021,2025-2026,Nov,"MEGHALAYA
",Agriculture,"Packaging labourers, agriculture
",-,-
7022,2025-2026,Nov,"MEGHALAYA
",Agriculture,"General agricultural labourers (including watering/irrigation workers, etc.)
",@,@
7023,2025-2026,Nov,"MEGHALAYA
",Agriculture,"Plant protection workers (applying pesticides, treating seeds, etc.
",-,-
7024,2025-2026,Nov,"MEGHALAYA
",Agriculture,"Ploughing/Tilling workers",411.43,@
7025,2025-2026,Nov,"MEGHALAYA
",Agriculture,"Sowing(including Planting/Transplanting/ Weeding) workers)
",473.57,316.43
7026,2025-2026,Nov,"MEGHALAYA
",Agriculture,"Harvesting/Winnowing/Threshing workers
",479.52,307.32
7027,2025-2026,Nov,"MEGHALAYA
",Agriculture,"Picking workers (including Tea, Cotton, Tobacco and other commercial crops)
",-,-
7028,2025-2026,Nov,"MEGHALAYA
",Agriculture,"Horticulture workers (including nursery growers)
",@,@
7029,2025-2026,Nov,"MEGHALAYA
",Agriculture,"Fishermen-inland
",-,-
7030,2025-2026,Nov,"MEGHALAYA
",Agriculture,"Fishermen-coastal/deep-sea
",-,-
7031,2025-2026,Nov,"MEGHALAYA
",Agriculture,"Loggers and wood cutters
",434.9,@
7032,2025-2026,Nov,"MEGHALAYA
",Agriculture,"Animal husbandry workers (including poultry workers, dairy workers & herdsman)
",@,@
7033,2025-2026,Nov,"ODISHA
",Agriculture,"Animal husbandry workers (including poultry workers, dairy workers & herdsman)
",348.89,307.00
7034,2025-2026,Nov,"ODISHA
",Agriculture,"Packaging labourers, agriculture
",332.35,@
7035,2025-2026,Nov,"ODISHA
",Agriculture,"General agricultural labourers (including watering/irrigation workers, etc.)
",410.67,386.17
7036,2025-2026,Nov,"ODISHA
",Agriculture,"Plant protection workers (applying pesticides, treating seeds, etc.
",406.67,-
7037,2024-2025,Nov,"ODISHA
",Agriculture,"Ploughing/Tilling workers",379.10,315.31
7038,2024-2025,Nov,"ODISHA
",Agriculture,"Sowing(including Planting/Transplanting/ Weeding) workers)
",377.20,331.72
7039,2024-2025,Nov,"ODISHA
",Agriculture,"Harvesting/Winnowing/Threshing workers
",375.40,328.21
7040,2024-2025,Nov,"ODISHA
",Agriculture,"Picking workers (including Tea, Cotton, Tobacco and other commercial crops)
",@,@
7041,2024-2025,Nov,"ODISHA
",Agriculture,"Horticulture workers (including nursery growers)
",@,@
7042,2024-2025,Nov,"ODISHA
",Agriculture,"Fishermen-inland
",244.00,-
7043,2024-2025,Nov,"ODISHA
",Agriculture,"Fishermen-coastal/deep-sea
",@,-
7044,2024-2025,Nov,"ODISHA
",Agriculture,"Loggers and wood cutters
",322.62,-
7045,2024-2025,Nov,"ODISHA
",Agriculture,"Animal husbandry workers (including poultry workers, dairy workers & herdsman)
",260.67,191.25
7046,2024-2025,Nov,"ODISHA
",Agriculture,"Packaging labourers, agriculture
",@,-
7047,2024-2025,Nov,"ODISHA
",Agriculture,"General agricultural labourers (including watering/irrigation workers, etc.)
",373.16,322.47
7048,2024-2025,Nov,"ODISHA
",Agriculture,"Plant protection workers (applying pesticides, treating seeds, etc.
",277.78,@
7049,2025-2026,Nov,"ODISHA
",Agriculture,"Ploughing/Tilling workers",509.33,-
7050,2025-2026,Nov,"ODISHA
",Agriculture,"Sowing(including Planting/Transplanting/ Weeding) workers)
",478.76,396.57
7051,2025-2026,Nov,"ODISHA
",Agriculture,"Harvesting/Winnowing/Threshing workers
",398.72,320.51
7052,2025-2026,Nov,"ODISHA
",Agriculture,"Picking workers (including Tea, Cotton, Tobacco and other commercial crops)
",-,-
7053,2025-2026,Nov,"ODISHA
",Agriculture,"Horticulture workers (including nursery growers)
",369.8,300.48
7054,2025-2026,Nov,"ODISHA
",Agriculture,"Fishermen-inland
",384.38,-
7055,2025-2026,Nov,"ODISHA
",Agriculture,"Fishermen-coastal/deep-sea
",-,-
7056,2025-2026,Nov,"ODISHA
",Agriculture,"Loggers and wood cutters
",498.51,-
7057,2025-2026,Nov,"PUNJAB
",Agriculture,"Ploughing/Tilling workers",475.45,@
7058,2025-2026,Nov,"PUNJAB
",Agriculture,"Sowing(including Planting/Transplanting/ Weeding) workers)
",473.64,420
7059,2025-2026,Nov,"PUNJAB
",Agriculture,"Harvesting/Winnowing/Threshing workers
",484.44,420
7060,2025-2026,Nov,"PUNJAB
",Agriculture,"Picking workers (including Tea, Cotton, Tobacco and other commercial crops)
",430,@
7061,2025-2026,Nov,"PUNJAB
",Agriculture,"Horticulture workers (including nursery growers)
",@,-
7062,2025-2026,Nov,"PUNJAB
",Agriculture,"Fishermen-inland
",-,-
7063,2025-2026,Nov,"PUNJAB
",Agriculture,"Fishermen-coastal/deep-sea
",-,-
7064,2025-2026,Nov,"PUNJAB
",Agriculture,"Loggers and wood cutters
",@,-
7065,2025-2026,Nov,"PUNJAB
",Agriculture,"Packaging labourers, agriculture
",450,-
7066,2025-2026,Nov,"PUNJAB
",Agriculture,"General agricultural labourers (including watering/irrigation workers, etc.)
",452,@
7067,2025-2026,Nov,"PUNJAB
",Agriculture,"Plant protection workers (applying pesticides, treating seeds, etc.
",475.79,-
7068,2025-2026,Nov,"PUNJAB
",Agriculture,"Animal husbandry workers (including poultry workers, dairy workers & herdsman)
",398.15,@
7069,2024-2025,Nov,"PUNJAB
",Agriculture,"Ploughing/Tilling workers",449.56,@
7070,2024-2025,Nov,"PUNJAB
",Agriculture,"Sowing(including Planting/Transplanting/ Weeding) workers)
",428.50,373.67
7071,2024-2025,Nov,"PUNJAB
",Agriculture,"Harvesting/Winnowing/Threshing workers
",442.91,@
7072,2024-2025,Nov,"PUNJAB
",Agriculture,"Picking workers (including Tea, Cotton, Tobacco and other commercial crops)
",394.00,@
7073,2024-2025,Nov,"PUNJAB
",Agriculture,"Horticulture workers (including nursery growers)
",@,-
7074,2024-2025,Nov,"PUNJAB
",Agriculture,"Fishermen-inland
",-,-
7075,2024-2025,Nov,"PUNJAB
",Agriculture,"Fishermen-coastal/deep-sea
",-,-
7076,2024-2025,Nov,"PUNJAB
",Agriculture,"Loggers and wood cutters
",@,-
7077,2024-2025,Nov,"PUNJAB
",Agriculture,"Animal husbandry workers (including poultry workers, dairy workers & herdsman)
",353.76,@
7078,2024-2025,Nov,"PUNJAB
",Agriculture,"Packaging labourers, agriculture
",403.33,@
7079,2024-2025,Nov,"PUNJAB
",Agriculture,"General agricultural labourers (including watering/irrigation workers, etc.)
",422.67,-
7080,2024-2025,Nov,"PUNJAB
",Agriculture,"Plant protection workers (applying pesticides, treating seeds, etc.
",414.29,-
7081,2024-2025,Nov,RAJASTHAN,Agriculture,"Ploughing/Tilling workers",405.00,@
7082,2024-2025,Nov,RAJASTHAN,Agriculture,"Sowing(including Planting/Transplanting/ Weeding) workers)
",408.46,373.75
7083,2024-2025,Nov,RAJASTHAN,Agriculture,"Harvesting/Winnowing/Threshing workers
",465.83,430.91
7084,2024-2025,Nov,RAJASTHAN,Agriculture,"Picking workers (including Tea, Cotton, Tobacco and other commercial crops)
",@,@
7085,2024-2025,Nov,RAJASTHAN,Agriculture,"Horticulture workers (including nursery growers)
",@,-
7086,2024-2025,Nov,RAJASTHAN,Agriculture,"Fishermen-inland
",-,-
7087,2024-2025,Nov,RAJASTHAN,Agriculture,"Fishermen-coastal/deep-sea
",-,-
7088,2024-2025,Nov,RAJASTHAN,Agriculture,"Loggers and wood cutters
",400.00,-
7089,2024-2025,Nov,RAJASTHAN,Agriculture,"Animal husbandry workers (including poultry workers, dairy workers & herdsman)
",@,@
7090,2024-2025,Nov,RAJASTHAN,Agriculture,"Packaging labourers, agriculture
",@,@
7091,2024-2025,Nov,RAJASTHAN,Agriculture,"General agricultural labourers (including watering/irrigation workers, etc.)
",410.62,365.38
7092,2024-2025,Nov,RAJASTHAN,Agriculture,"Plant protection workers (applying pesticides, treating seeds, etc.
",406.67,@
7093,2025-2026,Nov,RAJASTHAN,Agriculture,"Packaging labourers, agriculture
",397.86,@
7094,2025-2026,Nov,RAJASTHAN,Agriculture,"General agricultural labourers (including watering/irrigation workers, etc.)
",437.69,363.64
7095,2025-2026,Nov,RAJASTHAN,Agriculture,"Plant protection workers (applying pesticides, treating seeds, etc.
",475.73,-
7096,2025-2026,Nov,RAJASTHAN,Agriculture,"Ploughing/Tilling workers",530.59,@
7097,2025-2026,Nov,RAJASTHAN,Agriculture,"Sowing(including Planting/Transplanting/ Weeding) workers)
",464.19,376.4
7098,2025-2026,Nov,RAJASTHAN,Agriculture,"Harvesting/Winnowing/Threshing workers
",473.65,427.96
7099,2025-2026,Nov,RAJASTHAN,Agriculture,"Picking workers (including Tea, Cotton, Tobacco and other commercial crops)
",428.57,403.75
7100,2025-2026,Nov,RAJASTHAN,Agriculture,"Horticulture workers (including nursery growers)
",426,@
7101,2025-2026,Nov,RAJASTHAN,Agriculture,"Fishermen-inland
",-,-
7102,2025-2026,Nov,RAJASTHAN,Agriculture,"Fishermen-coastal/deep-sea
",-,-
7103,2025-2026,Nov,RAJASTHAN,Agriculture,"Loggers and wood cutters
",500.53,-
7104,2025-2026,Nov,RAJASTHAN,Agriculture,"Animal husbandry workers (including poultry workers, dairy workers & herdsman)
",408.46,@
7105,2025-2026,Nov,"TAMIL NADU",Agriculture,"Animal husbandry workers (including poultry workers, dairy workers & herdsman)
",603.90,361.90
7106,2025-2026,Nov,"TAMIL NADU",Agriculture,"Packaging labourers, agriculture
",@,@
7107,2025-2026,Nov,"TAMIL NADU",Agriculture,"General agricultural labourers (including watering/irrigation workers, etc.)
",626.13,381.01
7108,2025-2026,Nov,"TAMIL NADU",Agriculture,"Plant protection workers (applying pesticides, treating seeds, etc.
",899.05,-
7109,2024-2025,Nov,"TAMIL NADU",Agriculture,"Ploughing/Tilling workers",706.08,@
7110,2024-2025,Nov,"TAMIL NADU",Agriculture,"Sowing(including Planting/Transplanting/ Weeding) workers)
",585.95,397.36
7111,2024-2025,Nov,"TAMIL NADU",Agriculture,"Harvesting/Winnowing/Threshing workers
",585.28,396.14
7112,2024-2025,Nov,"TAMIL NADU",Agriculture,"Picking workers (including Tea, Cotton, Tobacco and other commercial crops)
",@,331.90
7113,2024-2025,Nov,"TAMIL NADU",Agriculture,"Horticulture workers (including nursery growers)
",@,@
7114,2024-2025,Nov,"TAMIL NADU",Agriculture,"Fishermen-inland
",-,-
7115,2024-2025,Nov,"TAMIL NADU",Agriculture,"Fishermen-coastal/deep-sea
",-,-
7116,2024-2025,Nov,"TAMIL NADU",Agriculture,"Loggers and wood cutters
",636.15,@
7117,2024-2025,Nov,"TAMIL NADU",Agriculture,"Animal husbandry workers (including poultry workers, dairy workers & herdsman)
",681.81,@
7118,2024-2025,Nov,"TAMIL NADU",Agriculture,"Packaging labourers, agriculture
",@,@
7119,2024-2025,Nov,"TAMIL NADU",Agriculture,"General agricultural labourers (including watering/irrigation workers, etc.)
",582.80,372.37
7120,2024-2025,Nov,"TAMIL NADU",Agriculture,"Plant protection workers (applying pesticides, treating seeds, etc.
",699.34,@
7121,2025-2026,Nov,"TAMIL NADU",Agriculture,"Ploughing/Tilling workers",753.89,@
7122,2025-2026,Nov,"TAMIL NADU",Agriculture,"Sowing(including Planting/Transplanting/ Weeding) workers)
",715.21,453.89
7123,2025-2026,Nov,"TAMIL NADU",Agriculture,"Harvesting/Winnowing/Threshing workers
",655.73,430.56
7124,2025-2026,Nov,"TAMIL NADU",Agriculture,"Picking workers (including Tea, Cotton, Tobacco and other commercial crops)
",@,520.71
7125,2025-2026,Nov,"TAMIL NADU",Agriculture,"Horticulture workers (including nursery growers)
",@,393.89
7126,2025-2026,Nov,"TAMIL NADU",Agriculture,"Fishermen-inland
",@,-
7127,2025-2026,Nov,"TAMIL NADU",Agriculture,"Fishermen-coastal/deep-sea
",-,-
7128,2025-2026,Nov,"TAMIL NADU",Agriculture,"Loggers and wood cutters
",733.15,-
7129,2025-2026,Nov,TRIPURA,Agriculture,"Ploughing/Tilling workers",520,-
7130,2025-2026,Nov,TRIPURA,Agriculture,"Sowing(including Planting/Transplanting/ Weeding) workers)
",520,-
7131,2025-2026,Nov,TRIPURA,Agriculture,"Harvesting/Winnowing/Threshing workers
",520,-
7132,2025-2026,Nov,TRIPURA,Agriculture,"Picking workers (including Tea, Cotton, Tobacco and other commercial crops)
",-,-
7133,2025-2026,Nov,TRIPURA,Agriculture,"Horticulture workers (including nursery growers)
",@,-
7134,2025-2026,Nov,TRIPURA,Agriculture,"Fishermen-inland
",-,-
7135,2025-2026,Nov,TRIPURA,Agriculture,"Fishermen-coastal/deep-sea
",-,-
7136,2025-2026,Nov,TRIPURA,Agriculture,"Loggers and wood cutters
",590,-
7137,2025-2026,Nov,TRIPURA,Agriculture,"Packaging labourers, agriculture
",-,-
7138,2025-2026,Nov,TRIPURA,Agriculture,"General agricultural labourers (including watering/irrigation workers, etc.)
",490,-
7139,2025-2026,Nov,TRIPURA,Agriculture,"Plant protection workers (applying pesticides, treating seeds, etc.
",-,-
7140,2025-2026,Nov,TRIPURA,Agriculture,"Animal husbandry workers (including poultry workers, dairy workers & herdsman)
",420.00,-
7141,2024-2025,Nov,TRIPURA,Agriculture,"Ploughing/Tilling workers",420.00,-
7142,2024-2025,Nov,TRIPURA,Agriculture,"Sowing(including Planting/Transplanting/ Weeding) workers)
",420.00,-
7143,2024-2025,Nov,TRIPURA,Agriculture,"Harvesting/Winnowing/Threshing workers
",431.11,-
7144,2024-2025,Nov,TRIPURA,Agriculture,"Picking workers (including Tea, Cotton, Tobacco and other commercial crops)
",-,-
7145,2024-2025,Nov,TRIPURA,Agriculture,"Horticulture workers (including nursery growers)
",-,-
7146,2024-2025,Nov,TRIPURA,Agriculture,"Fishermen-inland
",-,-
7147,2024-2025,Nov,TRIPURA,Agriculture,"Fishermen-coastal/deep-sea
",-,-
7148,2024-2025,Nov,TRIPURA,Agriculture,"Loggers and wood cutters
",502.22,-
7149,2024-2025,Nov,TRIPURA,Agriculture,"Animal husbandry workers (including poultry workers, dairy workers & herdsman)
",320.00,-
7150,2024-2025,Nov,TRIPURA,Agriculture,"Packaging labourers, agriculture
",-,-
7151,2024-2025,Nov,TRIPURA,Agriculture,"General agricultural labourers (including watering/irrigation workers, etc.)
",401.11,-
7152,2024-2025,Nov,TRIPURA,Agriculture,"Plant protection workers (applying pesticides, treating seeds, etc.
",-,-
7153,2024-2025,Nov,"UTTAR PRADESH",Agriculture,"Ploughing/Tilling workers",363.65,316.36
7154,2024-2025,Nov,"UTTAR PRADESH",Agriculture,"Sowing(including Planting/Transplanting/ Weeding) workers)
",374.12,329.06
7155,2024-2025,Nov,"UTTAR PRADESH",Agriculture,"Harvesting/Winnowing/Threshing workers
",385.54,343.27
7156,2024-2025,Nov,"UTTAR PRADESH",Agriculture,"Picking workers (including Tea, Cotton, Tobacco and other commercial crops)
",340.00,304.17
7157,2024-2025,Nov,"UTTAR PRADESH",Agriculture,"Horticulture workers (including nursery growers)
",@,@
7158,2024-2025,Nov,"UTTAR PRADESH",Agriculture,"Fishermen-inland
",-,-
7159,2024-2025,Nov,"UTTAR PRADESH",Agriculture,"Fishermen-coastal/deep-sea
",-,-
7160,2024-2025,Nov,"UTTAR PRADESH",Agriculture,"Loggers and wood cutters
",404.12,@
7161,2024-2025,Nov,"UTTAR PRADESH",Agriculture,"Animal husbandry workers (including poultry workers, dairy workers & herdsman)
",331.67,@
7162,2024-2025,Nov,"UTTAR PRADESH",Agriculture,"Packaging labourers, agriculture
",330.00,304.00
7163,2024-2025,Nov,"UTTAR PRADESH",Agriculture,"General agricultural labourers (including watering/irrigation workers, etc.)
",358.03,302.09
7164,2024-2025,Nov,"UTTAR PRADESH",Agriculture,"Plant protection workers (applying pesticides, treating seeds, etc.
",400.62,@
7165,2025-2026,Nov,"UTTAR PRADESH",Agriculture,"Packaging labourers, agriculture
",421.05,377.5
7166,2025-2026,Nov,"UTTAR PRADESH",Agriculture,"General agricultural labourers (including watering/irrigation workers, etc.)
",398.19,336.43
7167,2025-2026,Nov,"UTTAR PRADESH",Agriculture,"Plant protection workers (applying pesticides, treating seeds, etc.
",494.44,@
7168,2025-2026,Nov,"UTTAR PRADESH",Agriculture,"Ploughing/Tilling workers",438.98,456.36
7169,2025-2026,Nov,"UTTAR PRADESH",Agriculture,"Sowing(including Planting/Transplanting/ Weeding) workers)
",389.37,335.49
7170,2025-2026,Nov,"UTTAR PRADESH",Agriculture,"Harvesting/Winnowing/Threshing workers
",379.81,328.86
7171,2025-2026,Nov,"UTTAR PRADESH",Agriculture,"Picking workers (including Tea, Cotton, Tobacco and other commercial crops)
",340,290
7172,2025-2026,Nov,"UTTAR PRADESH",Agriculture,"Horticulture workers (including nursery growers)
",431.43,359.29
7173,2025-2026,Nov,"UTTAR PRADESH",Agriculture,"Fishermen-inland
",556.67,-
7174,2025-2026,Nov,"UTTAR PRADESH",Agriculture,"Fishermen-coastal/deep-sea
",-,-
7175,2025-2026,Nov,"UTTAR PRADESH",Agriculture,"Loggers and wood cutters
",522.3099999999999,-
7176,2025-2026,Nov,"UTTAR PRADESH",Agriculture,"Animal husbandry workers (including poultry workers, dairy workers & herdsman)
",408.50,415.00
7177,2025-2026,Nov,"WEST BENGAL",Agriculture,"Animal husbandry workers (including poultry workers, dairy workers & herdsman)
",370.87,@
7178,2025-2026,Nov,"WEST BENGAL",Agriculture,"Packaging labourers, agriculture
",407.47,327.62
7179,2025-2026,Nov,"WEST BENGAL",Agriculture,"General agricultural labourers (including watering/irrigation workers, etc.)
",419.75,351.5
7180,2025-2026,Nov,"WEST BENGAL",Agriculture,"Plant protection workers (applying pesticides, treating seeds, etc.
",478.18,304.49
7181,2024-2025,Nov,"WEST BENGAL",Agriculture,"Ploughing/Tilling workers",441.75,@
7182,2024-2025,Nov,"WEST BENGAL",Agriculture,"Sowing(including Planting/Transplanting/ Weeding) workers)
",350.42,304.91
7183,2024-2025,Nov,"WEST BENGAL",Agriculture,"Harvesting/Winnowing/Threshing workers
",349.57,302.55
7184,2024-2025,Nov,"WEST BENGAL",Agriculture,"Picking workers (including Tea, Cotton, Tobacco and other commercial crops)
",-,@
7185,2024-2025,Nov,"WEST BENGAL",Agriculture,"Horticulture workers (including nursery growers)
",381.17,389.33
7186,2024-2025,Nov,"WEST BENGAL",Agriculture,"Fishermen-inland
",553.68,-
7187,2024-2025,Nov,"WEST BENGAL",Agriculture,"Fishermen-coastal/deep-sea
",@,-
7188,2024-2025,Nov,"WEST BENGAL",Agriculture,"Loggers and wood cutters
",483.84,-
7189,2024-2025,Nov,"WEST BENGAL",Agriculture,"Animal husbandry workers (including poultry workers, dairy workers & herdsman)
",309.85,274.44
7190,2024-2025,Nov,"WEST BENGAL",Agriculture,"Packaging labourers, agriculture
",406.90,@
7191,2024-2025,Nov,"WEST BENGAL",Agriculture,"General agricultural labourers (including watering/irrigation workers, etc.)
",350.70,327.27
7192,2024-2025,Nov,"WEST BENGAL",Agriculture,"Plant protection workers (applying pesticides, treating seeds, etc.
",439.86,275.12
7193,2025-2026,Nov,"WEST BENGAL",Agriculture,"Ploughing/Tilling workers",453.29,343.95
7194,2025-2026,Nov,"WEST BENGAL",Agriculture,"Sowing(including Planting/Transplanting/ Weeding) workers)
",398.1,363.12
7195,2025-2026,Nov,"WEST BENGAL",Agriculture,"Harvesting/Winnowing/Threshing workers
",413.39,376.46
7196,2025-2026,Nov,"WEST BENGAL",Agriculture,"Picking workers (including Tea, Cotton, Tobacco and other commercial crops)
",340.95,@
7197,2025-2026,Nov,"WEST BENGAL",Agriculture,"Horticulture workers (including nursery growers)
",379.31,309.71
7198,2025-2026,Nov,"WEST BENGAL",Agriculture,"Fishermen-inland
",596.85,-
7199,2025-2026,Nov,"WEST BENGAL",Agriculture,"Fishermen-coastal/deep-sea
",-,-
7200,2025-2026,Nov,"WEST BENGAL",Agriculture,"Loggers and wood cutters
",521.38,-
7201,2025-2026,Nov,"Andaman and Nicobar Islands",Agriculture,"Ploughing/Tilling workers",680,680
7202,2025-2026,Nov,"Andaman and Nicobar Islands",Agriculture,"Sowing(including Planting/Transplanting/ Weeding) workers)
",800,800
7203,2025-2026,Nov,"Andaman and Nicobar Islands",Agriculture,"Harvesting/Winnowing/Threshing workers
",840,853.33
7204,2025-2026,Nov,"Andaman and Nicobar Islands",Agriculture,"Picking workers (including Tea, Cotton, Tobacco and other commercial crops)
",-,-
7205,2025-2026,Nov,"Andaman and Nicobar Islands",Agriculture,"Horticulture workers (including nursery growers)
",@,-
7206,2025-2026,Nov,"Andaman and Nicobar Islands",Agriculture,"Fishermen-inland
",-,-
7207,2025-2026,Nov,"Andaman and Nicobar Islands",Agriculture,"Fishermen-coastal/deep-sea
",822.86,-
7208,2025-2026,Nov,"Andaman and Nicobar Islands",Agriculture,"Loggers and wood cutters
",-,-
7209,2025-2026,Nov,"Andaman and Nicobar Islands",Agriculture,"Animal husbandry workers (including poultry workers, dairy workers & herdsman)
",638.1,-
7210,2025-2026,Nov,"Andaman and Nicobar Islands",Agriculture,"Packaging labourers, agriculture
",-,-
7211,2025-2026,Nov,"Andaman and Nicobar Islands",Agriculture,"General agricultural labourers (including watering/irrigation workers, etc.)
",-,-
7212,2025-2026,Nov,"Andaman and Nicobar Islands",Agriculture,"Plant protection workers (applying pesticides, treating seeds, etc.
",-,-
7213,2025-2026,Nov,"Arunachal Pradesh",Agriculture,"Animal husbandry workers (including poultry workers, dairy workers & herdsman)
",@,@
7214,2025-2026,Nov,"Arunachal Pradesh",Agriculture,"Packaging labourers, agriculture
",@,@
7215,2025-2026,Nov,"Arunachal Pradesh",Agriculture,"General agricultural labourers (including watering/irrigation workers, etc.)
",471.43,@
7216,2025-2026,Nov,"Arunachal Pradesh",Agriculture,"Plant protection workers (applying pesticides, treating seeds, etc.
",514.29,-
7217,2025-2026,Nov,"Arunachal Pradesh",Agriculture,"Ploughing/Tilling workers",521.4299999999999,420
7218,2025-2026,Nov,"Arunachal Pradesh",Agriculture,"Sowing(including Planting/Transplanting/ Weeding) workers)
",528.5700000000001,428.57
7219,2025-2026,Nov,"Arunachal Pradesh",Agriculture,"Harvesting/Winnowing/Threshing workers
",500,425
7220,2025-2026,Nov,"Arunachal Pradesh",Agriculture,"Picking workers (including Tea, Cotton, Tobacco and other commercial crops)
",450,356.25
7221,2025-2026,Nov,"Arunachal Pradesh",Agriculture,"Horticulture workers (including nursery growers)
",570,@
7222,2025-2026,Nov,"Arunachal Pradesh",Agriculture,"Fishermen-inland
",-,-
7223,2025-2026,Nov,"Arunachal Pradesh",Agriculture,"Fishermen-coastal/deep-sea
",-,-
7224,2025-2026,Nov,"Arunachal Pradesh",Agriculture,"Loggers and wood cutters
",614.29,-
7225,2025-2026,Nov,Chhattisgarh,Agriculture,"Ploughing/Tilling workers",361.76,292
7226,2025-2026,Nov,Chhattisgarh,Agriculture,"Sowing(including Planting/Transplanting/ Weeding) workers)
",318.89,242.96
7227,2025-2026,Nov,Chhattisgarh,Agriculture,"Harvesting/Winnowing/Threshing workers
",305.26,232.63
7228,2025-2026,Nov,Chhattisgarh,Agriculture,"Picking workers (including Tea, Cotton, Tobacco and other commercial crops)
",@,@
7229,2025-2026,Nov,Chhattisgarh,Agriculture,"Horticulture workers (including nursery growers)
",264.29,@
7230,2025-2026,Nov,Chhattisgarh,Agriculture,"Fishermen-inland
",@,-
7231,2025-2026,Nov,Chhattisgarh,Agriculture,"Fishermen-coastal/deep-sea
",-,-
7232,2025-2026,Nov,Chhattisgarh,Agriculture,"Loggers and wood cutters
",370,@
7233,2025-2026,Nov,Chhattisgarh,Agriculture,"Animal husbandry workers (including poultry workers, dairy workers & herdsman)
",310,225.38
7234,2025-2026,Nov,Chhattisgarh,Agriculture,"Packaging labourers, agriculture
",@,@
7235,2025-2026,Nov,Chhattisgarh,Agriculture,"General agricultural labourers (including watering/irrigation workers, etc.)
",280,228.33
7236,2025-2026,Nov,Chhattisgarh,Agriculture,"Plant protection workers (applying pesticides, treating seeds, etc.
",300.48,220
7237,2025-2026,Nov,"Daman and Diu, Dadra Nagar and Haveli",Agriculture,"Animal husbandry workers (including poultry workers, dairy workers & herdsman)
",@,@
7238,2025-2026,Nov,"Daman and Diu, Dadra Nagar and Haveli",Agriculture,"Packaging labourers, agriculture
",@,@
7239,2025-2026,Nov,"Daman and Diu, Dadra Nagar and Haveli",Agriculture,"General agricultural labourers (including watering/irrigation workers, etc.)
",395.71,@
7240,2025-2026,Nov,"Daman and Diu, Dadra Nagar and Haveli",Agriculture,"Plant protection workers (applying pesticides, treating seeds, etc.
",@,-
7241,2025-2026,Nov,"Daman and Diu, Dadra Nagar and Haveli",Agriculture,"Ploughing/Tilling workers",518.33,@
7242,2025-2026,Nov,"Daman and Diu, Dadra Nagar and Haveli",Agriculture,"Sowing(including Planting/Transplanting/ Weeding) workers)
",407.5,430
7243,2025-2026,Nov,"Daman and Diu, Dadra Nagar and Haveli",Agriculture,"Harvesting/Winnowing/Threshing workers
",411.33,433.75
7244,2025-2026,Nov,"Daman and Diu, Dadra Nagar and Haveli",Agriculture,"Picking workers (including Tea, Cotton, Tobacco and other commercial crops)
",-,-
7245,2025-2026,Nov,"Daman and Diu, Dadra Nagar and Haveli",Agriculture,"Horticulture workers (including nursery growers)
",@,-
7246,2025-2026,Nov,"Daman and Diu, Dadra Nagar and Haveli",Agriculture,"Fishermen-inland
",@,-
7247,2025-2026,Nov,"Daman and Diu, Dadra Nagar and Haveli",Agriculture,"Fishermen-coastal/deep-sea
",572,-
7248,2025-2026,Nov,"Daman and Diu, Dadra Nagar and Haveli",Agriculture,"Loggers and wood cutters
",520,-
7249,2025-2026,Nov,Delhi,Agriculture,"Ploughing/Tilling workers",712.5,-
7250,2025-2026,Nov,Delhi,Agriculture,"Sowing(including Planting/Transplanting/ Weeding) workers)
",525,-
7251,2025-2026,Nov,Delhi,Agriculture,"Harvesting/Winnowing/Threshing workers
",512.5,-
7252,2025-2026,Nov,Delhi,Agriculture,"Picking workers (including Tea, Cotton, Tobacco and other commercial crops)
",-,-
7253,2025-2026,Nov,Delhi,Agriculture,"Horticulture workers (including nursery growers)
",-,-
7254,2025-2026,Nov,Delhi,Agriculture,"Fishermen-inland
",-,-
7255,2025-2026,Nov,Delhi,Agriculture,"Fishermen-coastal/deep-sea
",-,-
7256,2025-2026,Nov,Delhi,Agriculture,"Loggers and wood cutters
",-,-
7257,2025-2026,Nov,Delhi,Agriculture,"Animal husbandry workers (including poultry workers, dairy workers & herdsman)
",-,-
7258,2025-2026,Nov,Delhi,Agriculture,"Packaging labourers, agriculture
",-,-
7259,2025-2026,Nov,Delhi,Agriculture,"General agricultural labourers (including watering/irrigation workers, etc.)
",-,-
7260,2025-2026,Nov,Delhi,Agriculture,"Plant protection workers (applying pesticides, treating seeds, etc.
",-,-
7261,2025-2026,Nov,Goa,Agriculture,"Animal husbandry workers (including poultry workers, dairy workers & herdsman)
",-,-
7262,2025-2026,Nov,Goa,Agriculture,"Packaging labourers, agriculture
",-,-
7263,2025-2026,Nov,Goa,Agriculture,"General agricultural labourers (including watering/irrigation workers, etc.)
",575,400
7264,2025-2026,Nov,Goa,Agriculture,"Plant protection workers (applying pesticides, treating seeds, etc.
",437.5,-
7265,2025-2026,Nov,Goa,Agriculture,"Ploughing/Tilling workers",650,-
7266,2025-2026,Nov,Goa,Agriculture,"Sowing(including Planting/Transplanting/ Weeding) workers)
",-,-
7267,2025-2026,Nov,Goa,Agriculture,"Harvesting/Winnowing/Threshing workers
",812.5,575
7268,2025-2026,Nov,Goa,Agriculture,"Picking workers (including Tea, Cotton, Tobacco and other commercial crops)
",575,387.5
7269,2025-2026,Nov,Goa,Agriculture,"Horticulture workers (including nursery growers)
",-,-
7270,2025-2026,Nov,Goa,Agriculture,"Fishermen-inland
",-,-
7271,2025-2026,Nov,Goa,Agriculture,"Fishermen-coastal/deep-sea
",-,-
7272,2025-2026,Nov,Goa,Agriculture,"Loggers and wood cutters
",-,-
7273,2025-2026,Nov,Jharkhand,Agriculture,"Ploughing/Tilling workers",386.25,@
7274,2025-2026,Nov,Jharkhand,Agriculture,"Sowing(including Planting/Transplanting/ Weeding) workers)
",350.59,323.33
7275,2025-2026,Nov,Jharkhand,Agriculture,"Harvesting/Winnowing/Threshing workers
",341.58,294.29
7276,2025-2026,Nov,Jharkhand,Agriculture,"Picking workers (including Tea, Cotton, Tobacco and other commercial crops)
",-,-
7277,2025-2026,Nov,Jharkhand,Agriculture,"Horticulture workers (including nursery growers)
",@,@
7278,2025-2026,Nov,Jharkhand,Agriculture,"Fishermen-inland
",479,-
7279,2025-2026,Nov,Jharkhand,Agriculture,"Fishermen-coastal/deep-sea
",-,-
7280,2025-2026,Nov,Jharkhand,Agriculture,"Loggers and wood cutters
",394,@
7281,2025-2026,Nov,Jharkhand,Agriculture,"Animal husbandry workers (including poultry workers, dairy workers & herdsman)
",338.89,-
7282,2025-2026,Nov,Jharkhand,Agriculture,"Packaging labourers, agriculture
",@,@
7283,2025-2026,Nov,Jharkhand,Agriculture,"General agricultural labourers (including watering/irrigation workers, etc.)
",317.89,293.53
7284,2025-2026,Nov,Jharkhand,Agriculture,"Plant protection workers (applying pesticides, treating seeds, etc.
",401.52,@
7285,2025-2026,Nov,Lakshadweep,Agriculture,"Animal husbandry workers (including poultry workers, dairy workers & herdsman)
",550,-
7286,2025-2026,Nov,Lakshadweep,Agriculture,"Packaging labourers, agriculture
",-,-
7287,2025-2026,Nov,Lakshadweep,Agriculture,"General agricultural labourers (including watering/irrigation workers, etc.)
",-,-
7288,2025-2026,Nov,Lakshadweep,Agriculture,"Plant protection workers (applying pesticides, treating seeds, etc.
",-,-
7289,2025-2026,Nov,Lakshadweep,Agriculture,"Ploughing/Tilling workers",@,-
7290,2025-2026,Nov,Lakshadweep,Agriculture,"Sowing(including Planting/Transplanting/ Weeding) workers)
",-,-
7291,2025-2026,Nov,Lakshadweep,Agriculture,"Harvesting/Winnowing/Threshing workers
",872,-
7292,2025-2026,Nov,Lakshadweep,Agriculture,"Picking workers (including Tea, Cotton, Tobacco and other commercial crops)
",-,-
7293,2025-2026,Nov,Lakshadweep,Agriculture,"Horticulture workers (including nursery growers)
",-,-
7294,2025-2026,Nov,Lakshadweep,Agriculture,"Fishermen-inland
",-,-
7295,2025-2026,Nov,Lakshadweep,Agriculture,"Fishermen-coastal/deep-sea
",774,-
7296,2025-2026,Nov,Lakshadweep,Agriculture,"Loggers and wood cutters
",431,-
7297,2025-2026,Nov,Mizoram,Agriculture,"Ploughing/Tilling workers",587.5,487.5
7298,2025-2026,Nov,Mizoram,Agriculture,"Sowing(including Planting/Transplanting/ Weeding) workers)
",587.5,487.5
7299,2025-2026,Nov,Mizoram,Agriculture,"Harvesting/Winnowing/Threshing workers
",587.5,487.5
7300,2025-2026,Nov,Mizoram,Agriculture,"Picking workers (including Tea, Cotton, Tobacco and other commercial crops)
",587.5,487.5
7301,2025-2026,Nov,Mizoram,Agriculture,"Horticulture workers (including nursery growers)
",587.5,503.75
7302,2025-2026,Nov,Mizoram,Agriculture,"Fishermen-inland
",587.5,-
7303,2025-2026,Nov,Mizoram,Agriculture,"Fishermen-coastal/deep-sea
",-,-
7304,2025-2026,Nov,Mizoram,Agriculture,"Loggers and wood cutters
",818.75,-
7305,2025-2026,Nov,Mizoram,Agriculture,"Packaging labourers, agriculture
",575,468.75
7306,2025-2026,Nov,Mizoram,Agriculture,"General agricultural labourers (including watering/irrigation workers, etc.)
",587.5,487.5
7307,2025-2026,Nov,Mizoram,Agriculture,"Plant protection workers (applying pesticides, treating seeds, etc.
",587.5,487.5
7308,2025-2026,Nov,Mizoram,Agriculture,"Animal husbandry workers (including poultry workers, dairy workers & herdsman)
",587.50,500.00
7309,2025-2026,Nov,Nagaland,Agriculture,"Animal husbandry workers (including poultry workers, dairy workers & herdsman)
",@,-
7310,2025-2026,Nov,Nagaland,Agriculture,"Packaging labourers, agriculture
",@,@
7311,2025-2026,Nov,Nagaland,Agriculture,"General agricultural labourers (including watering/irrigation workers, etc.)
",@,@
7312,2025-2026,Nov,Nagaland,Agriculture,"Plant protection workers (applying pesticides, treating seeds, etc.
",673.21,-
7313,2025-2026,Nov,Nagaland,Agriculture,"Ploughing/Tilling workers",483.33,416.67
7314,2025-2026,Nov,Nagaland,Agriculture,"Sowing(including Planting/Transplanting/ Weeding) workers)
",483.33,416.67
7315,2025-2026,Nov,Nagaland,Agriculture,"Harvesting/Winnowing/Threshing workers
",517.26,445.54
7316,2025-2026,Nov,Nagaland,Agriculture,"Picking workers (including Tea, Cotton, Tobacco and other commercial crops)
",@,@
7317,2025-2026,Nov,Nagaland,Agriculture,"Horticulture workers (including nursery growers)
",553.4,483.67
7318,2025-2026,Nov,Nagaland,Agriculture,"Fishermen-inland
",@,-
7319,2025-2026,Nov,Nagaland,Agriculture,"Fishermen-coastal/deep-sea
",-,-
7320,2025-2026,Nov,Nagaland,Agriculture,"Loggers and wood cutters
",937.5,-
7321,2025-2026,Nov,Puducerry,Agriculture,"Ploughing/Tilling workers",-,-
7322,2025-2026,Nov,Puducerry,Agriculture,"Sowing(including Planting/Transplanting/ Weeding) workers)
",858.75,448.57
7323,2025-2026,Nov,Puducerry,Agriculture,"Harvesting/Winnowing/Threshing workers
",966.25,492
7324,2025-2026,Nov,Puducerry,Agriculture,"Picking workers (including Tea, Cotton, Tobacco and other commercial crops)
",-,333.33
7325,2025-2026,Nov,Puducerry,Agriculture,"Horticulture workers (including nursery growers)
",-,-
7326,2025-2026,Nov,Puducerry,Agriculture,"Fishermen-inland
",-,-
7327,2025-2026,Nov,Puducerry,Agriculture,"Fishermen-coastal/deep-sea
",-,-
7328,2025-2026,Nov,Puducerry,Agriculture,"Loggers and wood cutters
",906.25,-
7329,2025-2026,Nov,Puducerry,Agriculture,"Packaging labourers, agriculture
",604,302
7330,2025-2026,Nov,Puducerry,Agriculture,"General agricultural labourers (including watering/irrigation workers, etc.)
",691.67,352
7331,2025-2026,Nov,Puducerry,Agriculture,"Plant protection workers (applying pesticides, treating seeds, etc.
",615,@
7332,2025-2026,Nov,Puducerry,Agriculture,"Animal husbandry workers (including poultry workers, dairy workers & herdsman)
",-,-
7333,2025-2026,Nov,Sikkim,Agriculture,"Animal husbandry workers (including poultry workers, dairy workers & herdsman)
",-,-
7334,2025-2026,Nov,Sikkim,Agriculture,"Packaging labourers, agriculture
",-,-
7335,2025-2026,Nov,Sikkim,Agriculture,"General agricultural labourers (including watering/irrigation workers, etc.)
",478.57,@
7336,2025-2026,Nov,Sikkim,Agriculture,"Plant protection workers (applying pesticides, treating seeds, etc.
",-,-
7337,2025-2026,Nov,Sikkim,Agriculture,"Ploughing/Tilling workers",1544.64,-
7338,2025-2026,Nov,Sikkim,Agriculture,"Sowing(including Planting/Transplanting/ Weeding) workers)
",576.1900000000001,514.29
7339,2025-2026,Nov,Sikkim,Agriculture,"Harvesting/Winnowing/Threshing workers
",478.57,478.57
7340,2025-2026,Nov,Sikkim,Agriculture,"Picking workers (including Tea, Cotton, Tobacco and other commercial crops)
",-,-
7341,2025-2026,Nov,Sikkim,Agriculture,"Horticulture workers (including nursery growers)
",464.76,476.19
7342,2025-2026,Nov,Sikkim,Agriculture,"Fishermen-inland
",-,-
7343,2025-2026,Nov,Sikkim,Agriculture,"Fishermen-coastal/deep-sea
",-,-
7344,2025-2026,Nov,Sikkim,Agriculture,"Loggers and wood cutters
",853.5700000000001,-
7345,2025-2026,Nov,Telangana,Agriculture,"Ploughing/Tilling workers",667.78,@
7346,2025-2026,Nov,Telangana,Agriculture,"Sowing(including Planting/Transplanting/ Weeding) workers)
",564.55,380.36
7347,2025-2026,Nov,Telangana,Agriculture,"Harvesting/Winnowing/Threshing workers
",626.67,433.53
7348,2025-2026,Nov,Telangana,Agriculture,"Picking workers (including Tea, Cotton, Tobacco and other commercial crops)
",464.44,344.09
7349,2025-2026,Nov,Telangana,Agriculture,"Horticulture workers (including nursery growers)
",@,335.71
7350,2025-2026,Nov,Telangana,Agriculture,"Fishermen-inland
",-,-
7351,2025-2026,Nov,Telangana,Agriculture,"Fishermen-coastal/deep-sea
",-,-
7352,2025-2026,Nov,Telangana,Agriculture,"Loggers and wood cutters
",383.33,-
7353,2025-2026,Nov,Telangana,Agriculture,"Packaging labourers, agriculture
",@,-
7354,2025-2026,Nov,Telangana,Agriculture,"General agricultural labourers (including watering/irrigation workers, etc.)
",413.79,360.43
7355,2025-2026,Nov,Telangana,Agriculture,"Plant protection workers (applying pesticides, treating seeds, etc.
",400,-
7356,2025-2026,Nov,Telangana,Agriculture,"Animal husbandry workers (including poultry workers, dairy workers & herdsman)
",324.21,-
7357,2025-2026,Nov,Uttarakhand,Agriculture,"Animal husbandry workers (including poultry workers, dairy workers & herdsman)
",433.33,@
7358,2025-2026,Nov,Uttarakhand,Agriculture,"Packaging labourers, agriculture
",@,-
7359,2025-2026,Nov,Uttarakhand,Agriculture,"General agricultural labourers (including watering/irrigation workers, etc.)
",487.5,360
7360,2025-2026,Nov,Uttarakhand,Agriculture,"Plant protection workers (applying pesticides, treating seeds, etc.
",@,-
7361,2025-2026,Nov,Uttarakhand,Agriculture,"Ploughing/Tilling workers",@,@
7362,2025-2026,Nov,Uttarakhand,Agriculture,"Sowing(including Planting/Transplanting/ Weeding) workers)
",537.5,485.71
7363,2025-2026,Nov,Uttarakhand,Agriculture,"Harvesting/Winnowing/Threshing workers
",516.67,520
7364,2025-2026,Nov,Uttarakhand,Agriculture,"Picking workers (including Tea, Cotton, Tobacco and other commercial crops)
",-,-
7365,2025-2026,Nov,Uttarakhand,Agriculture,"Horticulture workers (including nursery growers)
",@,@
7366,2025-2026,Nov,Uttarakhand,Agriculture,"Fishermen-inland
",-,-
7367,2025-2026,Nov,Uttarakhand,Agriculture,"Fishermen-coastal/deep-sea
",-,-
7368,2025-2026,Nov,Uttarakhand,Agriculture,"Loggers and wood cutters
",606.25,-
7369,2025-2026,Nov,"All India",Agriculture,"Ploughing/Tilling workers",536.62,403.49
7370,2025-2026,Nov,"All India",Agriculture,"Sowing(including Planting/Transplanting/ Weeding) workers)
",474.90,384.22
7371,2025-2026,Nov,"All India",Agriculture,"Harvesting/Winnowing/Threshing workers
",482.10,387.74
7372,2025-2026,Nov,"All India",Agriculture,"Picking workers (including Tea, Cotton, Tobacco and other commercial crops)
",439.37,370.04
7373,2025-2026,Nov,"All India",Agriculture,"Horticulture workers (including nursery growers)
",463.19,371.14
7374,2025-2026,Nov,"All India",Agriculture,"Fishermen-inland
",502.68,338.24
7375,2025-2026,Nov,"All India",Agriculture,"Fishermen-coastal/deep-sea
",734.71,-
7376,2025-2026,Nov,"All India",Agriculture,"Loggers and wood cutters
",565.29,340.16
7377,2025-2026,Nov,"All India",Agriculture,"Animal husbandry workers (including poultry workers, dairy workers & herdsman)
",405.00,348.36
7378,2025-2026,Nov,"All India",Agriculture,"Packaging labourers, agriculture
",463.14,392.92
7379,2025-2026,Nov,"All India",Agriculture,"General agricultural labourers (including watering/irrigation workers, etc.)
",449.81,368.87
7380,2025-2026,Nov,"All India",Agriculture,"Plant protection workers (applying pesticides, treating seeds, etc.
",502.91,399.43
7381,2024-2025,Nov,"All India",Agriculture,"Ploughing/Tilling workers",447.36,314.21
7382,2024-2025,Nov,"All India",Agriculture,"Sowing(including Planting/Transplanting/ Weeding) workers)
",410.35,340.47
7383,2024-2025,Nov,"All India",Agriculture,"Harvesting/Winnowing/Threshing workers
",406.01,340.65
7384,2024-2025,Nov,"All India",Agriculture,"Picking workers (including Tea, Cotton, Tobacco and other commercial crops)
",373.50,328.08
7385,2024-2025,Nov,"All India",Agriculture,"Horticulture workers (including nursery growers)
",407.65,313.76
7386,2024-2025,Nov,"All India",Agriculture,"Fishermen-inland
",456.84,@
7387,2024-2025,Nov,"All India",Agriculture,"Fishermen-coastal/deep-sea
",456.00,@
7388,2024-2025,Nov,"All India",Agriculture,"Loggers and wood cutters
",496.95,305.76
7389,2024-2025,Nov,"All India",Agriculture,"Animal husbandry workers (including poultry workers, dairy workers & herdsman)
",327.75,261.88
7390,2024-2025,Nov,"All India",Agriculture,"Packaging labourers, agriculture
",374.25,315.81
7391,2024-2025,Nov,"All India",Agriculture,"General agricultural labourers (including watering/irrigation workers, etc.)
",402.18,318.70
7392,2024-2025,Nov,"All India",Agriculture,"Plant protection workers (applying pesticides, treating seeds, etc.
",446.58,298.17
7393,2024-2025,Dec,"ANDHRA PRADESH",Agriculture,"Ploughing/Tilling workers",640.88,@
7394,2024-2025,Dec,"ANDHRA PRADESH",Agriculture,"Sowing(including Planting/Transplanting/ Weeding) workers)
",536.27,413.17
7395,2024-2025,Dec,"ANDHRA PRADESH",Agriculture,"Harvesting/Winnowing/Threshing workers
",551.45,414.06
7396,2024-2025,Dec,"ANDHRA PRADESH",Agriculture,"Picking workers (including Tea, Cotton, Tobacco and other commercial crops)
",448.00,385.29
7397,2024-2025,Dec,"ANDHRA PRADESH",Agriculture,"Horticulture workers (including nursery growers)
",@,316.00
7398,2024-2025,Dec,"ANDHRA PRADESH",Agriculture,"Fishermen-inland
",@,@
7399,2024-2025,Dec,"ANDHRA PRADESH",Agriculture,"Fishermen-coastal/deep-sea
",-,-
7400,2024-2025,Dec,"ANDHRA PRADESH",Agriculture,"Loggers and wood cutters
",513.68,-
7401,2024-2025,Dec,"ANDHRA PRADESH",Agriculture,"Animal husbandry workers (including poultry workers, dairy workers & herdsman)
",344.62,@
7402,2024-2025,Dec,"ANDHRA PRADESH",Agriculture,"Packaging labourers, agriculture
",@,@
7403,2024-2025,Dec,"ANDHRA PRADESH",Agriculture,"General agricultural labourers (including watering/irrigation workers, etc.)
",465.76,339.51
7404,2024-2025,Dec,"ANDHRA PRADESH",Agriculture,"Plant protection workers (applying pesticides, treating seeds, etc.
",706.52,@
7405,2025-2026,Dec,"ANDHRA PRADESH",Agriculture,"Ploughing/Tilling workers",691.65,@
7406,2025-2026,Dec,"ANDHRA PRADESH",Agriculture,"Sowing(including Planting/Transplanting/ Weeding) workers)
",613.3099999999999,443.87
7407,2025-2026,Dec,"ANDHRA PRADESH",Agriculture,"Harvesting/Winnowing/Threshing workers
",620.95,424
7408,2025-2026,Dec,"ANDHRA PRADESH",Agriculture,"Picking workers (including Tea, Cotton, Tobacco and other commercial crops)
",466.43,431.75
7409,2025-2026,Dec,"ANDHRA PRADESH",Agriculture,"Horticulture workers (including nursery growers)
",583.36,444.95
7410,2025-2026,Dec,"ANDHRA PRADESH",Agriculture,"Fishermen-inland
",@,-
7411,2025-2026,Dec,"ANDHRA PRADESH",Agriculture,"Fishermen-coastal/deep-sea
",-,-
7412,2025-2026,Dec,"ANDHRA PRADESH",Agriculture,"Loggers and wood cutters
",631.15,-
7413,2025-2026,Dec,"ANDHRA PRADESH",Agriculture,"Animal husbandry workers (including poultry workers, dairy workers & herdsman)
",@,@
7414,2025-2026,Dec,"ANDHRA PRADESH",Agriculture,"Packaging labourers, agriculture
",@,@
7415,2025-2026,Dec,"ANDHRA PRADESH",Agriculture,"General agricultural labourers (including watering/irrigation workers, etc.)
",593.89,433.71
7416,2025-2026,Dec,"ANDHRA PRADESH",Agriculture,"Plant protection workers (applying pesticides, treating seeds, etc.
",894.4,-
7417,2025-2026,Dec,ASSAM,Agriculture,"Ploughing/Tilling workers",510.9,@
7418,2025-2026,Dec,ASSAM,Agriculture,"Sowing(including Planting/Transplanting/ Weeding) workers)
",409.9,374.29
7419,2025-2026,Dec,ASSAM,Agriculture,"Harvesting/Winnowing/Threshing workers
",448.38,382.05
7420,2025-2026,Dec,ASSAM,Agriculture,"Picking workers (including Tea, Cotton, Tobacco and other commercial crops)
",@,@
7421,2025-2026,Dec,ASSAM,Agriculture,"Horticulture workers (including nursery growers)
",436.01,340
7422,2025-2026,Dec,ASSAM,Agriculture,"Fishermen-inland
",517.62,-
7423,2025-2026,Dec,ASSAM,Agriculture,"Fishermen-coastal/deep-sea
",-,-
7424,2025-2026,Dec,ASSAM,Agriculture,"Loggers and wood cutters
",467.46,-
7425,2025-2026,Dec,ASSAM,Agriculture,"Animal husbandry workers (including poultry workers, dairy workers & herdsman)
",444.35,454.07
7426,2025-2026,Dec,ASSAM,Agriculture,"Packaging labourers, agriculture
",@,@
7427,2025-2026,Dec,ASSAM,Agriculture,"General agricultural labourers (including watering/irrigation workers, etc.)
",395.93,358.13
7428,2025-2026,Dec,ASSAM,Agriculture,"Plant protection workers (applying pesticides, treating seeds, etc.
",437.29,@
7429,2024-2025,Dec,ASSAM,Agriculture,"Ploughing/Tilling workers",450.86,@
7430,2024-2025,Dec,ASSAM,Agriculture,"Sowing(including Planting/Transplanting/ Weeding) workers)
",418.47,338.52
7431,2024-2025,Dec,ASSAM,Agriculture,"Harvesting/Winnowing/Threshing workers
",408.04,327.22
7432,2024-2025,Dec,ASSAM,Agriculture,"Picking workers (including Tea, Cotton, Tobacco and other commercial crops)
",@,@
7433,2024-2025,Dec,ASSAM,Agriculture,"Horticulture workers (including nursery growers)
",-,342.22
7434,2024-2025,Dec,ASSAM,Agriculture,"Fishermen-inland
",-,-
7435,2024-2025,Dec,ASSAM,Agriculture,"Fishermen-coastal/deep-sea
",-,-
7436,2024-2025,Dec,ASSAM,Agriculture,"Loggers and wood cutters
",383.00,-
7437,2024-2025,Dec,ASSAM,Agriculture,"Animal husbandry workers (including poultry workers, dairy workers & herdsman)
",298.33,-
7438,2024-2025,Dec,ASSAM,Agriculture,"Packaging labourers, agriculture
",374.00,@
7439,2024-2025,Dec,ASSAM,Agriculture,"General agricultural labourers (including watering/irrigation workers, etc.)
",395.26,348.67
7440,2024-2025,Dec,ASSAM,Agriculture,"Plant protection workers (applying pesticides, treating seeds, etc.
",@,@
7441,2024-2025,Dec,BIHAR,Agriculture,"Ploughing/Tilling workers",413.98,-
7442,2024-2025,Dec,BIHAR,Agriculture,"Sowing(including Planting/Transplanting/ Weeding) workers)
",396.69,337.73
7443,2024-2025,Dec,BIHAR,Agriculture,"Harvesting/Winnowing/Threshing workers
",378.81,341.83
7444,2024-2025,Dec,BIHAR,Agriculture,"Picking workers (including Tea, Cotton, Tobacco and other commercial crops)
",360.90,@
7445,2024-2025,Dec,BIHAR,Agriculture,"Horticulture workers (including nursery growers)
",296.17,264.52
7446,2024-2025,Dec,BIHAR,Agriculture,"Fishermen-inland
",365.33,-
7447,2024-2025,Dec,BIHAR,Agriculture,"Fishermen-coastal/deep-sea
",-,-
7448,2024-2025,Dec,BIHAR,Agriculture,"Loggers and wood cutters
",482.01,-
7449,2024-2025,Dec,BIHAR,Agriculture,"Animal husbandry workers (including poultry workers, dairy workers & herdsman)
",307.72,301.67
7450,2024-2025,Dec,BIHAR,Agriculture,"Packaging labourers, agriculture
",325.00,323.33
7451,2024-2025,Dec,BIHAR,Agriculture,"General agricultural labourers (including watering/irrigation workers, etc.)
",363.12,327.83
7452,2024-2025,Dec,BIHAR,Agriculture,"Plant protection workers (applying pesticides, treating seeds, etc.
",386.36,@
7453,2025-2026,Dec,BIHAR,Agriculture,"Ploughing/Tilling workers",436.01,320
7454,2025-2026,Dec,BIHAR,Agriculture,"Sowing(including Planting/Transplanting/ Weeding) workers)
",384.69,325.67
7455,2025-2026,Dec,BIHAR,Agriculture,"Harvesting/Winnowing/Threshing workers
",386.7,324.99
7456,2025-2026,Dec,BIHAR,Agriculture,"Picking workers (including Tea, Cotton, Tobacco and other commercial crops)
",@,@
7457,2025-2026,Dec,BIHAR,Agriculture,"Horticulture workers (including nursery growers)
",344.44,287.5
7458,2025-2026,Dec,BIHAR,Agriculture,"Fishermen-inland
",450,-
7459,2025-2026,Dec,BIHAR,Agriculture,"Fishermen-coastal/deep-sea
",-,-
7460,2025-2026,Dec,BIHAR,Agriculture,"Loggers and wood cutters
",528.88,-
7461,2025-2026,Dec,BIHAR,Agriculture,"Animal husbandry workers (including poultry workers, dairy workers & herdsman)
",376.29,@
7462,2025-2026,Dec,BIHAR,Agriculture,"Packaging labourers, agriculture
",338.89,280
7463,2025-2026,Dec,BIHAR,Agriculture,"General agricultural labourers (including watering/irrigation workers, etc.)
",377.98,287.5
7464,2025-2026,Dec,BIHAR,Agriculture,"Plant protection workers (applying pesticides, treating seeds, etc.
",384.69,282.14
7465,2025-2026,Dec,GUJARAT,Agriculture,"Ploughing/Tilling workers",405.54,362.5
7466,2025-2026,Dec,GUJARAT,Agriculture,"Sowing(including Planting/Transplanting/ Weeding) workers)
",342.97,335.07
7467,2025-2026,Dec,GUJARAT,Agriculture,"Harvesting/Winnowing/Threshing workers
",345.53,334.49
7468,2025-2026,Dec,GUJARAT,Agriculture,"Picking workers (including Tea, Cotton, Tobacco and other commercial crops)
",343.1,330.34
7469,2025-2026,Dec,GUJARAT,Agriculture,"Horticulture workers (including nursery growers)
",294.29,292
7470,2025-2026,Dec,GUJARAT,Agriculture,"Fishermen-inland
",@,@
7471,2025-2026,Dec,GUJARAT,Agriculture,"Fishermen-coastal/deep-sea
",-,-
7472,2025-2026,Dec,GUJARAT,Agriculture,"Loggers and wood cutters
",413.25,368.57
7473,2025-2026,Dec,GUJARAT,Agriculture,"Animal husbandry workers (including poultry workers, dairy workers & herdsman)
",338,289.26
7474,2025-2026,Dec,GUJARAT,Agriculture,"Packaging labourers, agriculture
",357.06,347
7475,2025-2026,Dec,GUJARAT,Agriculture,"General agricultural labourers (including watering/irrigation workers, etc.)
",331.36,300.29
7476,2025-2026,Dec,GUJARAT,Agriculture,"Plant protection workers (applying pesticides, treating seeds, etc.
",357.24,327.22
7477,2024-2025,Dec,GUJARAT,Agriculture,"Ploughing/Tilling workers",353.62,288.00
7478,2024-2025,Dec,GUJARAT,Agriculture,"Sowing(including Planting/Transplanting/ Weeding) workers)
",313.33,301.38
7479,2024-2025,Dec,GUJARAT,Agriculture,"Harvesting/Winnowing/Threshing workers
",316.67,312.33
7480,2024-2025,Dec,GUJARAT,Agriculture,"Picking workers (including Tea, Cotton, Tobacco and other commercial crops)
",308.00,306.00
7481,2024-2025,Dec,GUJARAT,Agriculture,"Horticulture workers (including nursery growers)
",231.43,235.00
7482,2024-2025,Dec,GUJARAT,Agriculture,"Fishermen-inland
",@,-
7483,2024-2025,Dec,GUJARAT,Agriculture,"Fishermen-coastal/deep-sea
",-,-
7484,2024-2025,Dec,GUJARAT,Agriculture,"Loggers and wood cutters
",380.38,@
7485,2024-2025,Dec,GUJARAT,Agriculture,"Animal husbandry workers (including poultry workers, dairy workers & herdsman)
",269.55,@
7486,2024-2025,Dec,GUJARAT,Agriculture,"Packaging labourers, agriculture
",261.43,@
7487,2024-2025,Dec,GUJARAT,Agriculture,"General agricultural labourers (including watering/irrigation workers, etc.)
",292.37,285.59
7488,2024-2025,Dec,GUJARAT,Agriculture,"Plant protection workers (applying pesticides, treating seeds, etc.
",281.67,-
7489,2024-2025,Dec,HARYANA,Agriculture,"Ploughing/Tilling workers",508.50,@
7490,2024-2025,Dec,HARYANA,Agriculture,"Sowing(including Planting/Transplanting/ Weeding) workers)
",504.83,465.82
7491,2024-2025,Dec,HARYANA,Agriculture,"Harvesting/Winnowing/Threshing workers
",519.82,482.80
7492,2024-2025,Dec,HARYANA,Agriculture,"Picking workers (including Tea, Cotton, Tobacco and other commercial crops)
",518.33,508.33
7493,2024-2025,Dec,HARYANA,Agriculture,"Horticulture workers (including nursery growers)
",@,@
7494,2024-2025,Dec,HARYANA,Agriculture,"Fishermen-inland
",-,-
7495,2024-2025,Dec,HARYANA,Agriculture,"Fishermen-coastal/deep-sea
",-,-
7496,2024-2025,Dec,HARYANA,Agriculture,"Loggers and wood cutters
",514.00,-
7497,2024-2025,Dec,HARYANA,Agriculture,"Animal husbandry workers (including poultry workers, dairy workers & herdsman)
",490.00,@
7498,2024-2025,Dec,HARYANA,Agriculture,"Packaging labourers, agriculture
",@,@
7499,2024-2025,Dec,HARYANA,Agriculture,"General agricultural labourers (including watering/irrigation workers, etc.)
",509.00,469.67
7500,2024-2025,Dec,HARYANA,Agriculture,"Plant protection workers (applying pesticides, treating seeds, etc.
",519.75,-
7501,2025-2026,Dec,HARYANA,Agriculture,"Ploughing/Tilling workers",596.38,@
7502,2025-2026,Dec,HARYANA,Agriculture,"Sowing(including Planting/Transplanting/ Weeding) workers)
",614.48,542.5
7503,2025-2026,Dec,HARYANA,Agriculture,"Harvesting/Winnowing/Threshing workers
",564.48,434.4
7504,2025-2026,Dec,HARYANA,Agriculture,"Picking workers (including Tea, Cotton, Tobacco and other commercial crops)
",520,520
7505,2025-2026,Dec,HARYANA,Agriculture,"Horticulture workers (including nursery growers)
",@,@
7506,2025-2026,Dec,HARYANA,Agriculture,"Fishermen-inland
",-,-
7507,2025-2026,Dec,HARYANA,Agriculture,"Fishermen-coastal/deep-sea
",-,-
7508,2025-2026,Dec,HARYANA,Agriculture,"Loggers and wood cutters
",513.75,-
7509,2025-2026,Dec,HARYANA,Agriculture,"Animal husbandry workers (including poultry workers, dairy workers & herdsman)
",426.46,394.44
7510,2025-2026,Dec,HARYANA,Agriculture,"Packaging labourers, agriculture
",584,605.71
7511,2025-2026,Dec,HARYANA,Agriculture,"General agricultural labourers (including watering/irrigation workers, etc.)
",586.86,502.67
7512,2025-2026,Dec,HARYANA,Agriculture,"Plant protection workers (applying pesticides, treating seeds, etc.
",582.1,@
7513,2025-2026,Dec,"HIMACHAL PRADESH",Agriculture,"Ploughing/Tilling workers",766.67,@
7514,2025-2026,Dec,"HIMACHAL PRADESH",Agriculture,"Sowing(including Planting/Transplanting/ Weeding) workers)
",580,557.78
7515,2025-2026,Dec,"HIMACHAL PRADESH",Agriculture,"Harvesting/Winnowing/Threshing workers
",530,492.5
7516,2025-2026,Dec,"HIMACHAL PRADESH",Agriculture,"Picking workers (including Tea, Cotton, Tobacco and other commercial crops)
",-,-
7517,2025-2026,Dec,"HIMACHAL PRADESH",Agriculture,"Horticulture workers (including nursery growers)
",538,538
7518,2025-2026,Dec,"HIMACHAL PRADESH",Agriculture,"Fishermen-inland
",@,-
7519,2025-2026,Dec,"HIMACHAL PRADESH",Agriculture,"Fishermen-coastal/deep-sea
",-,-
7520,2025-2026,Dec,"HIMACHAL PRADESH",Agriculture,"Loggers and wood cutters
",648.75,@
7521,2025-2026,Dec,"HIMACHAL PRADESH",Agriculture,"Animal husbandry workers (including poultry workers, dairy workers & herdsman)
",@,@
7522,2025-2026,Dec,"HIMACHAL PRADESH",Agriculture,"Packaging labourers, agriculture
",@,@
7523,2025-2026,Dec,"HIMACHAL PRADESH",Agriculture,"General agricultural labourers (including watering/irrigation workers, etc.)
",530,530
7524,2025-2026,Dec,"HIMACHAL PRADESH",Agriculture,"Plant protection workers (applying pesticides, treating seeds, etc.
",691.67,@
7525,2024-2025,Dec,"HIMACHAL PRADESH",Agriculture,"Ploughing/Tilling workers",618.00,-
7526,2024-2025,Dec,"HIMACHAL PRADESH",Agriculture,"Sowing(including Planting/Transplanting/ Weeding) workers)
",510.00,@
7527,2024-2025,Dec,"HIMACHAL PRADESH",Agriculture,"Harvesting/Winnowing/Threshing workers
",518.00,@
7528,2024-2025,Dec,"HIMACHAL PRADESH",Agriculture,"Picking workers (including Tea, Cotton, Tobacco and other commercial crops)
",-,-
7529,2024-2025,Dec,"HIMACHAL PRADESH",Agriculture,"Horticulture workers (including nursery growers)
",496.00,@
7530,2024-2025,Dec,"HIMACHAL PRADESH",Agriculture,"Fishermen-inland
",-,-
7531,2024-2025,Dec,"HIMACHAL PRADESH",Agriculture,"Fishermen-coastal/deep-sea
",-,-
7532,2024-2025,Dec,"HIMACHAL PRADESH",Agriculture,"Loggers and wood cutters
",578.00,-
7533,2024-2025,Dec,"HIMACHAL PRADESH",Agriculture,"Animal husbandry workers (including poultry workers, dairy workers & herdsman)
",@,@
7534,2024-2025,Dec,"HIMACHAL PRADESH",Agriculture,"Packaging labourers, agriculture
",-,-
7535,2024-2025,Dec,"HIMACHAL PRADESH",Agriculture,"General agricultural labourers (including watering/irrigation workers, etc.)
",516.00,@
7536,2024-2025,Dec,"HIMACHAL PRADESH",Agriculture,"Plant protection workers (applying pesticides, treating seeds, etc.
",@,-
7537,2024-2025,Dec,"JAMMU & KASHMIR
",Agriculture,"Ploughing/Tilling workers",721.82,-
7538,2024-2025,Dec,"JAMMU & KASHMIR
",Agriculture,"Sowing(including Planting/Transplanting/ Weeding) workers)
",633.68,@
7539,2024-2025,Dec,"JAMMU & KASHMIR
",Agriculture,"Harvesting/Winnowing/Threshing workers
",642.31,@
7540,2024-2025,Dec,"JAMMU & KASHMIR
",Agriculture,"Picking workers (including Tea, Cotton, Tobacco and other commercial crops)
",@,-
7541,2024-2025,Dec,"JAMMU & KASHMIR
",Agriculture,"Horticulture workers (including nursery growers)
",630.00,-
7542,2024-2025,Dec,"JAMMU & KASHMIR
",Agriculture,"Fishermen-inland
",-,-
7543,2024-2025,Dec,"JAMMU & KASHMIR
",Agriculture,"Fishermen-coastal/deep-sea
",-,-
7544,2024-2025,Dec,"JAMMU & KASHMIR
",Agriculture,"Loggers and wood cutters
",637.00,-
7545,2024-2025,Dec,"JAMMU & KASHMIR
",Agriculture,"Animal husbandry workers (including poultry workers, dairy workers & herdsman)
",570.00,-
7546,2024-2025,Dec,"JAMMU & KASHMIR
",Agriculture,"Packaging labourers, agriculture
",668.57,-
7547,2024-2025,Dec,"JAMMU & KASHMIR
",Agriculture,"General agricultural labourers (including watering/irrigation workers, etc.)
",591.50,@
7548,2024-2025,Dec,"JAMMU & KASHMIR
",Agriculture,"Plant protection workers (applying pesticides, treating seeds, etc.
",648.00,-
7549,2025-2026,Dec,"JAMMU & KASHMIR
",Agriculture,"Ploughing/Tilling workers",740.45,-
7550,2025-2026,Dec,"JAMMU & KASHMIR
",Agriculture,"Sowing(including Planting/Transplanting/ Weeding) workers)
",667,@
7551,2025-2026,Dec,"JAMMU & KASHMIR
",Agriculture,"Harvesting/Winnowing/Threshing workers
",674.5,620
7552,2025-2026,Dec,"JAMMU & KASHMIR
",Agriculture,"Picking workers (including Tea, Cotton, Tobacco and other commercial crops)
",692.86,-
7553,2025-2026,Dec,"JAMMU & KASHMIR
",Agriculture,"Horticulture workers (including nursery growers)
",660.77,-
7554,2025-2026,Dec,"JAMMU & KASHMIR
",Agriculture,"Fishermen-inland
",-,-
7555,2025-2026,Dec,"JAMMU & KASHMIR
",Agriculture,"Fishermen-coastal/deep-sea
",-,-
7556,2025-2026,Dec,"JAMMU & KASHMIR
",Agriculture,"Loggers and wood cutters
",763,-
7557,2025-2026,Dec,"JAMMU & KASHMIR
",Agriculture,"Animal husbandry workers (including poultry workers, dairy workers & herdsman)
",464.05,-
7558,2025-2026,Dec,"JAMMU & KASHMIR
",Agriculture,"Packaging labourers, agriculture
",718.1799999999999,-
7559,2025-2026,Dec,"JAMMU & KASHMIR
",Agriculture,"General agricultural labourers (including watering/irrigation workers, etc.)
",586.11,-
7560,2025-2026,Dec,"JAMMU & KASHMIR
",Agriculture,"Plant protection workers (applying pesticides, treating seeds, etc.
",687.5,-
7561,2025-2026,Dec,KARNATAKA,Agriculture,"Ploughing/Tilling workers",624.21,@
7562,2025-2026,Dec,KARNATAKA,Agriculture,"Sowing(including Planting/Transplanting/ Weeding) workers)
",569.58,425.81
7563,2025-2026,Dec,KARNATAKA,Agriculture,"Harvesting/Winnowing/Threshing workers
",552.98,412.98
7564,2025-2026,Dec,KARNATAKA,Agriculture,"Picking workers (including Tea, Cotton, Tobacco and other commercial crops)
",486.43,354
7565,2025-2026,Dec,KARNATAKA,Agriculture,"Horticulture workers (including nursery growers)
",546.3,350.91
7566,2025-2026,Dec,KARNATAKA,Agriculture,"Fishermen-inland
",@,-
7567,2025-2026,Dec,KARNATAKA,Agriculture,"Fishermen-coastal/deep-sea
",-,-
7568,2025-2026,Dec,KARNATAKA,Agriculture,"Loggers and wood cutters
",621.98,-
7569,2025-2026,Dec,KARNATAKA,Agriculture,"Animal husbandry workers (including poultry workers, dairy workers & herdsman)
",536.92,@
7570,2025-2026,Dec,KARNATAKA,Agriculture,"Packaging labourers, agriculture
",507.5,402
7571,2025-2026,Dec,KARNATAKA,Agriculture,"General agricultural labourers (including watering/irrigation workers, etc.)
",521.65,398.77
7572,2025-2026,Dec,KARNATAKA,Agriculture,"Plant protection workers (applying pesticides, treating seeds, etc.
",487.5,409.57
7573,2024-2025,Dec,KARNATAKA,Agriculture,"Ploughing/Tilling workers",507.82,266.67
7574,2024-2025,Dec,KARNATAKA,Agriculture,"Sowing(including Planting/Transplanting/ Weeding) workers)
",462.00,339.64
7575,2024-2025,Dec,KARNATAKA,Agriculture,"Harvesting/Winnowing/Threshing workers
",459.33,322.67
7576,2024-2025,Dec,KARNATAKA,Agriculture,"Picking workers (including Tea, Cotton, Tobacco and other commercial crops)
",438.12,297.86
7577,2024-2025,Dec,KARNATAKA,Agriculture,"Horticulture workers (including nursery growers)
",485.38,362.00
7578,2024-2025,Dec,KARNATAKA,Agriculture,"Fishermen-inland
",@,-
7579,2024-2025,Dec,KARNATAKA,Agriculture,"Fishermen-coastal/deep-sea
",@,-
7580,2024-2025,Dec,KARNATAKA,Agriculture,"Loggers and wood cutters
",539.41,-
7581,2024-2025,Dec,KARNATAKA,Agriculture,"Animal husbandry workers (including poultry workers, dairy workers & herdsman)
",427.00,344.29
7582,2024-2025,Dec,KARNATAKA,Agriculture,"Packaging labourers, agriculture
",461.67,@
7583,2024-2025,Dec,KARNATAKA,Agriculture,"General agricultural labourers (including watering/irrigation workers, etc.)
",461.48,331.00
7584,2024-2025,Dec,KARNATAKA,Agriculture,"Plant protection workers (applying pesticides, treating seeds, etc.
",438.46,-
7585,2024-2025,Dec,KERALA,Agriculture,"Ploughing/Tilling workers",929.37,@
7586,2024-2025,Dec,KERALA,Agriculture,"Sowing(including Planting/Transplanting/ Weeding) workers)
",939.63,656.54
7587,2024-2025,Dec,KERALA,Agriculture,"Harvesting/Winnowing/Threshing workers
",806.00,668.75
7588,2024-2025,Dec,KERALA,Agriculture,"Picking workers (including Tea, Cotton, Tobacco and other commercial crops)
",-,@
7589,2024-2025,Dec,KERALA,Agriculture,"Horticulture workers (including nursery growers)
",@,@
7590,2024-2025,Dec,KERALA,Agriculture,"Fishermen-inland
",-,-
7591,2024-2025,Dec,KERALA,Agriculture,"Fishermen-coastal/deep-sea
",-,-
7592,2024-2025,Dec,KERALA,Agriculture,"Loggers and wood cutters
",1124.40,-
7593,2024-2025,Dec,KERALA,Agriculture,"Animal husbandry workers (including poultry workers, dairy workers & herdsman)
",669.25,-
7594,2024-2025,Dec,KERALA,Agriculture,"Packaging labourers, agriculture
",-,-
7595,2024-2025,Dec,KERALA,Agriculture,"General agricultural labourers (including watering/irrigation workers, etc.)
",873.21,627.50
7596,2024-2025,Dec,KERALA,Agriculture,"Plant protection workers (applying pesticides, treating seeds, etc.
",736.00,-
7597,2025-2026,Dec,KERALA,Agriculture,"Ploughing/Tilling workers",1033.33,-
7598,2025-2026,Dec,KERALA,Agriculture,"Sowing(including Planting/Transplanting/ Weeding) workers)
",871.15,645.83
7599,2025-2026,Dec,KERALA,Agriculture,"Harvesting/Winnowing/Threshing workers
",870.98,723.27
7600,2025-2026,Dec,KERALA,Agriculture,"Picking workers (including Tea, Cotton, Tobacco and other commercial crops)
",-,@
7601,2025-2026,Dec,KERALA,Agriculture,"Horticulture workers (including nursery growers)
",775,@
7602,2025-2026,Dec,KERALA,Agriculture,"Fishermen-inland
",-,-
7603,2025-2026,Dec,KERALA,Agriculture,"Fishermen-coastal/deep-sea
",-,-
7604,2025-2026,Dec,KERALA,Agriculture,"Loggers and wood cutters
",1055.56,-
7605,2025-2026,Dec,KERALA,Agriculture,"Animal husbandry workers (including poultry workers, dairy workers & herdsman)
",695.83,-
7606,2025-2026,Dec,KERALA,Agriculture,"Packaging labourers, agriculture
",902.5,693.75
7607,2025-2026,Dec,KERALA,Agriculture,"General agricultural labourers (including watering/irrigation workers, etc.)
",862.8099999999999,677.27
7608,2025-2026,Dec,KERALA,Agriculture,"Plant protection workers (applying pesticides, treating seeds, etc.
",841.76,@
7609,2025-2026,Dec,"MADHYA PRADESH",Agriculture,"Ploughing/Tilling workers",375.83,300
7610,2025-2026,Dec,"MADHYA PRADESH",Agriculture,"Sowing(including Planting/Transplanting/ Weeding) workers)
",361.45,303.64
7611,2025-2026,Dec,"MADHYA PRADESH",Agriculture,"Harvesting/Winnowing/Threshing workers
",358.21,306.67
7612,2025-2026,Dec,"MADHYA PRADESH",Agriculture,"Picking workers (including Tea, Cotton, Tobacco and other commercial crops)
",392.08,351.04
7613,2025-2026,Dec,"MADHYA PRADESH",Agriculture,"Horticulture workers (including nursery growers)
",300,285.71
7614,2025-2026,Dec,"MADHYA PRADESH",Agriculture,"Fishermen-inland
",-,-
7615,2025-2026,Dec,"MADHYA PRADESH",Agriculture,"Fishermen-coastal/deep-sea
",-,-
7616,2025-2026,Dec,"MADHYA PRADESH",Agriculture,"Loggers and wood cutters
",416.02,290
7617,2025-2026,Dec,"MADHYA PRADESH",Agriculture,"Animal husbandry workers (including poultry workers, dairy workers & herdsman)
",270.36,242.22
7618,2025-2026,Dec,"MADHYA PRADESH",Agriculture,"Packaging labourers, agriculture
",@,@
7619,2025-2026,Dec,"MADHYA PRADESH",Agriculture,"General agricultural labourers (including watering/irrigation workers, etc.)
",332.1,288.33
7620,2025-2026,Dec,"MADHYA PRADESH",Agriculture,"Plant protection workers (applying pesticides, treating seeds, etc.
",374.47,@
7621,2024-2025,Dec,"MADHYA PRADESH",Agriculture,"Ploughing/Tilling workers",309.26,244.29
7622,2024-2025,Dec,"MADHYA PRADESH",Agriculture,"Sowing(including Planting/Transplanting/ Weeding) workers)
",282.80,254.44
7623,2024-2025,Dec,"MADHYA PRADESH",Agriculture,"Harvesting/Winnowing/Threshing workers
",293.64,258.77
7624,2024-2025,Dec,"MADHYA PRADESH",Agriculture,"Picking workers (including Tea, Cotton, Tobacco and other commercial crops)
",281.82,256.36
7625,2024-2025,Dec,"MADHYA PRADESH",Agriculture,"Horticulture workers (including nursery growers)
",255.00,227.00
7626,2024-2025,Dec,"MADHYA PRADESH",Agriculture,"Fishermen-inland
",@,-
7627,2024-2025,Dec,"MADHYA PRADESH",Agriculture,"Fishermen-coastal/deep-sea
",-,-
7628,2024-2025,Dec,"MADHYA PRADESH",Agriculture,"Loggers and wood cutters
",263.81,@
7629,2024-2025,Dec,"MADHYA PRADESH",Agriculture,"Animal husbandry workers (including poultry workers, dairy workers & herdsman)
",230.48,202.50
7630,2024-2025,Dec,"MADHYA PRADESH",Agriculture,"Packaging labourers, agriculture
",225.88,211.25
7631,2024-2025,Dec,"MADHYA PRADESH",Agriculture,"General agricultural labourers (including watering/irrigation workers, etc.)
",258.92,225.32
7632,2024-2025,Dec,"MADHYA PRADESH",Agriculture,"Plant protection workers (applying pesticides, treating seeds, etc.
",280.94,240.00
7633,2024-2025,Dec,MAHARASHTRA,Agriculture,"Ploughing/Tilling workers",426.51,320.00
7634,2024-2025,Dec,MAHARASHTRA,Agriculture,"Sowing(including Planting/Transplanting/ Weeding) workers)
",398.86,292.46
7635,2024-2025,Dec,MAHARASHTRA,Agriculture,"Harvesting/Winnowing/Threshing workers
",408.87,297.94
7636,2024-2025,Dec,MAHARASHTRA,Agriculture,"Picking workers (including Tea, Cotton, Tobacco and other commercial crops)
",339.29,284.92
7637,2024-2025,Dec,MAHARASHTRA,Agriculture,"Horticulture workers (including nursery growers)
",401.67,289.17
7638,2024-2025,Dec,MAHARASHTRA,Agriculture,"Fishermen-inland
",@,-
7639,2024-2025,Dec,MAHARASHTRA,Agriculture,"Fishermen-coastal/deep-sea
",@,@
7640,2024-2025,Dec,MAHARASHTRA,Agriculture,"Loggers and wood cutters
",465.63,370.67
7641,2024-2025,Dec,MAHARASHTRA,Agriculture,"Animal husbandry workers (including poultry workers, dairy workers & herdsman)
",322.36,285.56
7642,2024-2025,Dec,MAHARASHTRA,Agriculture,"Packaging labourers, agriculture
",345.00,257.14
7643,2024-2025,Dec,MAHARASHTRA,Agriculture,"General agricultural labourers (including watering/irrigation workers, etc.)
",349.78,244.84
7644,2024-2025,Dec,MAHARASHTRA,Agriculture,"Plant protection workers (applying pesticides, treating seeds, etc.
",391.54,267.14
7645,2025-2026,Dec,MAHARASHTRA,Agriculture,"Ploughing/Tilling workers",427.91,@
7646,2025-2026,Dec,MAHARASHTRA,Agriculture,"Sowing(including Planting/Transplanting/ Weeding) workers)
",402.79,307.62
7647,2025-2026,Dec,MAHARASHTRA,Agriculture,"Harvesting/Winnowing/Threshing workers
",421.62,321.62
7648,2025-2026,Dec,MAHARASHTRA,Agriculture,"Picking workers (including Tea, Cotton, Tobacco and other commercial crops)
",352.94,300
7649,2025-2026,Dec,MAHARASHTRA,Agriculture,"Horticulture workers (including nursery growers)
",443.95,323.49
7650,2025-2026,Dec,MAHARASHTRA,Agriculture,"Fishermen-inland
",514.29,@
7651,2025-2026,Dec,MAHARASHTRA,Agriculture,"Fishermen-coastal/deep-sea
",-,-
7652,2025-2026,Dec,MAHARASHTRA,Agriculture,"Loggers and wood cutters
",499.88,@
7653,2025-2026,Dec,MAHARASHTRA,Agriculture,"Animal husbandry workers (including poultry workers, dairy workers & herdsman)
",328.15,304.17
7654,2025-2026,Dec,MAHARASHTRA,Agriculture,"Packaging labourers, agriculture
",386.36,310
7655,2025-2026,Dec,MAHARASHTRA,Agriculture,"General agricultural labourers (including watering/irrigation workers, etc.)
",369.53,256.84
7656,2025-2026,Dec,MAHARASHTRA,Agriculture,"Plant protection workers (applying pesticides, treating seeds, etc.
",460.39,344
7657,2025-2026,Dec,"MANIPUR
",Agriculture,"Ploughing/Tilling workers",636,@
7658,2025-2026,Dec,"MANIPUR
",Agriculture,"Sowing(including Planting/Transplanting/ Weeding) workers)
",635,525
7659,2025-2026,Dec,"MANIPUR
",Agriculture,"Harvesting/Winnowing/Threshing workers
",630,525
7660,2025-2026,Dec,"MANIPUR
",Agriculture,"Picking workers (including Tea, Cotton, Tobacco and other commercial crops)
",425,395
7661,2025-2026,Dec,"MANIPUR
",Agriculture,"Horticulture workers (including nursery growers)
",425,395
7662,2025-2026,Dec,"MANIPUR
",Agriculture,"Fishermen-inland
",390,360
7663,2025-2026,Dec,"MANIPUR
",Agriculture,"Fishermen-coastal/deep-sea
",-,-
7664,2025-2026,Dec,"MANIPUR
",Agriculture,"Loggers and wood cutters
",490,-
7665,2025-2026,Dec,"MANIPUR
",Agriculture,"Packaging labourers, agriculture
",-,-
7666,2025-2026,Dec,"MANIPUR
",Agriculture,"General agricultural labourers (including watering/irrigation workers, etc.)
",-,-
7667,2025-2026,Dec,"MANIPUR
",Agriculture,"Plant protection workers (applying pesticides, treating seeds, etc.
",650,650
7668,2024-2025,Dec,"MANIPUR
",Agriculture,"Ploughing/Tilling workers",351.43,-
7669,2024-2025,Dec,"MANIPUR
",Agriculture,"Sowing(including Planting/Transplanting/ Weeding) workers)
",333.89,309.38
7670,2024-2025,Dec,"MANIPUR
",Agriculture,"Harvesting/Winnowing/Threshing workers
",324.29,315.71
7671,2024-2025,Dec,"MANIPUR
",Agriculture,"Picking workers (including Tea, Cotton, Tobacco and other commercial crops)
",-,-
7672,2024-2025,Dec,"MANIPUR
",Agriculture,"Horticulture workers (including nursery growers)
",@,@
7673,2024-2025,Dec,"MANIPUR
",Agriculture,"Fishermen-inland
",-,-
7674,2024-2025,Dec,"MANIPUR
",Agriculture,"Fishermen-coastal/deep-sea
",-,-
7675,2024-2025,Dec,"MANIPUR
",Agriculture,"Loggers and wood cutters
",@,-
7676,2024-2025,Dec,"MANIPUR
",Agriculture,"Animal husbandry workers (including poultry workers, dairy workers & herdsman)
",330.00,-
7677,2024-2025,Dec,"MANIPUR
",Agriculture,"Packaging labourers, agriculture
",@,-
7678,2024-2025,Dec,"MANIPUR
",Agriculture,"General agricultural labourers (including watering/irrigation workers, etc.)
",@,-
7679,2024-2025,Dec,"MANIPUR
",Agriculture,"Plant protection workers (applying pesticides, treating seeds, etc.
",@,-
7680,2025-2026,Dec,"MANIPUR
",Agriculture,"Animal husbandry workers (including poultry workers, dairy workers & herdsman)
",425.00,415.00
7681,2025-2026,Dec,"MEGHALAYA
",Agriculture,"Animal husbandry workers (including poultry workers, dairy workers & herdsman)
",@,@
7682,2025-2026,Dec,"MEGHALAYA
",Agriculture,"Ploughing/Tilling workers",411.43,@
7683,2025-2026,Dec,"MEGHALAYA
",Agriculture,"Sowing(including Planting/Transplanting/ Weeding) workers)
",473.57,316.43
7684,2025-2026,Dec,"MEGHALAYA
",Agriculture,"Harvesting/Winnowing/Threshing workers
",481.75,307.32
7685,2025-2026,Dec,"MEGHALAYA
",Agriculture,"Picking workers (including Tea, Cotton, Tobacco and other commercial crops)
",-,-
7686,2025-2026,Dec,"MEGHALAYA
",Agriculture,"Horticulture workers (including nursery growers)
",@,@
7687,2025-2026,Dec,"MEGHALAYA
",Agriculture,"Fishermen-inland
",-,-
7688,2025-2026,Dec,"MEGHALAYA
",Agriculture,"Fishermen-coastal/deep-sea
",-,-
7689,2025-2026,Dec,"MEGHALAYA
",Agriculture,"Loggers and wood cutters
",434.9,@
7690,2025-2026,Dec,"MEGHALAYA
",Agriculture,"Packaging labourers, agriculture
",-,-
7691,2025-2026,Dec,"MEGHALAYA
",Agriculture,"General agricultural labourers (including watering/irrigation workers, etc.)
",@,@
7692,2025-2026,Dec,"MEGHALAYA
",Agriculture,"Plant protection workers (applying pesticides, treating seeds, etc.
",-,-
7693,2024-2025,Dec,"MEGHALAYA
",Agriculture,"Ploughing/Tilling workers",374.29,204.00
7694,2024-2025,Dec,"MEGHALAYA
",Agriculture,"Sowing(including Planting/Transplanting/ Weeding) workers)
",343.50,210.75
7695,2024-2025,Dec,"MEGHALAYA
",Agriculture,"Harvesting/Winnowing/Threshing workers
",353.88,204.88
7696,2024-2025,Dec,"MEGHALAYA
",Agriculture,"Picking workers (including Tea, Cotton, Tobacco and other commercial crops)
",@,@
7697,2024-2025,Dec,"MEGHALAYA
",Agriculture,"Horticulture workers (including nursery growers)
",@,@
7698,2024-2025,Dec,"MEGHALAYA
",Agriculture,"Fishermen-inland
",-,-
7699,2024-2025,Dec,"MEGHALAYA
",Agriculture,"Fishermen-coastal/deep-sea
",-,-
7700,2024-2025,Dec,"MEGHALAYA
",Agriculture,"Loggers and wood cutters
",@,-
7701,2024-2025,Dec,"MEGHALAYA
",Agriculture,"Animal husbandry workers (including poultry workers, dairy workers & herdsman)
",313.88,@
7702,2024-2025,Dec,"MEGHALAYA
",Agriculture,"Packaging labourers, agriculture
",@,-
7703,2024-2025,Dec,"MEGHALAYA
",Agriculture,"General agricultural labourers (including watering/irrigation workers, etc.)
",335.17,203.17
7704,2024-2025,Dec,"MEGHALAYA
",Agriculture,"Plant protection workers (applying pesticides, treating seeds, etc.
",-,-
7705,2024-2025,Dec,"ODISHA
",Agriculture,"Ploughing/Tilling workers",382.95,317.62
7706,2024-2025,Dec,"ODISHA
",Agriculture,"Sowing(including Planting/Transplanting/ Weeding) workers)
",385.27,332.76
7707,2024-2025,Dec,"ODISHA
",Agriculture,"Harvesting/Winnowing/Threshing workers
",385.06,337.50
7708,2024-2025,Dec,"ODISHA
",Agriculture,"Picking workers (including Tea, Cotton, Tobacco and other commercial crops)
",282.00,@
7709,2024-2025,Dec,"ODISHA
",Agriculture,"Horticulture workers (including nursery growers)
",@,@
7710,2024-2025,Dec,"ODISHA
",Agriculture,"Fishermen-inland
",250.00,-
7711,2024-2025,Dec,"ODISHA
",Agriculture,"Fishermen-coastal/deep-sea
",@,-
7712,2024-2025,Dec,"ODISHA
",Agriculture,"Loggers and wood cutters
",326.19,-
7713,2024-2025,Dec,"ODISHA
",Agriculture,"Animal husbandry workers (including poultry workers, dairy workers & herdsman)
",268.00,198.75
7714,2024-2025,Dec,"ODISHA
",Agriculture,"Packaging labourers, agriculture
",@,-
7715,2024-2025,Dec,"ODISHA
",Agriculture,"General agricultural labourers (including watering/irrigation workers, etc.)
",381.95,328.92
7716,2024-2025,Dec,"ODISHA
",Agriculture,"Plant protection workers (applying pesticides, treating seeds, etc.
",285.56,@
7717,2025-2026,Dec,"ODISHA
",Agriculture,"Animal husbandry workers (including poultry workers, dairy workers & herdsman)
",348.89,307.00
7718,2025-2026,Dec,"ODISHA
",Agriculture,"Ploughing/Tilling workers",513.25,-
7719,2025-2026,Dec,"ODISHA
",Agriculture,"Sowing(including Planting/Transplanting/ Weeding) workers)
",478.76,400.08
7720,2025-2026,Dec,"ODISHA
",Agriculture,"Harvesting/Winnowing/Threshing workers
",408.33,330.95
7721,2025-2026,Dec,"ODISHA
",Agriculture,"Picking workers (including Tea, Cotton, Tobacco and other commercial crops)
",-,-
7722,2025-2026,Dec,"ODISHA
",Agriculture,"Horticulture workers (including nursery growers)
",369.8,300.48
7723,2025-2026,Dec,"ODISHA
",Agriculture,"Fishermen-inland
",384.38,-
7724,2025-2026,Dec,"ODISHA
",Agriculture,"Fishermen-coastal/deep-sea
",-,-
7725,2025-2026,Dec,"ODISHA
",Agriculture,"Loggers and wood cutters
",498.51,-
7726,2025-2026,Dec,"ODISHA
",Agriculture,"Packaging labourers, agriculture
",332.35,@
7727,2025-2026,Dec,"ODISHA
",Agriculture,"General agricultural labourers (including watering/irrigation workers, etc.)
",416.78,395.33
7728,2025-2026,Dec,"ODISHA
",Agriculture,"Plant protection workers (applying pesticides, treating seeds, etc.
",406.67,-
7729,2025-2026,Dec,"PUNJAB
",Agriculture,"Ploughing/Tilling workers",475.45,@
7730,2025-2026,Dec,"PUNJAB
",Agriculture,"Sowing(including Planting/Transplanting/ Weeding) workers)
",473.64,420
7731,2025-2026,Dec,"PUNJAB
",Agriculture,"Harvesting/Winnowing/Threshing workers
",484.44,420
7732,2025-2026,Dec,"PUNJAB
",Agriculture,"Picking workers (including Tea, Cotton, Tobacco and other commercial crops)
",430,@
7733,2025-2026,Dec,"PUNJAB
",Agriculture,"Horticulture workers (including nursery growers)
",@,-
7734,2025-2026,Dec,"PUNJAB
",Agriculture,"Fishermen-inland
",-,-
7735,2025-2026,Dec,"PUNJAB
",Agriculture,"Fishermen-coastal/deep-sea
",-,-
7736,2025-2026,Dec,"PUNJAB
",Agriculture,"Loggers and wood cutters
",@,-
7737,2025-2026,Dec,"PUNJAB
",Agriculture,"Packaging labourers, agriculture
",450,-
7738,2025-2026,Dec,"PUNJAB
",Agriculture,"General agricultural labourers (including watering/irrigation workers, etc.)
",453.33,@
7739,2025-2026,Dec,"PUNJAB
",Agriculture,"Plant protection workers (applying pesticides, treating seeds, etc.
",475.79,-
7740,2024-2025,Dec,"PUNJAB
",Agriculture,"Ploughing/Tilling workers",449.56,@
7741,2024-2025,Dec,"PUNJAB
",Agriculture,"Sowing(including Planting/Transplanting/ Weeding) workers)
",428.50,373.67
7742,2024-2025,Dec,"PUNJAB
",Agriculture,"Harvesting/Winnowing/Threshing workers
",442.91,@
7743,2024-2025,Dec,"PUNJAB
",Agriculture,"Picking workers (including Tea, Cotton, Tobacco and other commercial crops)
",394.00,@
7744,2024-2025,Dec,"PUNJAB
",Agriculture,"Horticulture workers (including nursery growers)
",@,-
7745,2024-2025,Dec,"PUNJAB
",Agriculture,"Fishermen-inland
",-,-
7746,2024-2025,Dec,"PUNJAB
",Agriculture,"Fishermen-coastal/deep-sea
",-,-
7747,2024-2025,Dec,"PUNJAB
",Agriculture,"Loggers and wood cutters
",@,-
7748,2024-2025,Dec,"PUNJAB
",Agriculture,"Animal husbandry workers (including poultry workers, dairy workers & herdsman)
",357.61,@
7749,2024-2025,Dec,"PUNJAB
",Agriculture,"Packaging labourers, agriculture
",403.33,@
7750,2024-2025,Dec,"PUNJAB
",Agriculture,"General agricultural labourers (including watering/irrigation workers, etc.)
",422.67,-
7751,2024-2025,Dec,"PUNJAB
",Agriculture,"Plant protection workers (applying pesticides, treating seeds, etc.
",414.29,-
7752,2025-2026,Dec,"PUNJAB
",Agriculture,"Animal husbandry workers (including poultry workers, dairy workers & herdsman)
",398.15,@
7753,2025-2026,Dec,RAJASTHAN,Agriculture,"Animal husbandry workers (including poultry workers, dairy workers & herdsman)
",410.77,@
7754,2025-2026,Dec,RAJASTHAN,Agriculture,"Ploughing/Tilling workers",537.5,412.86
7755,2025-2026,Dec,RAJASTHAN,Agriculture,"Sowing(including Planting/Transplanting/ Weeding) workers)
",465.81,378.4
7756,2025-2026,Dec,RAJASTHAN,Agriculture,"Harvesting/Winnowing/Threshing workers
",473.54,427.71
7757,2025-2026,Dec,RAJASTHAN,Agriculture,"Picking workers (including Tea, Cotton, Tobacco and other commercial crops)
",427.27,402.5
7758,2025-2026,Dec,RAJASTHAN,Agriculture,"Horticulture workers (including nursery growers)
",426,@
7759,2025-2026,Dec,RAJASTHAN,Agriculture,"Fishermen-inland
",-,-
7760,2025-2026,Dec,RAJASTHAN,Agriculture,"Fishermen-coastal/deep-sea
",-,-
7761,2025-2026,Dec,RAJASTHAN,Agriculture,"Loggers and wood cutters
",505.79,-
7762,2025-2026,Dec,RAJASTHAN,Agriculture,"Packaging labourers, agriculture
",397.86,420
7763,2025-2026,Dec,RAJASTHAN,Agriculture,"General agricultural labourers (including watering/irrigation workers, etc.)
",439.62,368.18
7764,2025-2026,Dec,RAJASTHAN,Agriculture,"Plant protection workers (applying pesticides, treating seeds, etc.
",476,-
7765,2024-2025,Dec,RAJASTHAN,Agriculture,"Ploughing/Tilling workers",405.00,@
7766,2024-2025,Dec,RAJASTHAN,Agriculture,"Sowing(including Planting/Transplanting/ Weeding) workers)
",416.43,378.89
7767,2024-2025,Dec,RAJASTHAN,Agriculture,"Harvesting/Winnowing/Threshing workers
",470.77,435.00
7768,2024-2025,Dec,RAJASTHAN,Agriculture,"Picking workers (including Tea, Cotton, Tobacco and other commercial crops)
",@,@
7769,2024-2025,Dec,RAJASTHAN,Agriculture,"Horticulture workers (including nursery growers)
",@,-
7770,2024-2025,Dec,RAJASTHAN,Agriculture,"Fishermen-inland
",-,-
7771,2024-2025,Dec,RAJASTHAN,Agriculture,"Fishermen-coastal/deep-sea
",-,-
7772,2024-2025,Dec,RAJASTHAN,Agriculture,"Loggers and wood cutters
",400.00,-
7773,2024-2025,Dec,RAJASTHAN,Agriculture,"Animal husbandry workers (including poultry workers, dairy workers & herdsman)
",@,@
7774,2024-2025,Dec,RAJASTHAN,Agriculture,"Packaging labourers, agriculture
",@,@
7775,2024-2025,Dec,RAJASTHAN,Agriculture,"General agricultural labourers (including watering/irrigation workers, etc.)
",410.62,365.38
7776,2024-2025,Dec,RAJASTHAN,Agriculture,"Plant protection workers (applying pesticides, treating seeds, etc.
",415.56,@
7777,2024-2025,Dec,"TAMIL NADU",Agriculture,"Ploughing/Tilling workers",706.08,@
7778,2024-2025,Dec,"TAMIL NADU",Agriculture,"Sowing(including Planting/Transplanting/ Weeding) workers)
",590.71,397.88
7779,2024-2025,Dec,"TAMIL NADU",Agriculture,"Harvesting/Winnowing/Threshing workers
",585.28,396.14
7780,2024-2025,Dec,"TAMIL NADU",Agriculture,"Picking workers (including Tea, Cotton, Tobacco and other commercial crops)
",@,339.05
7781,2024-2025,Dec,"TAMIL NADU",Agriculture,"Horticulture workers (including nursery growers)
",@,@
7782,2024-2025,Dec,"TAMIL NADU",Agriculture,"Fishermen-inland
",-,-
7783,2024-2025,Dec,"TAMIL NADU",Agriculture,"Fishermen-coastal/deep-sea
",-,-
7784,2024-2025,Dec,"TAMIL NADU",Agriculture,"Loggers and wood cutters
",636.15,@
7785,2024-2025,Dec,"TAMIL NADU",Agriculture,"Animal husbandry workers (including poultry workers, dairy workers & herdsman)
",688.48,@
7786,2024-2025,Dec,"TAMIL NADU",Agriculture,"Packaging labourers, agriculture
",@,@
7787,2024-2025,Dec,"TAMIL NADU",Agriculture,"General agricultural labourers (including watering/irrigation workers, etc.)
",582.80,372.37
7788,2024-2025,Dec,"TAMIL NADU",Agriculture,"Plant protection workers (applying pesticides, treating seeds, etc.
",703.19,@
7789,2025-2026,Dec,"TAMIL NADU",Agriculture,"Animal husbandry workers (including poultry workers, dairy workers & herdsman)
",603.90,361.90
7790,2025-2026,Dec,"TAMIL NADU",Agriculture,"Ploughing/Tilling workers",753.89,@
7791,2025-2026,Dec,"TAMIL NADU",Agriculture,"Sowing(including Planting/Transplanting/ Weeding) workers)
",715.21,453.89
7792,2025-2026,Dec,"TAMIL NADU",Agriculture,"Harvesting/Winnowing/Threshing workers
",655.73,430.56
7793,2025-2026,Dec,"TAMIL NADU",Agriculture,"Picking workers (including Tea, Cotton, Tobacco and other commercial crops)
",@,520.71
7794,2025-2026,Dec,"TAMIL NADU",Agriculture,"Horticulture workers (including nursery growers)
",@,393.89
7795,2025-2026,Dec,"TAMIL NADU",Agriculture,"Fishermen-inland
",@,-
7796,2025-2026,Dec,"TAMIL NADU",Agriculture,"Fishermen-coastal/deep-sea
",-,-
7797,2025-2026,Dec,"TAMIL NADU",Agriculture,"Loggers and wood cutters
",733.15,-
7798,2025-2026,Dec,"TAMIL NADU",Agriculture,"Packaging labourers, agriculture
",@,@
7799,2025-2026,Dec,"TAMIL NADU",Agriculture,"General agricultural labourers (including watering/irrigation workers, etc.)
",636.72,381.01
7800,2025-2026,Dec,"TAMIL NADU",Agriculture,"Plant protection workers (applying pesticides, treating seeds, etc.
",899.05,-
7801,2025-2026,Dec,TRIPURA,Agriculture,"Ploughing/Tilling workers",520,-
7802,2025-2026,Dec,TRIPURA,Agriculture,"Sowing(including Planting/Transplanting/ Weeding) workers)
",520,-
7803,2025-2026,Dec,TRIPURA,Agriculture,"Harvesting/Winnowing/Threshing workers
",520,-
7804,2025-2026,Dec,TRIPURA,Agriculture,"Picking workers (including Tea, Cotton, Tobacco and other commercial crops)
",-,-
7805,2025-2026,Dec,TRIPURA,Agriculture,"Horticulture workers (including nursery growers)
",@,-
7806,2025-2026,Dec,TRIPURA,Agriculture,"Fishermen-inland
",-,-
7807,2025-2026,Dec,TRIPURA,Agriculture,"Fishermen-coastal/deep-sea
",-,-
7808,2025-2026,Dec,TRIPURA,Agriculture,"Loggers and wood cutters
",590,-
7809,2025-2026,Dec,TRIPURA,Agriculture,"Packaging labourers, agriculture
",-,-
7810,2025-2026,Dec,TRIPURA,Agriculture,"General agricultural labourers (including watering/irrigation workers, etc.)
",490,-
7811,2025-2026,Dec,TRIPURA,Agriculture,"Plant protection workers (applying pesticides, treating seeds, etc.
",-,-
7812,2024-2025,Dec,TRIPURA,Agriculture,"Ploughing/Tilling workers",420.00,-
7813,2024-2025,Dec,TRIPURA,Agriculture,"Sowing(including Planting/Transplanting/ Weeding) workers)
",420.00,-
7814,2024-2025,Dec,TRIPURA,Agriculture,"Harvesting/Winnowing/Threshing workers
",431.11,-
7815,2024-2025,Dec,TRIPURA,Agriculture,"Picking workers (including Tea, Cotton, Tobacco and other commercial crops)
",-,-
7816,2024-2025,Dec,TRIPURA,Agriculture,"Horticulture workers (including nursery growers)
",-,-
7817,2024-2025,Dec,TRIPURA,Agriculture,"Fishermen-inland
",-,-
7818,2024-2025,Dec,TRIPURA,Agriculture,"Fishermen-coastal/deep-sea
",-,-
7819,2024-2025,Dec,TRIPURA,Agriculture,"Loggers and wood cutters
",502.22,-
7820,2024-2025,Dec,TRIPURA,Agriculture,"Animal husbandry workers (including poultry workers, dairy workers & herdsman)
",320.00,-
7821,2024-2025,Dec,TRIPURA,Agriculture,"Packaging labourers, agriculture
",-,-
7822,2024-2025,Dec,TRIPURA,Agriculture,"General agricultural labourers (including watering/irrigation workers, etc.)
",401.11,-
7823,2024-2025,Dec,TRIPURA,Agriculture,"Plant protection workers (applying pesticides, treating seeds, etc.
",-,-
7824,2025-2026,Dec,TRIPURA,Agriculture,"Animal husbandry workers (including poultry workers, dairy workers & herdsman)
",420.00,-
7825,2025-2026,Dec,"UTTAR PRADESH",Agriculture,"Animal husbandry workers (including poultry workers, dairy workers & herdsman)
",408.50,415.00
7826,2025-2026,Dec,"UTTAR PRADESH",Agriculture,"Ploughing/Tilling workers",442.13,456.36
7827,2025-2026,Dec,"UTTAR PRADESH",Agriculture,"Sowing(including Planting/Transplanting/ Weeding) workers)
",390.07,335.49
7828,2025-2026,Dec,"UTTAR PRADESH",Agriculture,"Harvesting/Winnowing/Threshing workers
",386.49,328.86
7829,2025-2026,Dec,"UTTAR PRADESH",Agriculture,"Picking workers (including Tea, Cotton, Tobacco and other commercial crops)
",340,290
7830,2025-2026,Dec,"UTTAR PRADESH",Agriculture,"Horticulture workers (including nursery growers)
",431.43,359.29
7831,2025-2026,Dec,"UTTAR PRADESH",Agriculture,"Fishermen-inland
",556.67,-
7832,2025-2026,Dec,"UTTAR PRADESH",Agriculture,"Fishermen-coastal/deep-sea
",-,-
7833,2025-2026,Dec,"UTTAR PRADESH",Agriculture,"Loggers and wood cutters
",524.87,-
7834,2025-2026,Dec,"UTTAR PRADESH",Agriculture,"Packaging labourers, agriculture
",421.05,377.5
7835,2025-2026,Dec,"UTTAR PRADESH",Agriculture,"General agricultural labourers (including watering/irrigation workers, etc.)
",398.91,336.14
7836,2025-2026,Dec,"UTTAR PRADESH",Agriculture,"Plant protection workers (applying pesticides, treating seeds, etc.
",494.44,@
7837,2024-2025,Dec,"UTTAR PRADESH",Agriculture,"Ploughing/Tilling workers",365.68,323.18
7838,2024-2025,Dec,"UTTAR PRADESH",Agriculture,"Sowing(including Planting/Transplanting/ Weeding) workers)
",376.32,332.71
7839,2024-2025,Dec,"UTTAR PRADESH",Agriculture,"Harvesting/Winnowing/Threshing workers
",387.77,346.84
7840,2024-2025,Dec,"UTTAR PRADESH",Agriculture,"Picking workers (including Tea, Cotton, Tobacco and other commercial crops)
",340.00,304.17
7841,2024-2025,Dec,"UTTAR PRADESH",Agriculture,"Horticulture workers (including nursery growers)
",@,@
7842,2024-2025,Dec,"UTTAR PRADESH",Agriculture,"Fishermen-inland
",-,-
7843,2024-2025,Dec,"UTTAR PRADESH",Agriculture,"Fishermen-coastal/deep-sea
",-,-
7844,2024-2025,Dec,"UTTAR PRADESH",Agriculture,"Loggers and wood cutters
",407.06,@
7845,2024-2025,Dec,"UTTAR PRADESH",Agriculture,"Animal husbandry workers (including poultry workers, dairy workers & herdsman)
",331.67,@
7846,2024-2025,Dec,"UTTAR PRADESH",Agriculture,"Packaging labourers, agriculture
",330.00,304.00
7847,2024-2025,Dec,"UTTAR PRADESH",Agriculture,"General agricultural labourers (including watering/irrigation workers, etc.)
",359.39,303.60
7848,2024-2025,Dec,"UTTAR PRADESH",Agriculture,"Plant protection workers (applying pesticides, treating seeds, etc.
",400.62,@
7849,2024-2025,Dec,"WEST BENGAL",Agriculture,"Ploughing/Tilling workers",441.75,@
7850,2024-2025,Dec,"WEST BENGAL",Agriculture,"Sowing(including Planting/Transplanting/ Weeding) workers)
",352.08,306.04
7851,2024-2025,Dec,"WEST BENGAL",Agriculture,"Harvesting/Winnowing/Threshing workers
",349.57,302.55
7852,2024-2025,Dec,"WEST BENGAL",Agriculture,"Picking workers (including Tea, Cotton, Tobacco and other commercial crops)
",-,@
7853,2024-2025,Dec,"WEST BENGAL",Agriculture,"Horticulture workers (including nursery growers)
",388.67,397.33
7854,2024-2025,Dec,"WEST BENGAL",Agriculture,"Fishermen-inland
",556.46,-
7855,2024-2025,Dec,"WEST BENGAL",Agriculture,"Fishermen-coastal/deep-sea
",@,-
7856,2024-2025,Dec,"WEST BENGAL",Agriculture,"Loggers and wood cutters
",483.84,-
7857,2024-2025,Dec,"WEST BENGAL",Agriculture,"Animal husbandry workers (including poultry workers, dairy workers & herdsman)
",309.73,274.44
7858,2024-2025,Dec,"WEST BENGAL",Agriculture,"Packaging labourers, agriculture
",406.90,@
7859,2024-2025,Dec,"WEST BENGAL",Agriculture,"General agricultural labourers (including watering/irrigation workers, etc.)
",350.70,327.27
7860,2024-2025,Dec,"WEST BENGAL",Agriculture,"Plant protection workers (applying pesticides, treating seeds, etc.
",439.86,275.12
7861,2025-2026,Dec,"WEST BENGAL",Agriculture,"Animal husbandry workers (including poultry workers, dairy workers & herdsman)
",370.87,@
7862,2025-2026,Dec,"WEST BENGAL",Agriculture,"Ploughing/Tilling workers",456.38,347.52
7863,2025-2026,Dec,"WEST BENGAL",Agriculture,"Sowing(including Planting/Transplanting/ Weeding) workers)
",402.25,366.24
7864,2025-2026,Dec,"WEST BENGAL",Agriculture,"Harvesting/Winnowing/Threshing workers
",417.99,378.33
7865,2025-2026,Dec,"WEST BENGAL",Agriculture,"Picking workers (including Tea, Cotton, Tobacco and other commercial crops)
",340.95,@
7866,2025-2026,Dec,"WEST BENGAL",Agriculture,"Horticulture workers (including nursery growers)
",379.31,309.71
7867,2025-2026,Dec,"WEST BENGAL",Agriculture,"Fishermen-inland
",596.85,-
7868,2025-2026,Dec,"WEST BENGAL",Agriculture,"Fishermen-coastal/deep-sea
",-,-
7869,2025-2026,Dec,"WEST BENGAL",Agriculture,"Loggers and wood cutters
",523.17,-
7870,2025-2026,Dec,"WEST BENGAL",Agriculture,"Packaging labourers, agriculture
",413.51,327.62
7871,2025-2026,Dec,"WEST BENGAL",Agriculture,"General agricultural labourers (including watering/irrigation workers, etc.)
",420.69,351.5
7872,2025-2026,Dec,"WEST BENGAL",Agriculture,"Plant protection workers (applying pesticides, treating seeds, etc.
",478.18,304.49
7873,2025-2026,Dec,"Andaman and Nicobar Islands",Agriculture,"Ploughing/Tilling workers",680,680
7874,2025-2026,Dec,"Andaman and Nicobar Islands",Agriculture,"Sowing(including Planting/Transplanting/ Weeding) workers)
",800,800
7875,2025-2026,Dec,"Andaman and Nicobar Islands",Agriculture,"Harvesting/Winnowing/Threshing workers
",840,853.33
7876,2025-2026,Dec,"Andaman and Nicobar Islands",Agriculture,"Picking workers (including Tea, Cotton, Tobacco and other commercial crops)
",-,-
7877,2025-2026,Dec,"Andaman and Nicobar Islands",Agriculture,"Horticulture workers (including nursery growers)
",@,-
7878,2025-2026,Dec,"Andaman and Nicobar Islands",Agriculture,"Fishermen-inland
",-,-
7879,2025-2026,Dec,"Andaman and Nicobar Islands",Agriculture,"Fishermen-coastal/deep-sea
",822.86,-
7880,2025-2026,Dec,"Andaman and Nicobar Islands",Agriculture,"Loggers and wood cutters
",-,-
7881,2025-2026,Dec,"Andaman and Nicobar Islands",Agriculture,"Animal husbandry workers (including poultry workers, dairy workers & herdsman)
",638.1,-
7882,2025-2026,Dec,"Andaman and Nicobar Islands",Agriculture,"Packaging labourers, agriculture
",-,-
7883,2025-2026,Dec,"Andaman and Nicobar Islands",Agriculture,"General agricultural labourers (including watering/irrigation workers, etc.)
",-,-
7884,2025-2026,Dec,"Andaman and Nicobar Islands",Agriculture,"Plant protection workers (applying pesticides, treating seeds, etc.
",-,-
7885,2025-2026,Dec,"Arunachal Pradesh",Agriculture,"Ploughing/Tilling workers",521.4299999999999,420
7886,2025-2026,Dec,"Arunachal Pradesh",Agriculture,"Sowing(including Planting/Transplanting/ Weeding) workers)
",528.5700000000001,428.57
7887,2025-2026,Dec,"Arunachal Pradesh",Agriculture,"Harvesting/Winnowing/Threshing workers
",500,425
7888,2025-2026,Dec,"Arunachal Pradesh",Agriculture,"Picking workers (including Tea, Cotton, Tobacco and other commercial crops)
",450,356.25
7889,2025-2026,Dec,"Arunachal Pradesh",Agriculture,"Horticulture workers (including nursery growers)
",570,@
7890,2025-2026,Dec,"Arunachal Pradesh",Agriculture,"Fishermen-inland
",-,-
7891,2025-2026,Dec,"Arunachal Pradesh",Agriculture,"Fishermen-coastal/deep-sea
",-,-
7892,2025-2026,Dec,"Arunachal Pradesh",Agriculture,"Loggers and wood cutters
",614.29,-
7893,2025-2026,Dec,"Arunachal Pradesh",Agriculture,"Animal husbandry workers (including poultry workers, dairy workers & herdsman)
",@,@
7894,2025-2026,Dec,"Arunachal Pradesh",Agriculture,"Packaging labourers, agriculture
",@,@
7895,2025-2026,Dec,"Arunachal Pradesh",Agriculture,"General agricultural labourers (including watering/irrigation workers, etc.)
",471.43,@
7896,2025-2026,Dec,"Arunachal Pradesh",Agriculture,"Plant protection workers (applying pesticides, treating seeds, etc.
",514.29,-
7897,2025-2026,Dec,Chhattisgarh,Agriculture,"Ploughing/Tilling workers",361.76,292
7898,2025-2026,Dec,Chhattisgarh,Agriculture,"Sowing(including Planting/Transplanting/ Weeding) workers)
",309.63,244.81
7899,2025-2026,Dec,Chhattisgarh,Agriculture,"Harvesting/Winnowing/Threshing workers
",292.11,232.63
7900,2025-2026,Dec,Chhattisgarh,Agriculture,"Picking workers (including Tea, Cotton, Tobacco and other commercial crops)
",@,@
7901,2025-2026,Dec,Chhattisgarh,Agriculture,"Horticulture workers (including nursery growers)
",264.29,@
7902,2025-2026,Dec,Chhattisgarh,Agriculture,"Fishermen-inland
",@,-
7903,2025-2026,Dec,Chhattisgarh,Agriculture,"Fishermen-coastal/deep-sea
",-,-
7904,2025-2026,Dec,Chhattisgarh,Agriculture,"Loggers and wood cutters
",370,@
7905,2025-2026,Dec,Chhattisgarh,Agriculture,"Animal husbandry workers (including poultry workers, dairy workers & herdsman)
",300.91,225.38
7906,2025-2026,Dec,Chhattisgarh,Agriculture,"Packaging labourers, agriculture
",@,@
7907,2025-2026,Dec,Chhattisgarh,Agriculture,"General agricultural labourers (including watering/irrigation workers, etc.)
",280,228.33
7908,2025-2026,Dec,Chhattisgarh,Agriculture,"Plant protection workers (applying pesticides, treating seeds, etc.
",290.95,220
7909,2025-2026,Dec,"Daman and Diu, Dadra Nagar and Haveli",Agriculture,"Ploughing/Tilling workers",518.33,@
7910,2025-2026,Dec,"Daman and Diu, Dadra Nagar and Haveli",Agriculture,"Sowing(including Planting/Transplanting/ Weeding) workers)
",407.5,435.56
7911,2025-2026,Dec,"Daman and Diu, Dadra Nagar and Haveli",Agriculture,"Harvesting/Winnowing/Threshing workers
",411.33,440
7912,2025-2026,Dec,"Daman and Diu, Dadra Nagar and Haveli",Agriculture,"Picking workers (including Tea, Cotton, Tobacco and other commercial crops)
",-,-
7913,2025-2026,Dec,"Daman and Diu, Dadra Nagar and Haveli",Agriculture,"Horticulture workers (including nursery growers)
",@,-
7914,2025-2026,Dec,"Daman and Diu, Dadra Nagar and Haveli",Agriculture,"Fishermen-inland
",@,-
7915,2025-2026,Dec,"Daman and Diu, Dadra Nagar and Haveli",Agriculture,"Fishermen-coastal/deep-sea
",572,-
7916,2025-2026,Dec,"Daman and Diu, Dadra Nagar and Haveli",Agriculture,"Loggers and wood cutters
",520,-
7917,2025-2026,Dec,"Daman and Diu, Dadra Nagar and Haveli",Agriculture,"Animal husbandry workers (including poultry workers, dairy workers & herdsman)
",@,@
7918,2025-2026,Dec,"Daman and Diu, Dadra Nagar and Haveli",Agriculture,"Packaging labourers, agriculture
",@,@
7919,2025-2026,Dec,"Daman and Diu, Dadra Nagar and Haveli",Agriculture,"General agricultural labourers (including watering/irrigation workers, etc.)
",395.71,@
7920,2025-2026,Dec,"Daman and Diu, Dadra Nagar and Haveli",Agriculture,"Plant protection workers (applying pesticides, treating seeds, etc.
",@,-
7921,2025-2026,Dec,Delhi,Agriculture,"Ploughing/Tilling workers",712.5,-
7922,2025-2026,Dec,Delhi,Agriculture,"Sowing(including Planting/Transplanting/ Weeding) workers)
",525,500
7923,2025-2026,Dec,Delhi,Agriculture,"Harvesting/Winnowing/Threshing workers
",512.5,500
7924,2025-2026,Dec,Delhi,Agriculture,"Picking workers (including Tea, Cotton, Tobacco and other commercial crops)
",-,-
7925,2025-2026,Dec,Delhi,Agriculture,"Horticulture workers (including nursery growers)
",-,-
7926,2025-2026,Dec,Delhi,Agriculture,"Fishermen-inland
",-,-
7927,2025-2026,Dec,Delhi,Agriculture,"Fishermen-coastal/deep-sea
",-,-
7928,2025-2026,Dec,Delhi,Agriculture,"Loggers and wood cutters
",-,-
7929,2025-2026,Dec,Delhi,Agriculture,"Animal husbandry workers (including poultry workers, dairy workers & herdsman)
",-,-
7930,2025-2026,Dec,Delhi,Agriculture,"Packaging labourers, agriculture
",-,-
7931,2025-2026,Dec,Delhi,Agriculture,"General agricultural labourers (including watering/irrigation workers, etc.)
",-,-
7932,2025-2026,Dec,Delhi,Agriculture,"Plant protection workers (applying pesticides, treating seeds, etc.
",-,-
7933,2025-2026,Dec,Goa,Agriculture,"Ploughing/Tilling workers",650,-
7934,2025-2026,Dec,Goa,Agriculture,"Sowing(including Planting/Transplanting/ Weeding) workers)
",-,-
7935,2025-2026,Dec,Goa,Agriculture,"Harvesting/Winnowing/Threshing workers
",812.5,575
7936,2025-2026,Dec,Goa,Agriculture,"Picking workers (including Tea, Cotton, Tobacco and other commercial crops)
",575,387.5
7937,2025-2026,Dec,Goa,Agriculture,"Horticulture workers (including nursery growers)
",-,-
7938,2025-2026,Dec,Goa,Agriculture,"Fishermen-inland
",-,-
7939,2025-2026,Dec,Goa,Agriculture,"Fishermen-coastal/deep-sea
",-,-
7940,2025-2026,Dec,Goa,Agriculture,"Loggers and wood cutters
",-,-
7941,2025-2026,Dec,Goa,Agriculture,"Animal husbandry workers (including poultry workers, dairy workers & herdsman)
",-,-
7942,2025-2026,Dec,Goa,Agriculture,"Packaging labourers, agriculture
",-,-
7943,2025-2026,Dec,Goa,Agriculture,"General agricultural labourers (including watering/irrigation workers, etc.)
",575,400
7944,2025-2026,Dec,Goa,Agriculture,"Plant protection workers (applying pesticides, treating seeds, etc.
",437.5,-
7945,2025-2026,Dec,Jharkhand,Agriculture,"Ploughing/Tilling workers",386.25,@
7946,2025-2026,Dec,Jharkhand,Agriculture,"Sowing(including Planting/Transplanting/ Weeding) workers)
",350.59,323.33
7947,2025-2026,Dec,Jharkhand,Agriculture,"Harvesting/Winnowing/Threshing workers
",341.58,294.29
7948,2025-2026,Dec,Jharkhand,Agriculture,"Picking workers (including Tea, Cotton, Tobacco and other commercial crops)
",-,-
7949,2025-2026,Dec,Jharkhand,Agriculture,"Horticulture workers (including nursery growers)
",@,@
7950,2025-2026,Dec,Jharkhand,Agriculture,"Fishermen-inland
",479,-
7951,2025-2026,Dec,Jharkhand,Agriculture,"Fishermen-coastal/deep-sea
",-,-
7952,2025-2026,Dec,Jharkhand,Agriculture,"Loggers and wood cutters
",394,@
7953,2025-2026,Dec,Jharkhand,Agriculture,"Animal husbandry workers (including poultry workers, dairy workers & herdsman)
",338.89,-
7954,2025-2026,Dec,Jharkhand,Agriculture,"Packaging labourers, agriculture
",@,@
7955,2025-2026,Dec,Jharkhand,Agriculture,"General agricultural labourers (including watering/irrigation workers, etc.)
",317.89,293.53
7956,2025-2026,Dec,Jharkhand,Agriculture,"Plant protection workers (applying pesticides, treating seeds, etc.
",401.52,@
7957,2025-2026,Dec,Lakshadweep,Agriculture,"Ploughing/Tilling workers",@,-
7958,2025-2026,Dec,Lakshadweep,Agriculture,"Sowing(including Planting/Transplanting/ Weeding) workers)
",-,-
7959,2025-2026,Dec,Lakshadweep,Agriculture,"Harvesting/Winnowing/Threshing workers
",870,-
7960,2025-2026,Dec,Lakshadweep,Agriculture,"Picking workers (including Tea, Cotton, Tobacco and other commercial crops)
",-,-
7961,2025-2026,Dec,Lakshadweep,Agriculture,"Horticulture workers (including nursery growers)
",-,-
7962,2025-2026,Dec,Lakshadweep,Agriculture,"Fishermen-inland
",-,-
7963,2025-2026,Dec,Lakshadweep,Agriculture,"Fishermen-coastal/deep-sea
",764,-
7964,2025-2026,Dec,Lakshadweep,Agriculture,"Loggers and wood cutters
",431,-
7965,2025-2026,Dec,Lakshadweep,Agriculture,"Animal husbandry workers (including poultry workers, dairy workers & herdsman)
",550,-
7966,2025-2026,Dec,Lakshadweep,Agriculture,"Packaging labourers, agriculture
",-,-
7967,2025-2026,Dec,Lakshadweep,Agriculture,"General agricultural labourers (including watering/irrigation workers, etc.)
",-,-
7968,2025-2026,Dec,Lakshadweep,Agriculture,"Plant protection workers (applying pesticides, treating seeds, etc.
",-,-
7969,2025-2026,Dec,Mizoram,Agriculture,"Ploughing/Tilling workers",587.5,487.5
7970,2025-2026,Dec,Mizoram,Agriculture,"Sowing(including Planting/Transplanting/ Weeding) workers)
",587.5,487.5
7971,2025-2026,Dec,Mizoram,Agriculture,"Harvesting/Winnowing/Threshing workers
",587.5,487.5
7972,2025-2026,Dec,Mizoram,Agriculture,"Picking workers (including Tea, Cotton, Tobacco and other commercial crops)
",587.5,487.5
7973,2025-2026,Dec,Mizoram,Agriculture,"Horticulture workers (including nursery growers)
",587.5,503.75
7974,2025-2026,Dec,Mizoram,Agriculture,"Fishermen-inland
",587.5,-
7975,2025-2026,Dec,Mizoram,Agriculture,"Fishermen-coastal/deep-sea
",-,-
7976,2025-2026,Dec,Mizoram,Agriculture,"Loggers and wood cutters
",818.75,-
7977,2025-2026,Dec,Mizoram,Agriculture,"Packaging labourers, agriculture
",575,468.75
7978,2025-2026,Dec,Mizoram,Agriculture,"General agricultural labourers (including watering/irrigation workers, etc.)
",587.5,487.5
7979,2025-2026,Dec,Mizoram,Agriculture,"Plant protection workers (applying pesticides, treating seeds, etc.
",587.5,487.5
7980,2025-2026,Dec,Mizoram,Agriculture,"Animal husbandry workers (including poultry workers, dairy workers & herdsman)
",587.50,500.00
7981,2025-2026,Dec,Nagaland,Agriculture,"Animal husbandry workers (including poultry workers, dairy workers & herdsman)
",@,-
7982,2025-2026,Dec,Nagaland,Agriculture,"Ploughing/Tilling workers",495.83,422.92
7983,2025-2026,Dec,Nagaland,Agriculture,"Sowing(including Planting/Transplanting/ Weeding) workers)
",495.83,422.92
7984,2025-2026,Dec,Nagaland,Agriculture,"Harvesting/Winnowing/Threshing workers
",529.76,451.79
7985,2025-2026,Dec,Nagaland,Agriculture,"Picking workers (including Tea, Cotton, Tobacco and other commercial crops)
",@,@
7986,2025-2026,Dec,Nagaland,Agriculture,"Horticulture workers (including nursery growers)
",560.54,483.67
7987,2025-2026,Dec,Nagaland,Agriculture,"Fishermen-inland
",@,-
7988,2025-2026,Dec,Nagaland,Agriculture,"Fishermen-coastal/deep-sea
",-,-
7989,2025-2026,Dec,Nagaland,Agriculture,"Loggers and wood cutters
",937.5,-
7990,2025-2026,Dec,Nagaland,Agriculture,"Packaging labourers, agriculture
",@,@
7991,2025-2026,Dec,Nagaland,Agriculture,"General agricultural labourers (including watering/irrigation workers, etc.)
",@,@
7992,2025-2026,Dec,Nagaland,Agriculture,"Plant protection workers (applying pesticides, treating seeds, etc.
",673.21,-
7993,2025-2026,Dec,Puducerry,Agriculture,"Ploughing/Tilling workers",-,-
7994,2025-2026,Dec,Puducerry,Agriculture,"Sowing(including Planting/Transplanting/ Weeding) workers)
",858.75,448.57
7995,2025-2026,Dec,Puducerry,Agriculture,"Harvesting/Winnowing/Threshing workers
",966.25,492
7996,2025-2026,Dec,Puducerry,Agriculture,"Picking workers (including Tea, Cotton, Tobacco and other commercial crops)
",-,333.33
7997,2025-2026,Dec,Puducerry,Agriculture,"Horticulture workers (including nursery growers)
",-,-
7998,2025-2026,Dec,Puducerry,Agriculture,"Fishermen-inland
",-,-
7999,2025-2026,Dec,Puducerry,Agriculture,"Fishermen-coastal/deep-sea
",-,-
8000,2025-2026,Dec,Puducerry,Agriculture,"Loggers and wood cutters
",906.25,-
8001,2025-2026,Dec,Puducerry,Agriculture,"Packaging labourers, agriculture
",604,302
8002,2025-2026,Dec,Puducerry,Agriculture,"General agricultural labourers (including watering/irrigation workers, etc.)
",691.67,352
8003,2025-2026,Dec,Puducerry,Agriculture,"Plant protection workers (applying pesticides, treating seeds, etc.
",615,@
8004,2025-2026,Dec,Puducerry,Agriculture,"Animal husbandry workers (including poultry workers, dairy workers & herdsman)
",-,-
8005,2025-2026,Dec,Sikkim,Agriculture,"Animal husbandry workers (including poultry workers, dairy workers & herdsman)
",-,-
8006,2025-2026,Dec,Sikkim,Agriculture,"Ploughing/Tilling workers",1544.64,-
8007,2025-2026,Dec,Sikkim,Agriculture,"Sowing(including Planting/Transplanting/ Weeding) workers)
",576.1900000000001,514.29
8008,2025-2026,Dec,Sikkim,Agriculture,"Harvesting/Winnowing/Threshing workers
",478.57,478.57
8009,2025-2026,Dec,Sikkim,Agriculture,"Picking workers (including Tea, Cotton, Tobacco and other commercial crops)
",-,-
8010,2025-2026,Dec,Sikkim,Agriculture,"Horticulture workers (including nursery growers)
",464.76,476.19
8011,2025-2026,Dec,Sikkim,Agriculture,"Fishermen-inland
",-,-
8012,2025-2026,Dec,Sikkim,Agriculture,"Fishermen-coastal/deep-sea
",-,-
8013,2025-2026,Dec,Sikkim,Agriculture,"Loggers and wood cutters
",855.36,-
8014,2025-2026,Dec,Sikkim,Agriculture,"Packaging labourers, agriculture
",-,-
8015,2025-2026,Dec,Sikkim,Agriculture,"General agricultural labourers (including watering/irrigation workers, etc.)
",478.57,@
8016,2025-2026,Dec,Sikkim,Agriculture,"Plant protection workers (applying pesticides, treating seeds, etc.
",-,-
8017,2025-2026,Dec,Telangana,Agriculture,"Ploughing/Tilling workers",671.48,@
8018,2025-2026,Dec,Telangana,Agriculture,"Sowing(including Planting/Transplanting/ Weeding) workers)
",564.55,383.93
8019,2025-2026,Dec,Telangana,Agriculture,"Harvesting/Winnowing/Threshing workers
",626.67,433.53
8020,2025-2026,Dec,Telangana,Agriculture,"Picking workers (including Tea, Cotton, Tobacco and other commercial crops)
",464.44,344.09
8021,2025-2026,Dec,Telangana,Agriculture,"Horticulture workers (including nursery growers)
",@,335.71
8022,2025-2026,Dec,Telangana,Agriculture,"Fishermen-inland
",-,-
8023,2025-2026,Dec,Telangana,Agriculture,"Fishermen-coastal/deep-sea
",-,-
8024,2025-2026,Dec,Telangana,Agriculture,"Loggers and wood cutters
",383.33,-
8025,2025-2026,Dec,Telangana,Agriculture,"Packaging labourers, agriculture
",@,-
8026,2025-2026,Dec,Telangana,Agriculture,"General agricultural labourers (including watering/irrigation workers, etc.)
",416.55,362.61
8027,2025-2026,Dec,Telangana,Agriculture,"Plant protection workers (applying pesticides, treating seeds, etc.
",400,-
8028,2025-2026,Dec,Telangana,Agriculture,"Animal husbandry workers (including poultry workers, dairy workers & herdsman)
",324.21,-
8029,2025-2026,Dec,Uttarakhand,Agriculture,"Animal husbandry workers (including poultry workers, dairy workers & herdsman)
",433.33,@
8030,2025-2026,Dec,Uttarakhand,Agriculture,"Ploughing/Tilling workers",@,@
8031,2025-2026,Dec,Uttarakhand,Agriculture,"Sowing(including Planting/Transplanting/ Weeding) workers)
",542.86,485.71
8032,2025-2026,Dec,Uttarakhand,Agriculture,"Harvesting/Winnowing/Threshing workers
",520,520
8033,2025-2026,Dec,Uttarakhand,Agriculture,"Picking workers (including Tea, Cotton, Tobacco and other commercial crops)
",-,-
8034,2025-2026,Dec,Uttarakhand,Agriculture,"Horticulture workers (including nursery growers)
",@,@
8035,2025-2026,Dec,Uttarakhand,Agriculture,"Fishermen-inland
",-,-
8036,2025-2026,Dec,Uttarakhand,Agriculture,"Fishermen-coastal/deep-sea
",-,-
8037,2025-2026,Dec,Uttarakhand,Agriculture,"Loggers and wood cutters
",606.25,-
8038,2025-2026,Dec,Uttarakhand,Agriculture,"Packaging labourers, agriculture
",@,-
8039,2025-2026,Dec,Uttarakhand,Agriculture,"General agricultural labourers (including watering/irrigation workers, etc.)
",487.5,360
8040,2025-2026,Dec,Uttarakhand,Agriculture,"Plant protection workers (applying pesticides, treating seeds, etc.
",@,-
8041,2025-2026,Dec,"All India",Agriculture,"Ploughing/Tilling workers",538.68,407.01
8042,2025-2026,Dec,"All India",Agriculture,"Sowing(including Planting/Transplanting/ Weeding) workers)
",474.78,386.46
8043,2025-2026,Dec,"All India",Agriculture,"Harvesting/Winnowing/Threshing workers
",484.04,391.49
8044,2025-2026,Dec,"All India",Agriculture,"Picking workers (including Tea, Cotton, Tobacco and other commercial crops)
",437.63,370.72
8045,2025-2026,Dec,"All India",Agriculture,"Horticulture workers (including nursery growers)
",463.12,370.61
8046,2025-2026,Dec,"All India",Agriculture,"Fishermen-inland
",503.32,338.24
8047,2025-2026,Dec,"All India",Agriculture,"Fishermen-coastal/deep-sea
",731.76,-
8048,2025-2026,Dec,"All India",Agriculture,"Loggers and wood cutters
",565.24,342.94
8049,2025-2026,Dec,"All India",Agriculture,"Animal husbandry workers (including poultry workers, dairy workers & herdsman)
",405.25,350.52
8050,2025-2026,Dec,"All India",Agriculture,"Packaging labourers, agriculture
",464.14,393.84
8051,2025-2026,Dec,"All India",Agriculture,"General agricultural labourers (including watering/irrigation workers, etc.)
",451.01,369.73
8052,2025-2026,Dec,"All India",Agriculture,"Plant protection workers (applying pesticides, treating seeds, etc.
",500.95,399.43
8053,2024-2025,Dec,"All India",Agriculture,"Ploughing/Tilling workers",449.05,315.66
8054,2024-2025,Dec,"All India",Agriculture,"Sowing(including Planting/Transplanting/ Weeding) workers)
",412.01,341.54
8055,2024-2025,Dec,"All India",Agriculture,"Harvesting/Winnowing/Threshing workers
",410.39,343.77
8056,2024-2025,Dec,"All India",Agriculture,"Picking workers (including Tea, Cotton, Tobacco and other commercial crops)
",372.56,328.72
8057,2024-2025,Dec,"All India",Agriculture,"Horticulture workers (including nursery growers)
",412.88,317.79
8058,2024-2025,Dec,"All India",Agriculture,"Fishermen-inland
",459.83,@
8059,2024-2025,Dec,"All India",Agriculture,"Fishermen-coastal/deep-sea
",458.00,@
8060,2024-2025,Dec,"All India",Agriculture,"Loggers and wood cutters
",498.15,314.44
8061,2024-2025,Dec,"All India",Agriculture,"Animal husbandry workers (including poultry workers, dairy workers & herdsman)
",328.79,262.57
8062,2024-2025,Dec,"All India",Agriculture,"Packaging labourers, agriculture
",374.89,315.49
8063,2024-2025,Dec,"All India",Agriculture,"General agricultural labourers (including watering/irrigation workers, etc.)
",403.50,320.17
8064,2024-2025,Dec,"All India",Agriculture,"Plant protection workers (applying pesticides, treating seeds, etc.
",447.59,298.17
